/*--------------------------------*- C++ -*----------------------------------*\
  =========                 |
  \\      /  F ield         | OpenFOAM: The Open Source CFD Toolbox
   \\    /   O peration     | Website:  https://openfoam.org
    \\  /    A nd           | Version:  8
     \\/     M anipulation  |
\*---------------------------------------------------------------------------*/
FoamFile
{
    version     2.0;
    format      ascii;
    class       cellSet;
    location    "constant/polyMesh/sets";
    object      addedCells;
}
// * * * * * * * * * * * * * * * * * * * * * * * * * * * * * * * * * * * * * //


58352
(
0 
2 
3 
7 
8 
9 
524298 
10 
11 
524300 
524302 
524304 
18 
524306 
20 
524308 
21 
524310 
22 
23 
524312 
24 
25 
524314 
26 
27 
524316 
524318 
524320 
524322 
39 
41 
43 
44 
45 
46 
47 
393264 
48 
49 
50 
51 
393268 
52 
53 
54 
524343 
524344 
524345 
524346 
73 
76 
78 
80 
81 
524369 
82 
83 
524371 
84 
524373 
85 
86 
524375 
87 
88 
89 
90 
91 
92 
93 
524391 
524393 
524395 
524399 
524402 
524406 
120 
524410 
123 
126 
524414 
128 
130 
131 
132 
524420 
133 
524422 
134 
135 
136 
137 
138 
139 
140 
141 
142 
143 
144 
145 
524460 
524461 
524462 
524468 
184 
185 
188 
524476 
191 
193 
195 
196 
524484 
197 
198 
199 
200 
201 
202 
203 
524492 
204 
205 
206 
207 
208 
209 
210 
211 
524500 
212 
213 
524507 
524511 
524512 
266 
267 
268 
271 
275 
277 
279 
280 
281 
282 
283 
284 
285 
286 
287 
288 
289 
290 
291 
292 
293 
294 
295 
296 
297 
298 
299 
368 
369 
370 
371 
375 
379 
381 
383 
384 
385 
386 
387 
388 
389 
390 
391 
392 
393 
394 
395 
396 
397 
398 
399 
400 
401 
402 
403 
404 
405 
493 
494 
495 
496 
497 
501 
505 
507 
509 
510 
511 
512 
513 
514 
515 
516 
517 
518 
519 
520 
521 
522 
523 
524 
525 
526 
527 
528 
529 
530 
531 
532 
533 
534 
524898 
524905 
524910 
524911 
524912 
644 
645 
646 
647 
648 
649 
653 
658 
660 
662 
663 
664 
665 
666 
667 
668 
669 
524958 
670 
671 
524960 
672 
673 
674 
675 
676 
524965 
677 
678 
679 
680 
681 
682 
683 
684 
685 
686 
687 
688 
689 
690 
691 
525012 
525016 
525021 
262879 
525048 
525049 
525050 
525051 
525052 
525053 
525054 
525055 
525056 
525057 
525058 
525059 
525060 
525061 
525062 
525063 
525064 
525065 
525066 
525067 
525068 
525069 
525070 
525071 
525072 
262928 
525073 
525074 
262930 
525075 
525076 
262932 
525077 
525078 
262934 
525079 
525080 
262936 
525081 
525082 
262938 
525083 
525084 
262940 
525085 
525086 
262942 
525087 
262944 
525088 
525089 
262946 
525090 
525091 
262948 
525092 
525093 
262950 
525094 
525095 
262952 
525096 
525097 
262954 
525098 
525099 
262956 
525100 
525101 
262958 
525102 
525103 
262960 
525104 
525105 
131890 
262962 
525106 
525107 
131891 
525108 
131892 
262964 
131893 
525109 
525110 
131894 
262966 
525111 
525112 
262968 
525113 
826 
525114 
262970 
827 
525115 
828 
525116 
262972 
829 
525117 
830 
525118 
262974 
831 
525119 
832 
525120 
262976 
525121 
525122 
262978 
525123 
525124 
837 
525125 
525126 
525127 
525128 
525129 
842 
525130 
525131 
844 
525132 
525133 
846 
525134 
131918 
847 
525135 
848 
131920 
525136 
849 
525137 
525138 
850 
525139 
131923 
851 
525140 
852 
525141 
853 
525142 
854 
525143 
855 
856 
525144 
525145 
857 
525146 
858 
525147 
859 
860 
525148 
525149 
861 
525150 
862 
863 
525151 
525152 
864 
865 
525153 
866 
525154 
525155 
867 
525156 
868 
869 
525157 
870 
525158 
871 
525159 
872 
525160 
873 
525161 
874 
525162 
525163 
875 
876 
525164 
877 
525166 
878 
525168 
525170 
525172 
525174 
525176 
525178 
525180 
525182 
525184 
525186 
525188 
525190 
525192 
525194 
525196 
525198 
525200 
525202 
132052 
132054 
132055 
132057 
132070 
132071 
132073 
132076 
263151 
263153 
263155 
263156 
1041 
1042 
1043 
1044 
1045 
1046 
1047 
1049 
394266 
1054 
1059 
1061 
1063 
1064 
1065 
1066 
1067 
1068 
1069 
1070 
1071 
1072 
1073 
1074 
394291 
1075 
1076 
1077 
1078 
1079 
1080 
1081 
1082 
1083 
1084 
1085 
1086 
1087 
1088 
132161 
1089 
263234 
1090 
1091 
1092 
132165 
1093 
263238 
1094 
1095 
1096 
263241 
1097 
1098 
394315 
263243 
1099 
263246 
263249 
263251 
263252 
263259 
263262 
263264 
263265 
394338 
394340 
263287 
263288 
263289 
394381 
263312 
263313 
263327 
263328 
263329 
394401 
263330 
394403 
263332 
263335 
263338 
263339 
263341 
263342 
263343 
263344 
263345 
263346 
263348 
394422 
263351 
263354 
263357 
263360 
263363 
263366 
263369 
263372 
263375 
263378 
263381 
394455 
263384 
263387 
263390 
263393 
263396 
263399 
394471 
394473 
263402 
263405 
263412 
263413 
263414 
263415 
263416 
394488 
1294 
1295 
1296 
1297 
263441 
394513 
1298 
1299 
263443 
1300 
263445 
1302 
1304 
1309 
394525 
394527 
1316 
1318 
1319 
1320 
1321 
394538 
1322 
1323 
1324 
1325 
1326 
1327 
1328 
263473 
1329 
263474 
1330 
263475 
1331 
263476 
1332 
263477 
1333 
263478 
1334 
525623 
1335 
1336 
1337 
1338 
394555 
1339 
1340 
1341 
1342 
1343 
1344 
1345 
1346 
394563 
1347 
1348 
394565 
1349 
1350 
1351 
1352 
1353 
1354 
1355 
394572 
1356 
1357 
525648 
525650 
394581 
263509 
394585 
263515 
394587 
394590 
394591 
263540 
263544 
263545 
263546 
263548 
263550 
1418 
263570 
263573 
394645 
263593 
263597 
263615 
263621 
263623 
394696 
263627 
263629 
263638 
263640 
263644 
263646 
263655 
263656 
263658 
263660 
263662 
263666 
263668 
263673 
394746 
394747 
394748 
263676 
394749 
394750 
263678 
394751 
394752 
394753 
394754 
394755 
394756 
394757 
394758 
394759 
394760 
394761 
394762 
394763 
394764 
394765 
394766 
394767 
394768 
394769 
263697 
394770 
394771 
394772 
394773 
394774 
263702 
394775 
394776 
394777 
394778 
394779 
394780 
394781 
394782 
394783 
394784 
394785 
394786 
394787 
394788 
394789 
394790 
394791 
394792 
394793 
394794 
263722 
394795 
394796 
263725 
394797 
394798 
263727 
394799 
394800 
394801 
394802 
394803 
1588 
394804 
1589 
394805 
1590 
394806 
1591 
394807 
1592 
394808 
1593 
394809 
1594 
394810 
394811 
1596 
263740 
394812 
394813 
1598 
394814 
394815 
1600 
394816 
394817 
394818 
394819 
394820 
394821 
263750 
394822 
394823 
394824 
394825 
263753 
394826 
394827 
263755 
1611 
394828 
1613 
394829 
394830 
1615 
394831 
1616 
263760 
394832 
1617 
394833 
1618 
394834 
394835 
263763 
1619 
263764 
394836 
1620 
394837 
263765 
1621 
394838 
1622 
394839 
1623 
394840 
1624 
394841 
1625 
394842 
1626 
394843 
1627 
394844 
1628 
394845 
1629 
394846 
1630 
394847 
1631 
394848 
1632 
394849 
1633 
394850 
1634 
394851 
1635 
394852 
1636 
394853 
1637 
394854 
1638 
394855 
1639 
394856 
1640 
394857 
1641 
394858 
1642 
394859 
1643 
394860 
1644 
394861 
1645 
394862 
1646 
394863 
1647 
394864 
1648 
394865 
1649 
394866 
1650 
394867 
1651 
394868 
1652 
394869 
1653 
394870 
1654 
394871 
1655 
394872 
1656 
394873 
1657 
394874 
1658 
394875 
394876 
394877 
394878 
394879 
394880 
394881 
394882 
394883 
394884 
394885 
394886 
394887 
394888 
394889 
394890 
394891 
394892 
394893 
394894 
394895 
394897 
394899 
394901 
394903 
394905 
394907 
394909 
263838 
394911 
394913 
263842 
394915 
394917 
394919 
394921 
394923 
394925 
525998 
394927 
394929 
394931 
394933 
1728 
526023 
1738 
526047 
526070 
526092 
526113 
526115 
526135 
526170 
526187 
526189 
526205 
1929 
1930 
1931 
1932 
1933 
1934 
1935 
1937 
1939 
1941 
526232 
1955 
1957 
526245 
1959 
526247 
1960 
1961 
1962 
1963 
1964 
1965 
1966 
1967 
1968 
1969 
1970 
526259 
1971 
1972 
1973 
1974 
1975 
1976 
1977 
1978 
1979 
1980 
1981 
1982 
1983 
1984 
1985 
1986 
1987 
1988 
1989 
526278 
1990 
1991 
1992 
1993 
1994 
1995 
1996 
1997 
1998 
526287 
1999 
2000 
526289 
2001 
2002 
2003 
2004 
2005 
2006 
526297 
526308 
526313 
526315 
526319 
526322 
526323 
526325 
2075 
133163 
2096 
2108 
133188 
133212 
133235 
133237 
133259 
526476 
526477 
526478 
526479 
526480 
526482 
526484 
526486 
526500 
133298 
526515 
526530 
133317 
133319 
526545 
133337 
526560 
526575 
133368 
526590 
133383 
526605 
2321 
2322 
2323 
2324 
2325 
2326 
2327 
2329 
2331 
526620 
2333 
526635 
2350 
2352 
2354 
2356 
2357 
2358 
2359 
526647 
2360 
2361 
526650 
2362 
2363 
2364 
133437 
2365 
2366 
2367 
2368 
2369 
2370 
2371 
2372 
526661 
2373 
2374 
2375 
526664 
2376 
2377 
2378 
2379 
2380 
2381 
2382 
2383 
2384 
2385 
526674 
2386 
2387 
2388 
2389 
2390 
2391 
2392 
2393 
2394 
2395 
2396 
2397 
2398 
2399 
2400 
2401 
526690 
2402 
526691 
2403 
526692 
2404 
526693 
2405 
2406 
2407 
526698 
526701 
133488 
526705 
526709 
526714 
526717 
526721 
526725 
526730 
526733 
526737 
526741 
526746 
526749 
526751 
526753 
526754 
133539 
133555 
2487 
2496 
133570 
133584 
133587 
2520 
2534 
133660 
133680 
395828 
133713 
264840 
264865 
133810 
264889 
395964 
395968 
133826 
264912 
2770 
2771 
2772 
2773 
2774 
2775 
2776 
2778 
2780 
2782 
133860 
264934 
264936 
2803 
2805 
527094 
2807 
527096 
2809 
2811 
2812 
527100 
2813 
133885 
264957 
527101 
2814 
2815 
2816 
2817 
2818 
2819 
2820 
2821 
2822 
2823 
2824 
2825 
2826 
2827 
2828 
133901 
2829 
2830 
2831 
2832 
2833 
2834 
2835 
2836 
2837 
2838 
2839 
527128 
2840 
2841 
2842 
2843 
2844 
527133 
2845 
2846 
2847 
2848 
2849 
264994 
2850 
2851 
2852 
2853 
133926 
2854 
2855 
2856 
2857 
2858 
2859 
2860 
2861 
2862 
2863 
2864 
2865 
527154 
265012 
265014 
527159 
133954 
265031 
527191 
133985 
527203 
265060 
527205 
527207 
527209 
527211 
527213 
527215 
134001 
527217 
265074 
527219 
265076 
527221 
527223 
527225 
527227 
527229 
265089 
134026 
2955 
527251 
527252 
527253 
2966 
527254 
265110 
527255 
265120 
2977 
265122 
134054 
265131 
527279 
527281 
527283 
265144 
3004 
265150 
265152 
527300 
134085 
265157 
527303 
527306 
265162 
3019 
527308 
265164 
265165 
527312 
527316 
134101 
527320 
527324 
527328 
527337 
134126 
265219 
527367 
134154 
527371 
527372 
527378 
527386 
527394 
134185 
527402 
527410 
265270 
134201 
527418 
527422 
527424 
134226 
265321 
265323 
265325 
134254 
265327 
265329 
265331 
265333 
265335 
265338 
265340 
265342 
265344 
265346 
265348 
265350 
265352 
265354 
134283 
265355 
265356 
265358 
265360 
265362 
265364 
265366 
265367 
134298 
265387 
134319 
265401 
134340 
265418 
3279 
3280 
3281 
3282 
3283 
3284 
3285 
134357 
3287 
3289 
3291 
265436 
134368 
265449 
134381 
265459 
3318 
134392 
3320 
3322 
265468 
3324 
3326 
3328 
134400 
3329 
3330 
3331 
265476 
3332 
3333 
3334 
134407 
3335 
3336 
3337 
265482 
3338 
3339 
3340 
134413 
3341 
3342 
3343 
265488 
3344 
3345 
134418 
3346 
3347 
265492 
3348 
3349 
134422 
3350 
3351 
265496 
3352 
134425 
3353 
265498 
3354 
3355 
265500 
134428 
3356 
265501 
3357 
3358 
134431 
3359 
3360 
3361 
3362 
265507 
3363 
3364 
3365 
3366 
3367 
3368 
3369 
3370 
3371 
3372 
3373 
3374 
3375 
3376 
3377 
3378 
3379 
3380 
3381 
3382 
3383 
3384 
3385 
265530 
3386 
265534 
265535 
265536 
265538 
265539 
265541 
265542 
265562 
265565 
265567 
265568 
265569 
265570 
265589 
134518 
134519 
265593 
134535 
134538 
265611 
265614 
527758 
134546 
527762 
134547 
134548 
527764 
134549 
134550 
134552 
527768 
527769 
134554 
134555 
134557 
3486 
134558 
265632 
134566 
134569 
3498 
134571 
134572 
134574 
134575 
134577 
134578 
134579 
134580 
265653 
3511 
265659 
265663 
265666 
3524 
265673 
527819 
265676 
527823 
265679 
265683 
265684 
527828 
265685 
265687 
265688 
265690 
265691 
265694 
265696 
3553 
265697 
265698 
265699 
265703 
265706 
265710 
265711 
265712 
265713 
3570 
265714 
265716 
265718 
265719 
265721 
265722 
265730 
527874 
527876 
265732 
265733 
265734 
265735 
527881 
265743 
265752 
134685 
134687 
134689 
265761 
134690 
265770 
134702 
134704 
134707 
265779 
527925 
134710 
134712 
527928 
134714 
265788 
527933 
265797 
265806 
527958 
527959 
265815 
527960 
527961 
527962 
527963 
527964 
527965 
527966 
527967 
527968 
265824 
527969 
527970 
527971 
527972 
527973 
527974 
527975 
527976 
527977 
265833 
527978 
527979 
527980 
527981 
527982 
527983 
527984 
527985 
527986 
265842 
527987 
527988 
527989 
527990 
527991 
527992 
527993 
527994 
265851 
527995 
527996 
527997 
527998 
527999 
528000 
528001 
528002 
528003 
265860 
528004 
528005 
528006 
528007 
528008 
528009 
528010 
528011 
528012 
265869 
528013 
528014 
528015 
528016 
528017 
528018 
528019 
265875 
528020 
528021 
265878 
528022 
528023 
528024 
528025 
528026 
134810 
528027 
265883 
528028 
134812 
528029 
265886 
528030 
134814 
528031 
528032 
134816 
528033 
528034 
265890 
528035 
134819 
528036 
265893 
528037 
134821 
528038 
396966 
528039 
134823 
528040 
265896 
528041 
134825 
528042 
528043 
134827 
528044 
528045 
528046 
134830 
528047 
134831 
528048 
134832 
265905 
528049 
528050 
134834 
528051 
134835 
134836 
528052 
528053 
134837 
134838 
528054 
134839 
528055 
134840 
265912 
528056 
134841 
528057 
134842 
528058 
134843 
528059 
134844 
528060 
134845 
265917 
528061 
265918 
134846 
528062 
134847 
265919 
528063 
396991 
265920 
134848 
528064 
134849 
528065 
134850 
528066 
265923 
134851 
528067 
265924 
134852 
528068 
134853 
265925 
528069 
134854 
265926 
528070 
134855 
528071 
134856 
265929 
528073 
134857 
134858 
134859 
528075 
265932 
134860 
134861 
528077 
265933 
265934 
134862 
134863 
528079 
265936 
134864 
134865 
265937 
528081 
134866 
134867 
528083 
265939 
265940 
134868 
134869 
528085 
265941 
265942 
134870 
134871 
397015 
528087 
265943 
265944 
134872 
134873 
528089 
134874 
134875 
528091 
265948 
134876 
134877 
528093 
134878 
134879 
528095 
134880 
134881 
528097 
134882 
134883 
528099 
134884 
134885 
528101 
134886 
134887 
528103 
134888 
134889 
528105 
134890 
134891 
528107 
134892 
265964 
265965 
528109 
134893 
134894 
397038 
134895 
397040 
265968 
134896 
134897 
265970 
134898 
134899 
265971 
134900 
134901 
134902 
134903 
134904 
134905 
265977 
134906 
134907 
134908 
265980 
134909 
134910 
265982 
134911 
265983 
134912 
134913 
134914 
134915 
134916 
134917 
134918 
397062 
134919 
134920 
134921 
134922 
265994 
134923 
134924 
134925 
265997 
134926 
3855 
265999 
134927 
3856 
134928 
3857 
266001 
134929 
3858 
134930 
3859 
266003 
134931 
3860 
134932 
3861 
266005 
134933 
134934 
266006 
3863 
266007 
134935 
134936 
3865 
134937 
266010 
134938 
3867 
134939 
134940 
134941 
134942 
134943 
134944 
134945 
134946 
134947 
134948 
266021 
134949 
134950 
134951 
134952 
134953 
134954 
266027 
134955 
134956 
397101 
134957 
134958 
134959 
134960 
134961 
134962 
134963 
134964 
134965 
134966 
134967 
134968 
134969 
134970 
134971 
134972 
3900 
134973 
134974 
266047 
134975 
3903 
134976 
397120 
266049 
134977 
3905 
134978 
397122 
266051 
134979 
3907 
134980 
134981 
3909 
134982 
134983 
3911 
134984 
3913 
134985 
134986 
3915 
134987 
3916 
134988 
3917 
134989 
3918 
134990 
134991 
3919 
134992 
3920 
134993 
3921 
134994 
3922 
266067 
134995 
3923 
134996 
397140 
3924 
134997 
3925 
134998 
3926 
134999 
3927 
135000 
3928 
135001 
3929 
135002 
3930 
3931 
135003 
3932 
135004 
135005 
3933 
135006 
3934 
266079 
135007 
3935 
135008 
3936 
266081 
3937 
135009 
3938 
135010 
266083 
135011 
3939 
3940 
135012 
3941 
135013 
3942 
135014 
3943 
135015 
3944 
135016 
3945 
135017 
135018 
3946 
3947 
135019 
266092 
135020 
3948 
135021 
3949 
135022 
3950 
3951 
135023 
266096 
3952 
135024 
266097 
3953 
135025 
3954 
135026 
266099 
397171 
3955 
135027 
266100 
135028 
3956 
135029 
266101 
3957 
135030 
3958 
135031 
3959 
266104 
135032 
3960 
135033 
3961 
266106 
3962 
3963 
135036 
3964 
3965 
266110 
135038 
3966 
3967 
266112 
135040 
3968 
3969 
397186 
135042 
3970 
3971 
397188 
135044 
3972 
3973 
266118 
135046 
3974 
3975 
266120 
135048 
3976 
3977 
135050 
266124 
266126 
397202 
266133 
266135 
266150 
397225 
266160 
266161 
266162 
266163 
266164 
397236 
266165 
266166 
397238 
266167 
266168 
266169 
266170 
266171 
266172 
266173 
266174 
266175 
266176 
397248 
266177 
266178 
266179 
266180 
266181 
266182 
266183 
266184 
266185 
266186 
266187 
266188 
266189 
266190 
266191 
397263 
266192 
266193 
266194 
266195 
266196 
266197 
266198 
397270 
266199 
397272 
266200 
266201 
266202 
266203 
266204 
266205 
397278 
266206 
266207 
266208 
266209 
266210 
266211 
266212 
266213 
397285 
266214 
266215 
397288 
266216 
266217 
397290 
266218 
266219 
397291 
266220 
266221 
266222 
266223 
266224 
266225 
266226 
266227 
266228 
266229 
266230 
266231 
266232 
266233 
4090 
266234 
266235 
266236 
266237 
266238 
266239 
266240 
266241 
266242 
266243 
4100 
266244 
266245 
266246 
266247 
266248 
266249 
266250 
266251 
266252 
266253 
266254 
266255 
266256 
266257 
4114 
266258 
266259 
266260 
266261 
266262 
266263 
266264 
266265 
266266 
266267 
266268 
266269 
266270 
266271 
266272 
4129 
266273 
397345 
266274 
266275 
266276 
266277 
266278 
266279 
266280 
266281 
266282 
266283 
266284 
266285 
266286 
4143 
266287 
266288 
266289 
266290 
266291 
266292 
266293 
266294 
266295 
266296 
266297 
266298 
266299 
266300 
266301 
266302 
266303 
266304 
266305 
266306 
266307 
266308 
266309 
266310 
266311 
266312 
266313 
266314 
266315 
266316 
266317 
266318 
4175 
266319 
266320 
266321 
266322 
266323 
266324 
397396 
266325 
266326 
266327 
266328 
266329 
266330 
266331 
266332 
266333 
266334 
266335 
266336 
266337 
4194 
266338 
266339 
266340 
266341 
266342 
266343 
266345 
266347 
266349 
266351 
266353 
266355 
266357 
528502 
266359 
266361 
266363 
266365 
266367 
266369 
266371 
266373 
397446 
397447 
266375 
397448 
397449 
266377 
397450 
397451 
266379 
397452 
528524 
397453 
266381 
397454 
528526 
397455 
397456 
397457 
397458 
397459 
397460 
397461 
397462 
397463 
397464 
397465 
397466 
397467 
397468 
397469 
397470 
397471 
397472 
397473 
397474 
397475 
397476 
397477 
397478 
397479 
397480 
397481 
397482 
397483 
397484 
397485 
397486 
397487 
397488 
397489 
397490 
397491 
397492 
397493 
397494 
397495 
397496 
397497 
397498 
397499 
397500 
397501 
397502 
397503 
397504 
397505 
397506 
397507 
397508 
397509 
397510 
397511 
397512 
397513 
397514 
397515 
397516 
397517 
397518 
397519 
397520 
397521 
397522 
397523 
397524 
397525 
397526 
397527 
397528 
397529 
397530 
397531 
397532 
397533 
397534 
397535 
397536 
397537 
397538 
397539 
397540 
397541 
397542 
397543 
397544 
397545 
397546 
397547 
397548 
397549 
397550 
397551 
397552 
397553 
397554 
397555 
397556 
397557 
397558 
397559 
397560 
397561 
397562 
397563 
397564 
397565 
397566 
397567 
397568 
397569 
397570 
397571 
397572 
397573 
397574 
397575 
397576 
397577 
397578 
397579 
397580 
397581 
397582 
397583 
397584 
397585 
397586 
397587 
397588 
397589 
397590 
397591 
397592 
397593 
397594 
397595 
397597 
397599 
397601 
397603 
397605 
397607 
397609 
397611 
397613 
397615 
397617 
397619 
397621 
397623 
397625 
397627 
397629 
397631 
397633 
4505 
4506 
4507 
4508 
4509 
4510 
4511 
4513 
4515 
4517 
528846 
4559 
4561 
4564 
4566 
4568 
4570 
4572 
4574 
4576 
4578 
4579 
4580 
4581 
4582 
528871 
4583 
4584 
4585 
4586 
4587 
4588 
4589 
4590 
4591 
4592 
4593 
4594 
4595 
4596 
4597 
4598 
4599 
4600 
4601 
4602 
4603 
4604 
4605 
4606 
528895 
4607 
4608 
4609 
4610 
4611 
4612 
4613 
4614 
4615 
4616 
4617 
4618 
4619 
4620 
4621 
4622 
4623 
4624 
4625 
4626 
4627 
4628 
4629 
528918 
4630 
4631 
528920 
4632 
4633 
4634 
4635 
4636 
4637 
4638 
4639 
4640 
4641 
4642 
4643 
4644 
528961 
528981 
528983 
529002 
529035 
529051 
529053 
4771 
529068 
4781 
4793 
529093 
4809 
529105 
529107 
4825 
135900 
529118 
4841 
529135 
529143 
529145 
529152 
529161 
4876 
529165 
135949 
529167 
529170 
529171 
529173 
135961 
135963 
135966 
135968 
4897 
135970 
135971 
135973 
135975 
135977 
135979 
135989 
136005 
136023 
136041 
136062 
136085 
529323 
529324 
529325 
136110 
529326 
529327 
529329 
529331 
529333 
529347 
136137 
529362 
529377 
136166 
529392 
529407 
267276 
529422 
529437 
529452 
529467 
267325 
267327 
267329 
267331 
267333 
267335 
267337 
529482 
267339 
267341 
267343 
267345 
267347 
267349 
529494 
267351 
529497 
267353 
267355 
267357 
267359 
267361 
267363 
529508 
267365 
529511 
267367 
267368 
267370 
267372 
267374 
529521 
5235 
5236 
529524 
5237 
5238 
5239 
5240 
5241 
5243 
5245 
529533 
5247 
529549 
529550 
529551 
529552 
529556 
529560 
529565 
529568 
529572 
529576 
529581 
529584 
529588 
5300 
5302 
529592 
5304 
5307 
529597 
5309 
5311 
529600 
398528 
5313 
5315 
529604 
5317 
5319 
529608 
5321 
529610 
5323 
5324 
5325 
529613 
5326 
529614 
529615 
5327 
5328 
5329 
5330 
5331 
5332 
5333 
5334 
5335 
5336 
5337 
5338 
5339 
5340 
5341 
5342 
5343 
5344 
5345 
5346 
5347 
5348 
5349 
5350 
5351 
5352 
5353 
5354 
5355 
5356 
5357 
5358 
5359 
5360 
5361 
5362 
5363 
5364 
5365 
5366 
5367 
5368 
5369 
5370 
5371 
267516 
5372 
5373 
267518 
5374 
5375 
267520 
5376 
267521 
5377 
5378 
5379 
5380 
5381 
5382 
5383 
5384 
5385 
5386 
5387 
5388 
5389 
5390 
5391 
5392 
398664 
267595 
398668 
267599 
267602 
267603 
267605 
267606 
267608 
267610 
267611 
267615 
267618 
267620 
267621 
267635 
267636 
267657 
267658 
267672 
267673 
267674 
267675 
267677 
5534 
267680 
267683 
267684 
267686 
267687 
5544 
267688 
267689 
267690 
267691 
267693 
267696 
267699 
5556 
267702 
267705 
267708 
267711 
5570 
267714 
267717 
267720 
267723 
267726 
267729 
5587 
267732 
267735 
267738 
267741 
267744 
267747 
5605 
267750 
267760 
267761 
267762 
267763 
267765 
5623 
529929 
267788 
267790 
529934 
529935 
267792 
529936 
5661 
529959 
529964 
267820 
267821 
267822 
267823 
267824 
267825 
5684 
267831 
529990 
529995 
267856 
267859 
267861 
267862 
267864 
267866 
530013 
530018 
267886 
267890 
530047 
267909 
267912 
530058 
530060 
530062 
530064 
530066 
530068 
530070 
530072 
530074 
267931 
530076 
530078 
267935 
530080 
530082 
530084 
530086 
267952 
267957 
267959 
267963 
530109 
267965 
530110 
530111 
530112 
267973 
267975 
267979 
267981 
267990 
530135 
267991 
530137 
267993 
530139 
267995 
267997 
530141 
268001 
268003 
268008 
268011 
268013 
530159 
530162 
530163 
530165 
530169 
530173 
268031 
530177 
268035 
530181 
530185 
530191 
530193 
268052 
268055 
268057 
268069 
268076 
268079 
268081 
268085 
268086 
530231 
530232 
530233 
530239 
530247 
530255 
530263 
530271 
137059 
137060 
137061 
137062 
137063 
530279 
137065 
530285 
530288 
268157 
268161 
137090 
137092 
137094 
137096 
137099 
6050 
6051 
6052 
6053 
6054 
6055 
6056 
6058 
6060 
6062 
6128 
6131 
6133 
6135 
6138 
6140 
6142 
6144 
6146 
6148 
6150 
6152 
6154 
6156 
6157 
6158 
6159 
6160 
6161 
6162 
6163 
6164 
6165 
6166 
6167 
6168 
6169 
6170 
6171 
6172 
6173 
6174 
6175 
6176 
6177 
6178 
6179 
137252 
6180 
6181 
137254 
6182 
6183 
137256 
6184 
6185 
137258 
6186 
6187 
6188 
6189 
6190 
6191 
137264 
6192 
6193 
137266 
6194 
6195 
6196 
137269 
6197 
6198 
6199 
6200 
6201 
6202 
6203 
6204 
6205 
6206 
6207 
6208 
6209 
6210 
6211 
6212 
6213 
6214 
6215 
6216 
6217 
6218 
6219 
6220 
6221 
6222 
6223 
6224 
6225 
6226 
6227 
6228 
6229 
137354 
530571 
137358 
530578 
530583 
530584 
530585 
530634 
530636 
530641 
6387 
6397 
530691 
530695 
6409 
530700 
6423 
6438 
399666 
530744 
6457 
530746 
530751 
399691 
6477 
6497 
399715 
530793 
530796 
530801 
399738 
530824 
530825 
6538 
530826 
530827 
530828 
530829 
530830 
530831 
530832 
399760 
530833 
530834 
399762 
530835 
530836 
530837 
530838 
530839 
530840 
530841 
530842 
530843 
530844 
530845 
530846 
530847 
530848 
530849 
530850 
6563 
530851 
530852 
530853 
530854 
530855 
399783 
530856 
530857 
530858 
530859 
530860 
530861 
530862 
530863 
530864 
530865 
530866 
530867 
530868 
530869 
530870 
530871 
530872 
530873 
530874 
530875 
530876 
530877 
530878 
530879 
530880 
530881 
530882 
530883 
530884 
530885 
530886 
530887 
530888 
530889 
530890 
530891 
530892 
399820 
530893 
530894 
530895 
530896 
530897 
530898 
530899 
530900 
530901 
530902 
530903 
530904 
530905 
530906 
530907 
530908 
530909 
530910 
399838 
530911 
530912 
399840 
530913 
530914 
530915 
530916 
530917 
530918 
530919 
530920 
530921 
530922 
530923 
530924 
530925 
530926 
530927 
530928 
399857 
530929 
530930 
530931 
530932 
530933 
530934 
530936 
530938 
530940 
530942 
530944 
530946 
530948 
530950 
530952 
530954 
530956 
399886 
530958 
530960 
530962 
530964 
530966 
530968 
530970 
530972 
399900 
399902 
399915 
399936 
399946 
399948 
399957 
399970 
399976 
399978 
399983 
399988 
399990 
399991 
400045 
400096 
400146 
400147 
400148 
400149 
400150 
400151 
400152 
400153 
400154 
400155 
400156 
400157 
400158 
400159 
400160 
400161 
400162 
400163 
400164 
400165 
400166 
400167 
400168 
400169 
400170 
400171 
400172 
400173 
6958 
400174 
6959 
400175 
6960 
400176 
6961 
400177 
6962 
400178 
6963 
400179 
6964 
400180 
400181 
6966 
400182 
400183 
6968 
400184 
400185 
6970 
400186 
400187 
400188 
400189 
400190 
400191 
400192 
400193 
400194 
400195 
400196 
400197 
400198 
400199 
400200 
400201 
400202 
400203 
400204 
400205 
400206 
400207 
400208 
400209 
400210 
400211 
400212 
400213 
400214 
400215 
400216 
400217 
400218 
400219 
400220 
400221 
400222 
400223 
400224 
400225 
400226 
400227 
400228 
400229 
400230 
400231 
269159 
400232 
400233 
400234 
400235 
400236 
400237 
400238 
400239 
400240 
400241 
400242 
400243 
400244 
400245 
400246 
400247 
400248 
400249 
400250 
400251 
400252 
400253 
400254 
400255 
400256 
269184 
400257 
400258 
400259 
400260 
400261 
400262 
400263 
400264 
400265 
531337 
400266 
400267 
400268 
7052 
400269 
400270 
7054 
400271 
400272 
7056 
7057 
400273 
400274 
400275 
7059 
400276 
400277 
7061 
400278 
400279 
7063 
269208 
400280 
400281 
7066 
400282 
400283 
531356 
7068 
400284 
400285 
531358 
7070 
400286 
400287 
7072 
400288 
400289 
7074 
400290 
400291 
7076 
400292 
400293 
7078 
400294 
400295 
7080 
400297 
7082 
400299 
7084 
400301 
7086 
7087 
400303 
269231 
7088 
7089 
400305 
7090 
400307 
7091 
7092 
400309 
7093 
7094 
400311 
7095 
7096 
400313 
7097 
7098 
400315 
7099 
7100 
400317 
7101 
7102 
400319 
7103 
7104 
400321 
7105 
7106 
400323 
7107 
7108 
400325 
269253 
7109 
7110 
400327 
7111 
7112 
400329 
7113 
7114 
400331 
7115 
7116 
400333 
7117 
7118 
7119 
7120 
7121 
7122 
7123 
7124 
7125 
7126 
7127 
7128 
7129 
269274 
7130 
7131 
269276 
7132 
7133 
7134 
7135 
7136 
7137 
7138 
7139 
7140 
7141 
7142 
7143 
7144 
7145 
7146 
7147 
7148 
7149 
7150 
7151 
269296 
7152 
7153 
7154 
7155 
7156 
7157 
7158 
7159 
7160 
7161 
7162 
7163 
269331 
269348 
269350 
269366 
269393 
269406 
269408 
269420 
138356 
269439 
269448 
269450 
138381 
269458 
269469 
269474 
269476 
138405 
269480 
7338 
269483 
269484 
7348 
531638 
138428 
7360 
7374 
531663 
138450 
138452 
7389 
269538 
531687 
138473 
7406 
531710 
531712 
7427 
138510 
269589 
531734 
7449 
138528 
138530 
7471 
138547 
531773 
269640 
269642 
269644 
269646 
138576 
269648 
531792 
531794 
269650 
269651 
269652 
269655 
269657 
7515 
269659 
269661 
138590 
269663 
269665 
269667 
531812 
269669 
269671 
269672 
269673 
269675 
269677 
269679 
269680 
269681 
7542 
269699 
531843 
269711 
531858 
138644 
531860 
269726 
531874 
269741 
269751 
531897 
269759 
531908 
269766 
531910 
138695 
269772 
531920 
269777 
269781 
269784 
269786 
269787 
269788 
269791 
531935 
269793 
269794 
269795 
269796 
531942 
531944 
531950 
531957 
531960 
269816 
138746 
531962 
531963 
269820 
531965 
269821 
269822 
269823 
269824 
138761 
269843 
269846 
138775 
138788 
138791 
269865 
138793 
269869 
269886 
269889 
269906 
269920 
269921 
269922 
269923 
269924 
269936 
269940 
269942 
269943 
138872 
269949 
269951 
269952 
138882 
269955 
269958 
269961 
269963 
269964 
269966 
269967 
269969 
532114 
269970 
532115 
532116 
532117 
532118 
269974 
269975 
138904 
532120 
269976 
269977 
532122 
269978 
532124 
269981 
269986 
269989 
269993 
532138 
269995 
269996 
269997 
269998 
270006 
532153 
270015 
532168 
270024 
270033 
532183 
270042 
270051 
532198 
270060 
270069 
532213 
270078 
139012 
532228 
270087 
270096 
532243 
270105 
139037 
7967 
7968 
7969 
7970 
532258 
270114 
7971 
7972 
7973 
7975 
7977 
7979 
270123 
139053 
532273 
270132 
270138 
270141 
532285 
532288 
270146 
270149 
270153 
532299 
270156 
401228 
532302 
139087 
270159 
270168 
532312 
532315 
270175 
270180 
532324 
270181 
270182 
270183 
532327 
139112 
270186 
270187 
270188 
270189 
532335 
270192 
270195 
270196 
270197 
270199 
270200 
139128 
270202 
270203 
270204 
270205 
270206 
8063 
532351 
270207 
532352 
532353 
532354 
270211 
532359 
532362 
532366 
8080 
139153 
532370 
270226 
8082 
270228 
8084 
270230 
8086 
8087 
532375 
270231 
8089 
532378 
270235 
8091 
8093 
532382 
270238 
270240 
8096 
270241 
532386 
8098 
8100 
8102 
532391 
8104 
532394 
8106 
270251 
8108 
139181 
532398 
270254 
8110 
270256 
8112 
532402 
270258 
8114 
8116 
270260 
8118 
270262 
8119 
532407 
270263 
8120 
270264 
8121 
532410 
8122 
270267 
8123 
8124 
8125 
532414 
8126 
8127 
8128 
532417 
8129 
532418 
8130 
8131 
532420 
8132 
8133 
270278 
8134 
8135 
8136 
8137 
8138 
8139 
270284 
139212 
8140 
8141 
8142 
8143 
8144 
8145 
8146 
8147 
401364 
8148 
8149 
8150 
8151 
401368 
8152 
8153 
8154 
8155 
139228 
8156 
270301 
8157 
8158 
270303 
8159 
8160 
270305 
8161 
8162 
8163 
8164 
8165 
8166 
8167 
8168 
8169 
8170 
8171 
8172 
8173 
270318 
8174 
8175 
8176 
8177 
8178 
8179 
8180 
139253 
8181 
8182 
8183 
270328 
8184 
8185 
270330 
8186 
8187 
270332 
8188 
8189 
8190 
8191 
8192 
8193 
270338 
8194 
8195 
270340 
8196 
270341 
8197 
8198 
270343 
270345 
270347 
270348 
139281 
270354 
270356 
270360 
270362 
270369 
270371 
139312 
270386 
270387 
270388 
270389 
270390 
270391 
270392 
270393 
270394 
270395 
270396 
270397 
270398 
270399 
139328 
270400 
270401 
270402 
270403 
270404 
270405 
270406 
270407 
270408 
270409 
270410 
270411 
270412 
270413 
270414 
270415 
270416 
270417 
270418 
270419 
270420 
270421 
270422 
270423 
270424 
270425 
139353 
270426 
270427 
270428 
270429 
270430 
270431 
270432 
270433 
270434 
270435 
270436 
270437 
270438 
270439 
270440 
270441 
270442 
270443 
270444 
270445 
270446 
270447 
270448 
270449 
270450 
270451 
270452 
139381 
270453 
270454 
270455 
270456 
270457 
270458 
270459 
270460 
270461 
270462 
270463 
270464 
270465 
270466 
270467 
270468 
270469 
270470 
270471 
270472 
270473 
270474 
270475 
270476 
270477 
270478 
270479 
270480 
270481 
270482 
270483 
139412 
270484 
270485 
270486 
270487 
270488 
270489 
270490 
270491 
270492 
270493 
270494 
270495 
270496 
270497 
270498 
270499 
139428 
270500 
270501 
270502 
270503 
270504 
270505 
270506 
270507 
270508 
270509 
270510 
270511 
270512 
270513 
270514 
270515 
270516 
270517 
270518 
270519 
270520 
270521 
270522 
270523 
270524 
139453 
270525 
270526 
270527 
270528 
270529 
270530 
270531 
270532 
270533 
270534 
8391 
270535 
270536 
270537 
270538 
270539 
270540 
270541 
270542 
270543 
270544 
8401 
270545 
270546 
270547 
270548 
270549 
270550 
139479 
270551 
270552 
270553 
270554 
270555 
270556 
8413 
270557 
270558 
270559 
270560 
270561 
270562 
532707 
270563 
532709 
270565 
270567 
270569 
532713 
532714 
8427 
270571 
270573 
270575 
139504 
270577 
270579 
270581 
270583 
270585 
8442 
270587 
270589 
139518 
270591 
270593 
270595 
270597 
270599 
270601 
532745 
8459 
532750 
139535 
8478 
139553 
532773 
532778 
139566 
8501 
139576 
139585 
532802 
532807 
139593 
8525 
139599 
139605 
532823 
139609 
532828 
139613 
139615 
139617 
139619 
8549 
139621 
532855 
532864 
532866 
532868 
532870 
532872 
532874 
532876 
532878 
532880 
532882 
8596 
532884 
532886 
532888 
532890 
532892 
532894 
8625 
8626 
532918 
532919 
532920 
532921 
532922 
139713 
139714 
532946 
139730 
532948 
139733 
532950 
139741 
139742 
139743 
139744 
139745 
139747 
139749 
139750 
139752 
532969 
139753 
532971 
532973 
139761 
532977 
139763 
139764 
532980 
139765 
139766 
532984 
532988 
139774 
139776 
532992 
139777 
139778 
139779 
532996 
139780 
139781 
533000 
533009 
533039 
533043 
533044 
533050 
533058 
533066 
533074 
533082 
533090 
533097 
533101 
533102 
139914 
139917 
139919 
139921 
139931 
139932 
139935 
139936 
139938 
140039 
140041 
140043 
140045 
140048 
140050 
140052 
140054 
140056 
140059 
140060 
140061 
140062 
140063 
140064 
140065 
140066 
140067 
140068 
140069 
140070 
140071 
140072 
140073 
140074 
140075 
140076 
140077 
140078 
140079 
140080 
140081 
140082 
140083 
140084 
140085 
140086 
140087 
140088 
140089 
140090 
140091 
140092 
140093 
140094 
140095 
140096 
140097 
140098 
140099 
140100 
140101 
140102 
140103 
140104 
140105 
140106 
140107 
140108 
140109 
533326 
140110 
140111 
140112 
140113 
533330 
140114 
140115 
533332 
140116 
140117 
140118 
140119 
140120 
533336 
533337 
140121 
140122 
140123 
140124 
140125 
140126 
140127 
140128 
140129 
140130 
140131 
140132 
140133 
140134 
140135 
140136 
140137 
140138 
140139 
140140 
140141 
140142 
140143 
140144 
140145 
140146 
140147 
140148 
140149 
140150 
140151 
140152 
9081 
140153 
9082 
140154 
9083 
140155 
9084 
140156 
9085 
140157 
9086 
140158 
9087 
140159 
140160 
9089 
140161 
140162 
9091 
140163 
140164 
9093 
140165 
140166 
140167 
140168 
140169 
140170 
140171 
140172 
140173 
533390 
140174 
140175 
140176 
140177 
140178 
140179 
533395 
140180 
140181 
140182 
140183 
533400 
140184 
140185 
140186 
140187 
140188 
140189 
140190 
140191 
140192 
140193 
140194 
140195 
140196 
140197 
140198 
140199 
140200 
140201 
140202 
140203 
140204 
140205 
140206 
140207 
140208 
140209 
140210 
140211 
140212 
140213 
140214 
140215 
140216 
140217 
140218 
140219 
140220 
140221 
140222 
402366 
140223 
140224 
140225 
140226 
140227 
140228 
140229 
140230 
140231 
533448 
140232 
140233 
533450 
140234 
140235 
140236 
140237 
140238 
533455 
140239 
140240 
140241 
140242 
140243 
140244 
140245 
140246 
402391 
140247 
140248 
140249 
140250 
140251 
140252 
140253 
140254 
140255 
9184 
140256 
140257 
140258 
140259 
140260 
140261 
140262 
140265 
140267 
9196 
140269 
402415 
140271 
140273 
140275 
140277 
140279 
140281 
533502 
9215 
9217 
533506 
9219 
9221 
402438 
533511 
9223 
9224 
9226 
9228 
9230 
9233 
9235 
9237 
9239 
9241 
9243 
402460 
9245 
9247 
9249 
9251 
9253 
9255 
9257 
9258 
9259 
9260 
9261 
9262 
9263 
533552 
9264 
402481 
9265 
533554 
9266 
402483 
9267 
9268 
9269 
9270 
533559 
9271 
9272 
9273 
9274 
9275 
9276 
9277 
9278 
9279 
9280 
9281 
9282 
9283 
9284 
9285 
9286 
402503 
9287 
9288 
9289 
9290 
9291 
9292 
9293 
9294 
9295 
9296 
9297 
9298 
9299 
9300 
9301 
9302 
9303 
9304 
9305 
9306 
9307 
9308 
9309 
533598 
9310 
9311 
9312 
533601 
9313 
9314 
9315 
9316 
9317 
533606 
9318 
9319 
9320 
9321 
402538 
9322 
9323 
9324 
9325 
9326 
9327 
9328 
9329 
9330 
9331 
9332 
9333 
9334 
9335 
9336 
9337 
533626 
9338 
533627 
402555 
9339 
533628 
9340 
533629 
402557 
533630 
533631 
533632 
533633 
533634 
533635 
533636 
533637 
533638 
533639 
533640 
271496 
533641 
533642 
533643 
533644 
533645 
402573 
533646 
533647 
533648 
533649 
533650 
533651 
533652 
533653 
533654 
533655 
533656 
533657 
533658 
533659 
533660 
533661 
533662 
533663 
533664 
533665 
533666 
533667 
533668 
533669 
533670 
533671 
402600 
533672 
533673 
533674 
533675 
533676 
533677 
533678 
533679 
533680 
533681 
533682 
533683 
533684 
533685 
402613 
533686 
533687 
402615 
533688 
533689 
271545 
533690 
533691 
271547 
533692 
533693 
271549 
533694 
533695 
271551 
533696 
533697 
271553 
533698 
533699 
271555 
402627 
533700 
271556 
533701 
533702 
271558 
533703 
533704 
271560 
533705 
533706 
271562 
533707 
533708 
271564 
533709 
533710 
271566 
533711 
533712 
271568 
533713 
271570 
533714 
533715 
271572 
533716 
533717 
402646 
271574 
533718 
533719 
271576 
533720 
533721 
271578 
533722 
533723 
271580 
533724 
533725 
533726 
271582 
402655 
533727 
271584 
533728 
402657 
271585 
533729 
533730 
271587 
533731 
533732 
271589 
533733 
533734 
271591 
533736 
402665 
533738 
533740 
533742 
533744 
533746 
533748 
402676 
533750 
533752 
402681 
533754 
402683 
533756 
533758 
402687 
533760 
533762 
402690 
402691 
533764 
533766 
533768 
533770 
533772 
402745 
9552 
271699 
271701 
271703 
271704 
9562 
9574 
402796 
9588 
9603 
9620 
271774 
402846 
402847 
402848 
402849 
402850 
271778 
402851 
402852 
402853 
271781 
402854 
271782 
9639 
402855 
271783 
402856 
402857 
271785 
402858 
271786 
402859 
402860 
271788 
402861 
402862 
402863 
271791 
402864 
402865 
271793 
402866 
271794 
402867 
402868 
402869 
402870 
402871 
402872 
402873 
402874 
402875 
9660 
402876 
402877 
402878 
402879 
402880 
402881 
402882 
402883 
402884 
402885 
402886 
402887 
402888 
402889 
402890 
402891 
402892 
402893 
402894 
402895 
402896 
402897 
402898 
402899 
402900 
9685 
402901 
402902 
402903 
402904 
402905 
402906 
402907 
402908 
402909 
271838 
402910 
271839 
402911 
271840 
402912 
271841 
402913 
402914 
271843 
402915 
402916 
402917 
271846 
402918 
402919 
402920 
271849 
402921 
271850 
402922 
402923 
402924 
271852 
402925 
271853 
402926 
271854 
9711 
402927 
271855 
402928 
271856 
402929 
271857 
402930 
402931 
271859 
402932 
402933 
402934 
271862 
402935 
402936 
402937 
271865 
402938 
402939 
402940 
271868 
402941 
402942 
402943 
271871 
402944 
402945 
402946 
271874 
402947 
402948 
402949 
271877 
402950 
402951 
402952 
271880 
9737 
402953 
402954 
402955 
271883 
402956 
402957 
402958 
271886 
402959 
402960 
402961 
271889 
402962 
402963 
402964 
271892 
402965 
402966 
402967 
271895 
402968 
402969 
402970 
271898 
402971 
402972 
271901 
402973 
402974 
402975 
271904 
402976 
402977 
402978 
271907 
402979 
402980 
402981 
271910 
402982 
402983 
402984 
271913 
402985 
402986 
402987 
402988 
271917 
402989 
402990 
402991 
402992 
402993 
402994 
402995 
402997 
402999 
271928 
271929 
403001 
271930 
9787 
271931 
403003 
271932 
403005 
403007 
403009 
403011 
403013 
403015 
271944 
403017 
403019 
403021 
403023 
403025 
403027 
271957 
403029 
271959 
403031 
9816 
271961 
403033 
9818 
534117 
271989 
271990 
534134 
271991 
271992 
534136 
271993 
271994 
271998 
271999 
272000 
272002 
272004 
272024 
272027 
272047 
272051 
272069 
272072 
272090 
272094 
272110 
272113 
272115 
272119 
272121 
272127 
272129 
272133 
272135 
272144 
272145 
272147 
272149 
272151 
272155 
272157 
272162 
272165 
272167 
272182 
272186 
272199 
272202 
272204 
141140 
272213 
272217 
272220 
272222 
272223 
534376 
534401 
141189 
141200 
141202 
141204 
141207 
534425 
141209 
141211 
141213 
141214 
141216 
141218 
272292 
141220 
141222 
272296 
534448 
141233 
141251 
534470 
534472 
141271 
534493 
141291 
141314 
534530 
534548 
534550 
141339 
534567 
141366 
10303 
10304 
10305 
10306 
10307 
10308 
534596 
10309 
10311 
10313 
10315 
534610 
141395 
534612 
534625 
534646 
534656 
534658 
534667 
534680 
534686 
534688 
10404 
534693 
534698 
534700 
534701 
534703 
10426 
10440 
10460 
10462 
10464 
10466 
10468 
10469 
10470 
10472 
10474 
10477 
10479 
10481 
10483 
10485 
10487 
10489 
10491 
10493 
10495 
10497 
10499 
10501 
10503 
10504 
10505 
10506 
10507 
10508 
10509 
10510 
10511 
10512 
10513 
10514 
10515 
10516 
10517 
10518 
10519 
10520 
10521 
10522 
10523 
10524 
10525 
10526 
10527 
10528 
10529 
10530 
10531 
10532 
10533 
10534 
10535 
10536 
10537 
10538 
10539 
10540 
10541 
10542 
10543 
10544 
10545 
10546 
10547 
10548 
10549 
10550 
10551 
10552 
10553 
10554 
10555 
10556 
10557 
10558 
10559 
10560 
10561 
534850 
10562 
534851 
10563 
534852 
10564 
534853 
10565 
534854 
10566 
10567 
534856 
10568 
10569 
534858 
10570 
10571 
534860 
10572 
10573 
10574 
10575 
10576 
10577 
10578 
10579 
10580 
10581 
10582 
10583 
10584 
10585 
534874 
10586 
10587 
10588 
10589 
534889 
534904 
534919 
534934 
534949 
534964 
534979 
534994 
403928 
535009 
535021 
535024 
535035 
535038 
535048 
535051 
535060 
535063 
535071 
535074 
535081 
535097 
535098 
535099 
535100 
535104 
535108 
10821 
535113 
535116 
10831 
535120 
535124 
535129 
10843 
535132 
535136 
404064 
535140 
404068 
10857 
535145 
535148 
535152 
535156 
10872 
535161 
535164 
535166 
535168 
535169 
10889 
10908 
10929 
10952 
10979 
11007 
11035 
11112 
11114 
11115 
535425 
535430 
535431 
535432 
273294 
535458 
535463 
273319 
273343 
535492 
535497 
142284 
142291 
142292 
142293 
142294 
273366 
142296 
273368 
142299 
535518 
535523 
142322 
142324 
142326 
535543 
142331 
535548 
273409 
535562 
535567 
273429 
273431 
535591 
273450 
535599 
535601 
535603 
535605 
535607 
535609 
535611 
535613 
535615 
535617 
535619 
535621 
535623 
535625 
535627 
273483 
535629 
535631 
273499 
273501 
535656 
535657 
535658 
535659 
273516 
535682 
535684 
273541 
535686 
535688 
142479 
142481 
273553 
142482 
273555 
142484 
535708 
273566 
535711 
142496 
535714 
142499 
535716 
535720 
142504 
142507 
535724 
142509 
273583 
535728 
142513 
142515 
535732 
142517 
273591 
535736 
273593 
535742 
535744 
273600 
273609 
273613 
273615 
273618 
273619 
535785 
535786 
535787 
535793 
535801 
535809 
142600 
535817 
273673 
142604 
535825 
535833 
535841 
535845 
535847 
273724 
11631 
273775 
11632 
11633 
273777 
11634 
11635 
273779 
11636 
11637 
273781 
11639 
273783 
273784 
11641 
11643 
273787 
273789 
273791 
273793 
273795 
273797 
273799 
273801 
273803 
273804 
273805 
273807 
273809 
273810 
273826 
273837 
273850 
273861 
536006 
11723 
273869 
536013 
536018 
536019 
273876 
536020 
273882 
273887 
273891 
273894 
273896 
11753 
273897 
273900 
273920 
11777 
273924 
536071 
536073 
536078 
273942 
273945 
11809 
11811 
11813 
11815 
11817 
273963 
11819 
11821 
273967 
11823 
11826 
11828 
11830 
11832 
11834 
11836 
11838 
273983 
11840 
273986 
536130 
11842 
11844 
536134 
11846 
11848 
405066 
11850 
536139 
11852 
11854 
11855 
11856 
11857 
274002 
11858 
11859 
11860 
11861 
11862 
11863 
11864 
11865 
11866 
11867 
11868 
11869 
11870 
11871 
274016 
11872 
274017 
11873 
274018 
11874 
274019 
405091 
11875 
11876 
11877 
274022 
11878 
11879 
11880 
274025 
11881 
11882 
11883 
11884 
11885 
11886 
11887 
11888 
11889 
11890 
274035 
11891 
11892 
11893 
274038 
11894 
11895 
274040 
11896 
274041 
536185 
11897 
274042 
11898 
405115 
536187 
11899 
11900 
274045 
11901 
11902 
274046 
274047 
11903 
536192 
11904 
11905 
11906 
11907 
274052 
11908 
11909 
274053 
11910 
11911 
11912 
274056 
11913 
274057 
274058 
11914 
11915 
274060 
11916 
274061 
11917 
11918 
11919 
274063 
274064 
11920 
11921 
405138 
11922 
274067 
11923 
405140 
11924 
11925 
274069 
274070 
11926 
11927 
274071 
274072 
11928 
11929 
11930 
11931 
274076 
11932 
11933 
11934 
274079 
11935 
11936 
11937 
11938 
11939 
274084 
11940 
11941 
11942 
274087 
11943 
274091 
536236 
536239 
274100 
536244 
274109 
405181 
274118 
274127 
405201 
405203 
274136 
536283 
536285 
274145 
536290 
405222 
274154 
274163 
274172 
274181 
536326 
405255 
536328 
536333 
274190 
274199 
405271 
405273 
536351 
536352 
274208 
536353 
536354 
536355 
536356 
536357 
536358 
536359 
536360 
405288 
536361 
274217 
536362 
536363 
536364 
536365 
536366 
536367 
274223 
536368 
536369 
536370 
274226 
536371 
536372 
536373 
536374 
536375 
274231 
536376 
536377 
536378 
274234 
536379 
536380 
536381 
536382 
274238 
536383 
536384 
274241 
405313 
536385 
536386 
536387 
274244 
536388 
536389 
536390 
536391 
536392 
536393 
536394 
536395 
536396 
274253 
405325 
536397 
536398 
405327 
536399 
536400 
536401 
536402 
536403 
536404 
274260 
536405 
536406 
536407 
536408 
274265 
536409 
274266 
536410 
405338 
274267 
536411 
274268 
536412 
536413 
536414 
536415 
274271 
536416 
274272 
536417 
274273 
536418 
274274 
536419 
536420 
274277 
536421 
536422 
536423 
274280 
536424 
536425 
274281 
536426 
274282 
536427 
405355 
536428 
274284 
274285 
536429 
536430 
536431 
274287 
274288 
536432 
536433 
274289 
274290 
536434 
536435 
405363 
274291 
274292 
536436 
405365 
536437 
536438 
536439 
274296 
536440 
536441 
536442 
536443 
405372 
536444 
536445 
536446 
536447 
536448 
536449 
536450 
536451 
536452 
405381 
536453 
274310 
536454 
536455 
274312 
536456 
405385 
274313 
536458 
274315 
405387 
536460 
405390 
536462 
274318 
405391 
536464 
274320 
274321 
536466 
536468 
536470 
536472 
274329 
536474 
536476 
274332 
274334 
536478 
274336 
536480 
274338 
536482 
12195 
536484 
274340 
274341 
274342 
536486 
536488 
274345 
536490 
536492 
12205 
536494 
274356 
12217 
274362 
405445 
12231 
274375 
274377 
274379 
12246 
274390 
274396 
274398 
274400 
274403 
274404 
274406 
12263 
274407 
274412 
274414 
274418 
274420 
405496 
12282 
274426 
274428 
274438 
274439 
274440 
274441 
274442 
274443 
274444 
274445 
274446 
12303 
274447 
274448 
274449 
274450 
274451 
274452 
274453 
274454 
274455 
274456 
274457 
274458 
274459 
274460 
274461 
274462 
274463 
274464 
274465 
274466 
274467 
274468 
274469 
12326 
274470 
274471 
274472 
274473 
274474 
405546 
274475 
405547 
274476 
405548 
274477 
405549 
405550 
274478 
405551 
274479 
405552 
274480 
405553 
274481 
405554 
274482 
405555 
274483 
405556 
274484 
405557 
274485 
405558 
274486 
405559 
274487 
405560 
274488 
405561 
274489 
405562 
274490 
405563 
274491 
405564 
274492 
405565 
274493 
405566 
274494 
12351 
405567 
274495 
405568 
274496 
405569 
274497 
405570 
274498 
405571 
274499 
405572 
274500 
405573 
274501 
405574 
274502 
405575 
274503 
405576 
274504 
405577 
274505 
405578 
274506 
405579 
274507 
405580 
274508 
405581 
274509 
405582 
274510 
405583 
274511 
405584 
274512 
405585 
274513 
405586 
274514 
405587 
274515 
405588 
274516 
405589 
274517 
405590 
274518 
405591 
274519 
405592 
274520 
405593 
274521 
405594 
274522 
405595 
274523 
12380 
405596 
274524 
274525 
405597 
274526 
405598 
274527 
405599 
274528 
405600 
274529 
405601 
274530 
405602 
274531 
405603 
274532 
405604 
274533 
405605 
274534 
405606 
274535 
405607 
274536 
405608 
274537 
405609 
274538 
405610 
274539 
405611 
274540 
405612 
274541 
405613 
274542 
405614 
274543 
405615 
274544 
405616 
274545 
405617 
274546 
405618 
274547 
405619 
274548 
405620 
274549 
405621 
274550 
405622 
274551 
405623 
274552 
405624 
405625 
274553 
12410 
274554 
405626 
405627 
274555 
405628 
274556 
405629 
274557 
405630 
274558 
405631 
274559 
405632 
274560 
405633 
274561 
405634 
274562 
405635 
274563 
405636 
274564 
405637 
274565 
405638 
274566 
405639 
274567 
405640 
274568 
405641 
274569 
405642 
274570 
405643 
274571 
405644 
274572 
405645 
274573 
405646 
274574 
405647 
274575 
405648 
274576 
405649 
274577 
405650 
274578 
405651 
274579 
405652 
274580 
405653 
274581 
405654 
274582 
405655 
274583 
405656 
274584 
274585 
405657 
274586 
405658 
405659 
274587 
274588 
405660 
274589 
405661 
274590 
405662 
405663 
274591 
274592 
405664 
274593 
405665 
274594 
405666 
405667 
274595 
274596 
405668 
274597 
405669 
405670 
274598 
274599 
405671 
405672 
274600 
405673 
274601 
405674 
274602 
405675 
274603 
274604 
405676 
405677 
274605 
274606 
405678 
405679 
274607 
274608 
405680 
274609 
405681 
405682 
274611 
405683 
405684 
274613 
405685 
405686 
274615 
405687 
405688 
274617 
405689 
405690 
274619 
405691 
405692 
274621 
405693 
405694 
274623 
405695 
274625 
405697 
274627 
405699 
405701 
274629 
274631 
405703 
405705 
274633 
274635 
405707 
405709 
274637 
274639 
405711 
405713 
274641 
274643 
405715 
405717 
274645 
274647 
405719 
405721 
405723 
405725 
405727 
405729 
12514 
405731 
405733 
536811 
143602 
536825 
536827 
143627 
143651 
143674 
143696 
143717 
143719 
143739 
143774 
143791 
143793 
143809 
537039 
143836 
537064 
143849 
537088 
537111 
143903 
537133 
537154 
537156 
143954 
537176 
537211 
144005 
537228 
537230 
144019 
537246 
144032 
144044 
144047 
144049 
144051 
537273 
537286 
537288 
537300 
537319 
537328 
537330 
537338 
144124 
537349 
13062 
13063 
13064 
13065 
13066 
537354 
13067 
13068 
537356 
13070 
13072 
537360 
144146 
13074 
537363 
537364 
537366 
144157 
13154 
13174 
144265 
13207 
144290 
537512 
537513 
537514 
537515 
537516 
537518 
537520 
144306 
537522 
537536 
144331 
13262 
537551 
13264 
13266 
13268 
13270 
13272 
13274 
13276 
537566 
13279 
13281 
13283 
13285 
13287 
13289 
13291 
144365 
537581 
13293 
13295 
13297 
13299 
13301 
13303 
13305 
13307 
537596 
13309 
13310 
13311 
13312 
13313 
13314 
13315 
13316 
13317 
144390 
13318 
13319 
13320 
13321 
13322 
537611 
13323 
13324 
13325 
13326 
13327 
13328 
13329 
13330 
13331 
13332 
13333 
144406 
13334 
13335 
13336 
13337 
537626 
13338 
13339 
13340 
13341 
13342 
13343 
13344 
13345 
13346 
13347 
13348 
13349 
13350 
13351 
13352 
537641 
13353 
13354 
13355 
13356 
13357 
13358 
144431 
13359 
13360 
13361 
13362 
13363 
13364 
13365 
13366 
13367 
537656 
13368 
13369 
13370 
13371 
13372 
13373 
13374 
13375 
13376 
13377 
13378 
13379 
13380 
13381 
13382 
537671 
13383 
13384 
13385 
13386 
144459 
13387 
13388 
13389 
13390 
13391 
13392 
13393 
13394 
537683 
13395 
13396 
13397 
537686 
13398 
275542 
13399 
13400 
13401 
537697 
537700 
406628 
144490 
537710 
537713 
144506 
537722 
537725 
537733 
275591 
537736 
275593 
275595 
275597 
275599 
537743 
275600 
537746 
275602 
144531 
275604 
275606 
275608 
537752 
275610 
275612 
275614 
275616 
275618 
275620 
275622 
537768 
275624 
537769 
275625 
537770 
275626 
537771 
275628 
275630 
144559 
537776 
275632 
537779 
537783 
537787 
537792 
537795 
537799 
537803 
144590 
537808 
537811 
537815 
537819 
144606 
537824 
537827 
537831 
537835 
406764 
537837 
537840 
406768 
537841 
537842 
144631 
275717 
275719 
275721 
275722 
144659 
144690 
144706 
275788 
275792 
275795 
275796 
275797 
275799 
144729 
275802 
275804 
275805 
13673 
144753 
13683 
13695 
275843 
275844 
275845 
144774 
275846 
275848 
275851 
13709 
275854 
275855 
275857 
144786 
275858 
275859 
275860 
275861 
275862 
275864 
275867 
13724 
275870 
144801 
275873 
275876 
275879 
275882 
13741 
275885 
144816 
275888 
275891 
275894 
275897 
144826 
275900 
275903 
13760 
144834 
275906 
275909 
275912 
144841 
275915 
538059 
538061 
144847 
275919 
538065 
538066 
144852 
13781 
275926 
275927 
144856 
144859 
275932 
144861 
275933 
144862 
144863 
275935 
144864 
144865 
275938 
13804 
275948 
275952 
275954 
275955 
538099 
275956 
275959 
538104 
275966 
275968 
275970 
275971 
13829 
538129 
538134 
275998 
275999 
13856 
276000 
276001 
276002 
276003 
276007 
538160 
538165 
276026 
276029 
13887 
144962 
144963 
538183 
538188 
276048 
144979 
276052 
144982 
538205 
144990 
144991 
144992 
144993 
144994 
538210 
144996 
276069 
144998 
144999 
276072 
145001 
145002 
538221 
145010 
538226 
145012 
145013 
145014 
145015 
276089 
276093 
145023 
538247 
145032 
145033 
145034 
276108 
538254 
276110 
538256 
276112 
538258 
276114 
276115 
538260 
538262 
538264 
276121 
538266 
276123 
538268 
538270 
276127 
538272 
276129 
538274 
538276 
538278 
538280 
538282 
276138 
276139 
538284 
276141 
538286 
276143 
538288 
276145 
276149 
276151 
276156 
276159 
276161 
14018 
538314 
538315 
538316 
538317 
538318 
276175 
276185 
276188 
276190 
276195 
276198 
538342 
276199 
276200 
538344 
538346 
538367 
538370 
145155 
538371 
145157 
538373 
145159 
145160 
538377 
538381 
538385 
538389 
145174 
145176 
538393 
538397 
145184 
538401 
145186 
145188 
145194 
538410 
145196 
145197 
276269 
276273 
538439 
538443 
538444 
538450 
538458 
538466 
538474 
538482 
538490 
538498 
538504 
538507 
145305 
145307 
145309 
145311 
145314 
145316 
145318 
145320 
145322 
145325 
145326 
145327 
145328 
145329 
145330 
145331 
145332 
145333 
145334 
145335 
145336 
145337 
145338 
145339 
145340 
145341 
145342 
145343 
145344 
145345 
145346 
145347 
145348 
145349 
145350 
145351 
145352 
145353 
145354 
145355 
145356 
145357 
145358 
145359 
145360 
145361 
145362 
145363 
145364 
145365 
145366 
145367 
145368 
145369 
145370 
145371 
145372 
145373 
145374 
145375 
145376 
145377 
145378 
145379 
145380 
145381 
145382 
145383 
145384 
145385 
538601 
145386 
145387 
145388 
538605 
145389 
145390 
538607 
145391 
145392 
145393 
145394 
145395 
538611 
145396 
538612 
145397 
145398 
145399 
145400 
145401 
145402 
145403 
145404 
145405 
145406 
145407 
145408 
145409 
145410 
145411 
145412 
145413 
145414 
145415 
145416 
145417 
145418 
145419 
145420 
145421 
145422 
145423 
145424 
145425 
145426 
145427 
145428 
145429 
145430 
145431 
145432 
145433 
145434 
145435 
145436 
145437 
145438 
145439 
145440 
145441 
145442 
145443 
145444 
145445 
145446 
145447 
145448 
145449 
145450 
145451 
538668 
145452 
145453 
145454 
145455 
145456 
145457 
538673 
145458 
145459 
145460 
145461 
145462 
538678 
145463 
145464 
145465 
145466 
145467 
145468 
145469 
145470 
145471 
145472 
145473 
145474 
145475 
145476 
145477 
145478 
145479 
145480 
145481 
145482 
145483 
145484 
145485 
145486 
145487 
145488 
145489 
145490 
145491 
145492 
145493 
145494 
145495 
145496 
145497 
145498 
145499 
145500 
145501 
145502 
145503 
145504 
145505 
145506 
145507 
145508 
145509 
145510 
145511 
145512 
538729 
145513 
145514 
145515 
538731 
145516 
145517 
145518 
145519 
538736 
145520 
145521 
145522 
145523 
145524 
145525 
145526 
145527 
145530 
145532 
145534 
145536 
145538 
145540 
145542 
145544 
145546 
145548 
538786 
538790 
538795 
407766 
538839 
538841 
538846 
407791 
14599 
407815 
14600 
538888 
14601 
14602 
14603 
538891 
14604 
14605 
14607 
538896 
14609 
14611 
407838 
407840 
538933 
407862 
538935 
538940 
407901 
538974 
538976 
538981 
14701 
407920 
407922 
538997 
538998 
14711 
538999 
539000 
539001 
539002 
539003 
539004 
539005 
539006 
539007 
539008 
539009 
539010 
539011 
539012 
407940 
539013 
539014 
539015 
539016 
539017 
539018 
539019 
539020 
14733 
539021 
539022 
539023 
539024 
539025 
539026 
539027 
539028 
539029 
539030 
539031 
539032 
539033 
539034 
539035 
539036 
539037 
539038 
539039 
539040 
539041 
539042 
407971 
539043 
539044 
539045 
539046 
539047 
539048 
539049 
539050 
539051 
539052 
539053 
539054 
539055 
539056 
539057 
539058 
407986 
539059 
539060 
407988 
539061 
539062 
539063 
539064 
539065 
539066 
539067 
539068 
539069 
539070 
539071 
539072 
539073 
539074 
408002 
539075 
539076 
539077 
539078 
539079 
539080 
539081 
539082 
539083 
539084 
539085 
539086 
539087 
539088 
539089 
539090 
539091 
539092 
539093 
539094 
539095 
539096 
408025 
539097 
539098 
539099 
539101 
539103 
539105 
539107 
408036 
539109 
14821 
408038 
539111 
14823 
539113 
14825 
539115 
14827 
539117 
14829 
539119 
14831 
408048 
539121 
14833 
539123 
14835 
539125 
14838 
539127 
14840 
539129 
14842 
539131 
14844 
539133 
14846 
408063 
539135 
14848 
539137 
14850 
14852 
408070 
14854 
408072 
14856 
14858 
14860 
408078 
14862 
14864 
14866 
14868 
408085 
14870 
14871 
14872 
408088 
14873 
408090 
14874 
408091 
14875 
14876 
14877 
14878 
14879 
14880 
14881 
14882 
14883 
14884 
14885 
14886 
14887 
14888 
14889 
14890 
14891 
14892 
14893 
14894 
14895 
14896 
14897 
14898 
14899 
14900 
14901 
14902 
14903 
14904 
14905 
14906 
14907 
14908 
14909 
14910 
14911 
14912 
14913 
14914 
14915 
14916 
14917 
14918 
14919 
14920 
14921 
14922 
14923 
14924 
14925 
14926 
14927 
14928 
408145 
14929 
14930 
14931 
14932 
14933 
14934 
14935 
14936 
14937 
14938 
14939 
14940 
14941 
14942 
14943 
14944 
14945 
14946 
14947 
14948 
14949 
14950 
14951 
14952 
14953 
14954 
14955 
14956 
14957 
14958 
14959 
14960 
14961 
14962 
14963 
14964 
14965 
408196 
408246 
408247 
408248 
408249 
408250 
408251 
408252 
408253 
408254 
408255 
408256 
408257 
408258 
408259 
408260 
408261 
408262 
408263 
408264 
408265 
408266 
408267 
408268 
408269 
408270 
408271 
408272 
408273 
408274 
408275 
408276 
408277 
408278 
408279 
408280 
408281 
408282 
408283 
408284 
408285 
408286 
408287 
408288 
408289 
408290 
408291 
408292 
408293 
408294 
408295 
408296 
408297 
408298 
408299 
408300 
408301 
408302 
408303 
408304 
408305 
408306 
408307 
408308 
408309 
408310 
408311 
408312 
408313 
408314 
408315 
408316 
408317 
408318 
408319 
408320 
408321 
408322 
408323 
408324 
408325 
408326 
408327 
408328 
408329 
408330 
408331 
408332 
408333 
408334 
408335 
408336 
408337 
408338 
408339 
408340 
408341 
408342 
408343 
277271 
408344 
408345 
408346 
408347 
408348 
408349 
408350 
408351 
408352 
408353 
408354 
539426 
408355 
408356 
408357 
408358 
408359 
408360 
408361 
408362 
408363 
408364 
408365 
539437 
408366 
408367 
539439 
408368 
277296 
408369 
408370 
408371 
408372 
408373 
408374 
408375 
408376 
408377 
408378 
408379 
408380 
408381 
408382 
408383 
408384 
408385 
408386 
408387 
408388 
408389 
408390 
408391 
277320 
408392 
408393 
408394 
408395 
408397 
408399 
408401 
408403 
408405 
408407 
408409 
408411 
408413 
277343 
408415 
277345 
408417 
408419 
408421 
408423 
408425 
408427 
408429 
408431 
408433 
277367 
15257 
277406 
15267 
15279 
277425 
277427 
15293 
277445 
15308 
539611 
15325 
277476 
146415 
15344 
277491 
539636 
277493 
277507 
15365 
539660 
277530 
15388 
146464 
539683 
539685 
277541 
277543 
146473 
146475 
146477 
146479 
277553 
146482 
146484 
15413 
146486 
146488 
146490 
146491 
146493 
146495 
277568 
146497 
146499 
277575 
277577 
539726 
277583 
146512 
15440 
277590 
277593 
277595 
277596 
539746 
146532 
539748 
15469 
539767 
146554 
146576 
277650 
539800 
539816 
146601 
539818 
539833 
146628 
277701 
539858 
539870 
539872 
146657 
539883 
277752 
277754 
539900 
277756 
277758 
277759 
277762 
539908 
277764 
277766 
539910 
277768 
277770 
277772 
15628 
539917 
277774 
277776 
277778 
277779 
277780 
277782 
539926 
277783 
539930 
539932 
539935 
539936 
539938 
277795 
277805 
277814 
277822 
277828 
277834 
277838 
277842 
277844 
277846 
277847 
277850 
277869 
277873 
277890 
277893 
277910 
277914 
277929 
277932 
540083 
540084 
540085 
540086 
540087 
540089 
540091 
277947 
540093 
277961 
277962 
277963 
540107 
277964 
277967 
277970 
277972 
277974 
540122 
277984 
277986 
277988 
277991 
277992 
540137 
277994 
277996 
278001 
278002 
278003 
278004 
278006 
278007 
540152 
278008 
278009 
278010 
278011 
278014 
278019 
278022 
540167 
278027 
278030 
278034 
540182 
278043 
278052 
540197 
278061 
540212 
278070 
278079 
540227 
278088 
278097 
540242 
278106 
540254 
540257 
278115 
278124 
540268 
540271 
278133 
540281 
540284 
278142 
540293 
278151 
540296 
278157 
278160 
540304 
540307 
278165 
278168 
540314 
278172 
540317 
278175 
278178 
540323 
540326 
278187 
540331 
278194 
278199 
278200 
278201 
278202 
540347 
540348 
540349 
278205 
540350 
278206 
278207 
278208 
540354 
278211 
540358 
278214 
278215 
278216 
278218 
540363 
278219 
278221 
540366 
278222 
278223 
278224 
278225 
540370 
278226 
540374 
278230 
540379 
540382 
540386 
278243 
278244 
278245 
540390 
278248 
278250 
540395 
278251 
540398 
409328 
278257 
540402 
278260 
540406 
278262 
278264 
278266 
540411 
278268 
278269 
540414 
278270 
278273 
540418 
540421 
540422 
540424 
278283 
278289 
278301 
278303 
278305 
278314 
278318 
278319 
278321 
278322 
278323 
278326 
278328 
278332 
278334 
278337 
278339 
278345 
278346 
278347 
278348 
278349 
278350 
278351 
278352 
278353 
278354 
278355 
278356 
278357 
278358 
278359 
278360 
278361 
278362 
278363 
278364 
278365 
278366 
278367 
278368 
278369 
278370 
278371 
278372 
278373 
278374 
278375 
278376 
278377 
278378 
278379 
278380 
278381 
278382 
278383 
278384 
16241 
278385 
16242 
278386 
16243 
278387 
16244 
278388 
16245 
278389 
16246 
278390 
16247 
278391 
278392 
409464 
16249 
278393 
278394 
16251 
278395 
409468 
278396 
16253 
278397 
278398 
278399 
278400 
278401 
278402 
278403 
278404 
278405 
278406 
278407 
278408 
278409 
278410 
278411 
278412 
278413 
278414 
278415 
278416 
278417 
278418 
278419 
278420 
278421 
278422 
278423 
278424 
278425 
278426 
278427 
278428 
278429 
278430 
278431 
278432 
278433 
278434 
278435 
278436 
278437 
278438 
278439 
278440 
278441 
278442 
278443 
278444 
278445 
278446 
278447 
278448 
278449 
278450 
278451 
278452 
278453 
278454 
278455 
278456 
278457 
278458 
278459 
278460 
278461 
278462 
278463 
278464 
278465 
278466 
278467 
540611 
278468 
278469 
278470 
278471 
278472 
540616 
540617 
278473 
540618 
278474 
278475 
278476 
278477 
278478 
278479 
278480 
278481 
278482 
278483 
278484 
278485 
16342 
278486 
278487 
278488 
278489 
278490 
278491 
278492 
278493 
278494 
278495 
278496 
278497 
278498 
278499 
278500 
278501 
278502 
540646 
278503 
278504 
278505 
278506 
540651 
278507 
16364 
278508 
278509 
278510 
278511 
278513 
278515 
278517 
16375 
278519 
278521 
278523 
278525 
278527 
278529 
278531 
278533 
278535 
278537 
278539 
540684 
278541 
278543 
540689 
278545 
278547 
278549 
540712 
540717 
540741 
540746 
147542 
147545 
540762 
540767 
147552 
147553 
147554 
147555 
16484 
147557 
16486 
147559 
16488 
16490 
16492 
540782 
16494 
16496 
16498 
540787 
16500 
16503 
16505 
16507 
540796 
16509 
147583 
16511 
147585 
540801 
16513 
147587 
16515 
16517 
147591 
16519 
16521 
16523 
16525 
16527 
16529 
16531 
540820 
16532 
16533 
16535 
16537 
540825 
16538 
16539 
540827 
16540 
540829 
16541 
16542 
540831 
16543 
16544 
540833 
16545 
16546 
540835 
16547 
16548 
540837 
16549 
16550 
540839 
16551 
16552 
540841 
16553 
16554 
540843 
16555 
16556 
540845 
16557 
16558 
540847 
16559 
16560 
540849 
16561 
16562 
540851 
16563 
16564 
540853 
16565 
16566 
16567 
540855 
16568 
16569 
540857 
16570 
16571 
540859 
16572 
16573 
540861 
16574 
16575 
16576 
16577 
16578 
16579 
16580 
16581 
16582 
16583 
16584 
16585 
16586 
16587 
16588 
16589 
16590 
16591 
16592 
16593 
16594 
16595 
16596 
16597 
16598 
16599 
540888 
16600 
540889 
16601 
540890 
16602 
540891 
16603 
16604 
16605 
16606 
16607 
16608 
16609 
16610 
16611 
16612 
16613 
16614 
16615 
16616 
16617 
16618 
16619 
16620 
16621 
16622 
16623 
16624 
16625 
540914 
16626 
16627 
540916 
16628 
16629 
540918 
16630 
16631 
540920 
16632 
16633 
16634 
540948 
540955 
540957 
540961 
540964 
540968 
540972 
540976 
540980 
147767 
540984 
147769 
147771 
147773 
540990 
540992 
147782 
147786 
147789 
147791 
147792 
147793 
147794 
541024 
541025 
541026 
541032 
541040 
541048 
541056 
541064 
541072 
541080 
541087 
541091 
541092 
147876 
147880 
541118 
541126 
541131 
541132 
541133 
541186 
541188 
541193 
16946 
16956 
541248 
541253 
16968 
541258 
16982 
16997 
17014 
541306 
541308 
541313 
17033 
17054 
541360 
541364 
17077 
541369 
17102 
541410 
541412 
17129 
541417 
17158 
541456 
541459 
541464 
541498 
541500 
541505 
541536 
541538 
410466 
541542 
541556 
541557 
541558 
541559 
541560 
541561 
541562 
541563 
410491 
541564 
541565 
541566 
541567 
541568 
541569 
541570 
541571 
541572 
541573 
541574 
541575 
541576 
541577 
541578 
541579 
541580 
541581 
541582 
541583 
541584 
541585 
541586 
410515 
541587 
279444 
541588 
541589 
541590 
541591 
541592 
541593 
541594 
541595 
541596 
541597 
541598 
541599 
541600 
541601 
541602 
541603 
541604 
541605 
541606 
541607 
541608 
541609 
541610 
410538 
541611 
541612 
541613 
541614 
541615 
541616 
541617 
541618 
541619 
541620 
541621 
541622 
541623 
541624 
541625 
541626 
541627 
541628 
541629 
541630 
541631 
17343 
541632 
410560 
541633 
541634 
410562 
541635 
541636 
279493 
541637 
541638 
279495 
541639 
541640 
279497 
541641 
279498 
541642 
279499 
541643 
541644 
279501 
541645 
541646 
541647 
279503 
541648 
279505 
541649 
541650 
279507 
541651 
541652 
279509 
541653 
541654 
410583 
279511 
541655 
541656 
279513 
541658 
279515 
541660 
279517 
541662 
279519 
541664 
279521 
541666 
279522 
279524 
541668 
541670 
279526 
279528 
541672 
541674 
541676 
541678 
541680 
541682 
541684 
541686 
541688 
541690 
410620 
541692 
541694 
410638 
410640 
410657 
279592 
279594 
279596 
279597 
410686 
410700 
410702 
410715 
279659 
279663 
410736 
279666 
279667 
279668 
279670 
279672 
279673 
410746 
410748 
410757 
410770 
410776 
410778 
279708 
279709 
279710 
279711 
410783 
279713 
279716 
410788 
410790 
279719 
410791 
279720 
279722 
279723 
279724 
279725 
279726 
279727 
279729 
279732 
279735 
279738 
279741 
279744 
279747 
279750 
279753 
279756 
279759 
279762 
279765 
279768 
279771 
410845 
279774 
279777 
279781 
279788 
279789 
279794 
279795 
279797 
279800 
279803 
279805 
279814 
279816 
279818 
541963 
279822 
279823 
410896 
279825 
279827 
541972 
541974 
279832 
279834 
279835 
279836 
279862 
279863 
279864 
279865 
279866 
279867 
279871 
410946 
410947 
410948 
410949 
410950 
410951 
410952 
410953 
410954 
410955 
410956 
410957 
410958 
410959 
410960 
410961 
279889 
410962 
410963 
410964 
279892 
410965 
410966 
410967 
410968 
410969 
410970 
410971 
410972 
410973 
410974 
410975 
410976 
410977 
410978 
410979 
410980 
410981 
410982 
279910 
410983 
410984 
410985 
410986 
279914 
410987 
410988 
410989 
410990 
410991 
410992 
410993 
410994 
410995 
410996 
410997 
410998 
410999 
411000 
411001 
279930 
411002 
411003 
411004 
279933 
411005 
411006 
411007 
411008 
411009 
411010 
411011 
411012 
411013 
411014 
411015 
411016 
411017 
411018 
411019 
411020 
279949 
411021 
148878 
411022 
411023 
411024 
279953 
411025 
411026 
411027 
411028 
411029 
411030 
411031 
411032 
411033 
411034 
542106 
411035 
411036 
411037 
411038 
411039 
279967 
411040 
411041 
279969 
411042 
279970 
411043 
411044 
411045 
411046 
411047 
279975 
148903 
411048 
411049 
279977 
411050 
411051 
411052 
411053 
279981 
411054 
411055 
279983 
411056 
411057 
411058 
411059 
542131 
411060 
411061 
411062 
411063 
279991 
411064 
279992 
411065 
411066 
279994 
411067 
411068 
279996 
411069 
411070 
279998 
411071 
148927 
411072 
411073 
280002 
411074 
411075 
280004 
411076 
411077 
411078 
411079 
411080 
280009 
411081 
411082 
542155 
411083 
280012 
411084 
411085 
280014 
411086 
411087 
411088 
411089 
411090 
411091 
411092 
411093 
148950 
411094 
411095 
148952 
411097 
280027 
411099 
411101 
411103 
411105 
280034 
542178 
411107 
542180 
280037 
411109 
280039 
411111 
411113 
280043 
411115 
280044 
411117 
411119 
411121 
411123 
411125 
411127 
411129 
542202 
411131 
411133 
148993 
149013 
149015 
542241 
149034 
280113 
542260 
280117 
542262 
17987 
17988 
17989 
17990 
17991 
17992 
542280 
17993 
17995 
149067 
17997 
17999 
149083 
149085 
542311 
149100 
542326 
542328 
149125 
542342 
149137 
542365 
18079 
542376 
542378 
542388 
18109 
542403 
149191 
542410 
542412 
542418 
18133 
542425 
542428 
542430 
542431 
542433 
149242 
149293 
18229 
149306 
149318 
18254 
18256 
149329 
18258 
18260 
149333 
18262 
149335 
18264 
149337 
18266 
149339 
18268 
18270 
18273 
18275 
18277 
18279 
18281 
18283 
18285 
18287 
542576 
542577 
18289 
542578 
542579 
18291 
542580 
18293 
542582 
18295 
542584 
18297 
542586 
18299 
18301 
18302 
18303 
18305 
18307 
18308 
18309 
18310 
18311 
542600 
18312 
18313 
18314 
18315 
18316 
18317 
18318 
18319 
18320 
18321 
18322 
18323 
149396 
18324 
18325 
18326 
542615 
18327 
18328 
18329 
18330 
18331 
18332 
18333 
18334 
18335 
18336 
18337 
18338 
18339 
18340 
18341 
18342 
542630 
18343 
18344 
18345 
18346 
18347 
18348 
18349 
18350 
18351 
18352 
18353 
149426 
18354 
18355 
18356 
542645 
18357 
18358 
18359 
18360 
18361 
18362 
18363 
18364 
18365 
18366 
18367 
18368 
18369 
18370 
18371 
542660 
18372 
18373 
18374 
18375 
18376 
18377 
149450 
18378 
18379 
18380 
18381 
18382 
18383 
18384 
18385 
18386 
542675 
18387 
18388 
18389 
18390 
18391 
18392 
18393 
18394 
18395 
18396 
18397 
18398 
18399 
18400 
18401 
542690 
18402 
18403 
18404 
18405 
18406 
18407 
542705 
542720 
542735 
542747 
542750 
542761 
149546 
542764 
542774 
542777 
542786 
149571 
542789 
542797 
542800 
542807 
542810 
149596 
542816 
542819 
542824 
542827 
149612 
542831 
542847 
542848 
542849 
542850 
149637 
542855 
542858 
542862 
542866 
542871 
542874 
542878 
149665 
542882 
542887 
542890 
542894 
542898 
542903 
542906 
542910 
149696 
542914 
542919 
542922 
542924 
542926 
542927 
149712 
149737 
149765 
149796 
18739 
149812 
18749 
18761 
149837 
18775 
543069 
543071 
543075 
543076 
18790 
149865 
18807 
412028 
149896 
543112 
18826 
543117 
149912 
18847 
543145 
543150 
149937 
18870 
543179 
149965 
18895 
543184 
543205 
18922 
149994 
543210 
150009 
543230 
543235 
412164 
18951 
412168 
150030 
543249 
543254 
281115 
543265 
150051 
543270 
543277 
543281 
150068 
281140 
150079 
543298 
543303 
543305 
543307 
150092 
281164 
543309 
543311 
543313 
543315 
543317 
150103 
543319 
543321 
543323 
543325 
150111 
543327 
543329 
543331 
281187 
543333 
150118 
543335 
543337 
543339 
150124 
543341 
150129 
150133 
150136 
281209 
150138 
150139 
281211 
543374 
543375 
543376 
281232 
543377 
543378 
543402 
543404 
543406 
281269 
281287 
281289 
543436 
543437 
543438 
543439 
543442 
543443 
543444 
543445 
543447 
543450 
281306 
19162 
543452 
543456 
150241 
150242 
543460 
543464 
543468 
543472 
150258 
543476 
150261 
281335 
543480 
150269 
150270 
150271 
150272 
150273 
150275 
543492 
150277 
281349 
150278 
281351 
150280 
543496 
150281 
543501 
150289 
543505 
543506 
543507 
150291 
150292 
281364 
150293 
150294 
543511 
543512 
150302 
543518 
543526 
150311 
281385 
543534 
150320 
281395 
281397 
543542 
543550 
281406 
543558 
281419 
543566 
281425 
281427 
543574 
281432 
543578 
543580 
281437 
281439 
281440 
543606 
543611 
543616 
281494 
543669 
543671 
543676 
150464 
150467 
150469 
150471 
281545 
150483 
150488 
150490 
150492 
150495 
150496 
543728 
543732 
543737 
281596 
281598 
281599 
281600 
281602 
281604 
281606 
281608 
281610 
281612 
281614 
281616 
281618 
281619 
281620 
281621 
281631 
281639 
543783 
543785 
281646 
543790 
281652 
281657 
281661 
281664 
281666 
281667 
281668 
281671 
150615 
281689 
150617 
543834 
150619 
281693 
543837 
150621 
150624 
543842 
150626 
150628 
150630 
150632 
150635 
150636 
281709 
150637 
150638 
150639 
150640 
281712 
150641 
150642 
150643 
150644 
150645 
150646 
150647 
150648 
150649 
150650 
150651 
150652 
150653 
150654 
150655 
281728 
150656 
150657 
150658 
150659 
150660 
281732 
150661 
150662 
150663 
150664 
150665 
543881 
150666 
150667 
543883 
150668 
150669 
150670 
150671 
543888 
150672 
150673 
281746 
150674 
150675 
150676 
150677 
281749 
150678 
150679 
150680 
150681 
150682 
150683 
150684 
150685 
150686 
150687 
150688 
150689 
150690 
150691 
281763 
150692 
150693 
150694 
150695 
150696 
150697 
150698 
150699 
150700 
150701 
150702 
150703 
150704 
150705 
281777 
150706 
281778 
281779 
150707 
281780 
543924 
150708 
150709 
150710 
543926 
281783 
150711 
150712 
150713 
281786 
150714 
150715 
543931 
281788 
150716 
150717 
281790 
150718 
281791 
150719 
281792 
150720 
150721 
150722 
150723 
150724 
150725 
150726 
150727 
150728 
150729 
281802 
150730 
150731 
281804 
150732 
150733 
281806 
150734 
150735 
281808 
150736 
150737 
281810 
150738 
150739 
281812 
150740 
281813 
150741 
281814 
150742 
281815 
150743 
281816 
150744 
281817 
150745 
150746 
150747 
543963 
281820 
150748 
150749 
543965 
150750 
281822 
281823 
150751 
150752 
281824 
281825 
150753 
543970 
150754 
281826 
281827 
150755 
150756 
150757 
281830 
150758 
150759 
150760 
150761 
150762 
281835 
150763 
150764 
150765 
281838 
150766 
150767 
150768 
150769 
150770 
281843 
150771 
150772 
150773 
281846 
150774 
150775 
150776 
150777 
281850 
150778 
150779 
150780 
150781 
150782 
543998 
150783 
150784 
544000 
150785 
150786 
281859 
150787 
544003 
150788 
150789 
150790 
150791 
150792 
150793 
150794 
150795 
281868 
150796 
150797 
150798 
150799 
544016 
150800 
544017 
150801 
544018 
150802 
544019 
150803 
544020 
150804 
544021 
281877 
150805 
544022 
150806 
544023 
150807 
544024 
150808 
544025 
150809 
544026 
150810 
544027 
150811 
544028 
150812 
544029 
150813 
544030 
281886 
150814 
544031 
150815 
544032 
150816 
544033 
150817 
544034 
150818 
544035 
150819 
544036 
150820 
544037 
150821 
544038 
150822 
544039 
281895 
150823 
544040 
150824 
544041 
150825 
544042 
150826 
544043 
150827 
544044 
150828 
150829 
544045 
150830 
544046 
150831 
544047 
281904 
150832 
544048 
150833 
544049 
150834 
544050 
150835 
544051 
544052 
544053 
150838 
544054 
544055 
150840 
544056 
281913 
544057 
150842 
544058 
544059 
150844 
544060 
544061 
150846 
544062 
544063 
150848 
544064 
544065 
544066 
281922 
150850 
544067 
544068 
150852 
544069 
544070 
150854 
544071 
544072 
150856 
544073 
544074 
150858 
281931 
544075 
544076 
544077 
544078 
544079 
544080 
544081 
544082 
544083 
281940 
544084 
544085 
544086 
544087 
544088 
544089 
544090 
544091 
544092 
281949 
544093 
544094 
544095 
544096 
544097 
544098 
544099 
544100 
544101 
281958 
544102 
544103 
544104 
544105 
544106 
544107 
281964 
544108 
544109 
544110 
281967 
544111 
544112 
544113 
544115 
281972 
544117 
281975 
544119 
544121 
544123 
281979 
19836 
19837 
544125 
19838 
281982 
19839 
544127 
19840 
19841 
281985 
544129 
19842 
544131 
19844 
544133 
19846 
544135 
19848 
544137 
281994 
544139 
544141 
544143 
544145 
282001 
544147 
544149 
282006 
282007 
544151 
282008 
282009 
282012 
282013 
282014 
282015 
282018 
282021 
282022 
282023 
282025 
282026 
282028 
282029 
282030 
282031 
282032 
282033 
282037 
282049 
282051 
282053 
282054 
282058 
282061 
282063 
282065 
282067 
282069 
282070 
282071 
19928 
282074 
282083 
282089 
19948 
413166 
282099 
282101 
282103 
282109 
282111 
282112 
282114 
282116 
282118 
282119 
413191 
282121 
282123 
19981 
282127 
282128 
282129 
282130 
282131 
282132 
282133 
282134 
282135 
282136 
282137 
282138 
282139 
282140 
282141 
282142 
282143 
413215 
282144 
282145 
282146 
282147 
282148 
282149 
282150 
282151 
282152 
282153 
282154 
282155 
282156 
282157 
282158 
282159 
282160 
282161 
282162 
282163 
282164 
282165 
282166 
413238 
282167 
282168 
282169 
282170 
282171 
282172 
282173 
282174 
282175 
282176 
282177 
282178 
282179 
282180 
282181 
282182 
282183 
282184 
282185 
282186 
282187 
413260 
282188 
282189 
282190 
282191 
282192 
282193 
282194 
282195 
282196 
282197 
282198 
282199 
282200 
282201 
282202 
282203 
282204 
282205 
282206 
282207 
282208 
282209 
413281 
282210 
282211 
413283 
282212 
282213 
282214 
282215 
282216 
282217 
282218 
282219 
282220 
282221 
20078 
282222 
282223 
282224 
282225 
282226 
282227 
282228 
282229 
282230 
282231 
413303 
282232 
282233 
282234 
282235 
282236 
282237 
20094 
282238 
282239 
282240 
282241 
282242 
282243 
282244 
282245 
282246 
282247 
282248 
544392 
282249 
282250 
282251 
282252 
282253 
282254 
544398 
282255 
544400 
282256 
282257 
282258 
282259 
282260 
282261 
282262 
282263 
282264 
282265 
413338 
282266 
282267 
282268 
282269 
282270 
282271 
20128 
282272 
282273 
282274 
20130 
282275 
282276 
20132 
282277 
282278 
20134 
282279 
282280 
20136 
282281 
282282 
20138 
282283 
413355 
282284 
20140 
413357 
282285 
282286 
20142 
282287 
20144 
282288 
282289 
282290 
20147 
282292 
20149 
282294 
20151 
282296 
20153 
282298 
20155 
282300 
413373 
20157 
282302 
20159 
282304 
20161 
282306 
20163 
282308 
20165 
282310 
20167 
282312 
20169 
282314 
20171 
282316 
20173 
282318 
20175 
282320 
20176 
20177 
282322 
20179 
282324 
20181 
20182 
282326 
20183 
20184 
282328 
413400 
20185 
20186 
20187 
20188 
20189 
20190 
20191 
20192 
20193 
20194 
20195 
20196 
413413 
20197 
20198 
413415 
20199 
20200 
20201 
20202 
20203 
20204 
20205 
20206 
20207 
20208 
20209 
20210 
413427 
20211 
20212 
20213 
20214 
20215 
20216 
20217 
544505 
20218 
20219 
20220 
20221 
20222 
20223 
20224 
20225 
20226 
20227 
20228 
20229 
413446 
20230 
20231 
20232 
20233 
20234 
20235 
20236 
20237 
20238 
413455 
20239 
20240 
413457 
20241 
20242 
544530 
20243 
20244 
20245 
20246 
20247 
20248 
413465 
20249 
20250 
20251 
20252 
20253 
20254 
20255 
20256 
20257 
20258 
20259 
413476 
20260 
20261 
20262 
20263 
20264 
20265 
413481 
544554 
20266 
413483 
20267 
20268 
20269 
20270 
413487 
20271 
20272 
20273 
413490 
20274 
413491 
20275 
20276 
20277 
20278 
20279 
20280 
20281 
20282 
20283 
20284 
544577 
544599 
544601 
413545 
544622 
544659 
413596 
544677 
544679 
544696 
413646 
413647 
413648 
413649 
413650 
413651 
413652 
413653 
544725 
413654 
413655 
413656 
413657 
413658 
413659 
413660 
413661 
413662 
413663 
413664 
413665 
413666 
413667 
544739 
413668 
413669 
544741 
413670 
413671 
413672 
413673 
413674 
413675 
413676 
413677 
413678 
413679 
413680 
413681 
413682 
544754 
413683 
413684 
413685 
413686 
413687 
413688 
413689 
413690 
413691 
413692 
413693 
413694 
413695 
413696 
413697 
413698 
413699 
413700 
413701 
413702 
544775 
413703 
413704 
413705 
413706 
413707 
413708 
413709 
413710 
413711 
413712 
544785 
413713 
413714 
544787 
413715 
413716 
413717 
413718 
413719 
413720 
413721 
413722 
413723 
413724 
544796 
413725 
413726 
413727 
413728 
413729 
413730 
413731 
413732 
413733 
413734 
413735 
413736 
413737 
544809 
413738 
413739 
413740 
413741 
413742 
413743 
544815 
413744 
413745 
544817 
413746 
413747 
413748 
413749 
413750 
544822 
413751 
413752 
413753 
413754 
413755 
544827 
413756 
413757 
544829 
413758 
544830 
413759 
413760 
544832 
413761 
413762 
413763 
413764 
413765 
413766 
413767 
413768 
413769 
413770 
413771 
413772 
413773 
413774 
413775 
413776 
413777 
413778 
413779 
413780 
413781 
413782 
413783 
413784 
413785 
413786 
413787 
413788 
413789 
413790 
413791 
413792 
413793 
413794 
413795 
413797 
413799 
413801 
413803 
413805 
413807 
413809 
413811 
413813 
413815 
413817 
413819 
413821 
413823 
413825 
413827 
413829 
413831 
413833 
20636 
20646 
20658 
151732 
20672 
544974 
20687 
544975 
544976 
544977 
544978 
544980 
544982 
544984 
20704 
151781 
544998 
151790 
151792 
151794 
20723 
151796 
545013 
151799 
151801 
151803 
151805 
151807 
151809 
151810 
545028 
151812 
151814 
20744 
151816 
151818 
545043 
151833 
20767 
545058 
151855 
545073 
20792 
545088 
151879 
545103 
20819 
545118 
151903 
545133 
20848 
545145 
151930 
545148 
545159 
545162 
545172 
151959 
545175 
545184 
545187 
545195 
545198 
545205 
545208 
545214 
545217 
545222 
545225 
545229 
545232 
545235 
545254 
545255 
545256 
545257 
545261 
545265 
545270 
545273 
545277 
545281 
545286 
545289 
545293 
545297 
545302 
545305 
545309 
545313 
545318 
545321 
545325 
545329 
545331 
545334 
545335 
545336 
283223 
21085 
283272 
283274 
283275 
283277 
283279 
283281 
283283 
283285 
283287 
283289 
283291 
545436 
283293 
283295 
283296 
545441 
545442 
283298 
545443 
283300 
283302 
545473 
545478 
283345 
283347 
283349 
283350 
545513 
545518 
545543 
545548 
283408 
283412 
283415 
283416 
283418 
283419 
545574 
545579 
283453 
545597 
283454 
283455 
283456 
283458 
545602 
283461 
283464 
283465 
283467 
283468 
283469 
283470 
283471 
283472 
283474 
545619 
283477 
283480 
545624 
283483 
283486 
283489 
545635 
283492 
283495 
545640 
283498 
283501 
283504 
545648 
283507 
545653 
283510 
283513 
545657 
283516 
545660 
283519 
283523 
283530 
283531 
545676 
545680 
283536 
283537 
545681 
545682 
283539 
545684 
283542 
545686 
545688 
283545 
545690 
283547 
283548 
545692 
283549 
545694 
545696 
545698 
545700 
283558 
545702 
283560 
545704 
283562 
545706 
283564 
545708 
283566 
545710 
545712 
283569 
283570 
545714 
283571 
283572 
545716 
283573 
545718 
283574 
545720 
283577 
283579 
283580 
283581 
545732 
545733 
283606 
283607 
283608 
283609 
283610 
283611 
283615 
545759 
545760 
545761 
545762 
283632 
283635 
545785 
545787 
545789 
545791 
283652 
283656 
414728 
283671 
283674 
545819 
545820 
545821 
545822 
545824 
545827 
545829 
545830 
545832 
545833 
283689 
545835 
283693 
545839 
545843 
545847 
283706 
545851 
283707 
283710 
545855 
283712 
545859 
283716 
283718 
545863 
283724 
283725 
283727 
545873 
283729 
283731 
545875 
545877 
283735 
545881 
283737 
283742 
545886 
545888 
283745 
545890 
283747 
545894 
283757 
545902 
283761 
283764 
283766 
545910 
283767 
545918 
545926 
545934 
414864 
414868 
545942 
545950 
545956 
545959 
283836 
283840 
545985 
545990 
545995 
546046 
546048 
546053 
152847 
152850 
152853 
152860 
21789 
152861 
21790 
152862 
21791 
152863 
21792 
21793 
152865 
21794 
21795 
152868 
21797 
21799 
21801 
546103 
152891 
546107 
152893 
152895 
546112 
546156 
546158 
546163 
21891 
21901 
546205 
546208 
21923 
546213 
546250 
546252 
546257 
153065 
153067 
153068 
153070 
546291 
546293 
546298 
153083 
153086 
153094 
153097 
153099 
22031 
153104 
153107 
153108 
153109 
546328 
546330 
546334 
22056 
22072 
546361 
546363 
546365 
546377 
546378 
546379 
546380 
546381 
546382 
546383 
546384 
546385 
546386 
546387 
546388 
546389 
546390 
546391 
546392 
546393 
546394 
22106 
546395 
546396 
22108 
546397 
546398 
22110 
546399 
546400 
22112 
546401 
546402 
22114 
546403 
546404 
22116 
546405 
22118 
546406 
153191 
546407 
22120 
546408 
546409 
22122 
546410 
153195 
546411 
546412 
22125 
546413 
546414 
22127 
546415 
546416 
546417 
22129 
546418 
546419 
22131 
546420 
22133 
546421 
546422 
22135 
546423 
546424 
546425 
22137 
546426 
546427 
22139 
546428 
546429 
22141 
546430 
546431 
22143 
546432 
546433 
22145 
546434 
546435 
22147 
546436 
546437 
22149 
546438 
546439 
22151 
546440 
546441 
22153 
546442 
22154 
22155 
546443 
546444 
22157 
546445 
546446 
22159 
546447 
22160 
546448 
22161 
546449 
22162 
546450 
22163 
546451 
22164 
546452 
546453 
22165 
546454 
22166 
22167 
546455 
22168 
546456 
22169 
546457 
22170 
546458 
22171 
546459 
22172 
546460 
22173 
546461 
546462 
22174 
546463 
22175 
22176 
546464 
22177 
546465 
22178 
546466 
22179 
546467 
22180 
546468 
22181 
546469 
22182 
546470 
22183 
546471 
22184 
546473 
22185 
22186 
22187 
546475 
22188 
22189 
546477 
22190 
546479 
22191 
22192 
546481 
22193 
22194 
546483 
22195 
22196 
22197 
546485 
22198 
546487 
22199 
22200 
546489 
22201 
22202 
546491 
22203 
22204 
546493 
22205 
22206 
546495 
22207 
22208 
546497 
22209 
22210 
546499 
22211 
22212 
546501 
22213 
22214 
546503 
22215 
22216 
546505 
22217 
22218 
546507 
22219 
22220 
546509 
22221 
22222 
22223 
22224 
22225 
22226 
22227 
22228 
22229 
22230 
22231 
22232 
22233 
22234 
22235 
22236 
22237 
22238 
22239 
22240 
22241 
22242 
22243 
22244 
22245 
22246 
22247 
22248 
22249 
22250 
22251 
22252 
22253 
22254 
22255 
22256 
22257 
22258 
22259 
22260 
22261 
22262 
22263 
22264 
22265 
546722 
546726 
546728 
546794 
546819 
546843 
546866 
546888 
546909 
546911 
22637 
546931 
22647 
415866 
22659 
22673 
415891 
546966 
22688 
284838 
546983 
546985 
415915 
22705 
547001 
284863 
415938 
22724 
415940 
547028 
284887 
22745 
547041 
547043 
415981 
284910 
547055 
22768 
416001 
547074 
416003 
284932 
22793 
547083 
547085 
547093 
416022 
284953 
284955 
547104 
22820 
547109 
547111 
547115 
547118 
284975 
547119 
547121 
416055 
22849 
416071 
416073 
285010 
416088 
285027 
285029 
416113 
285045 
416125 
416127 
416138 
285072 
416155 
285085 
285087 
416163 
416165 
285099 
416172 
416181 
416185 
416187 
547262 
416190 
285118 
547263 
416191 
547264 
547265 
547266 
547268 
547270 
285127 
547272 
285129 
285137 
547286 
285148 
285153 
285155 
547301 
285159 
285162 
285163 
547316 
416245 
547331 
547346 
547361 
285217 
416296 
547376 
547391 
23112 
547406 
154193 
285268 
416346 
416347 
416348 
416349 
547421 
416350 
416351 
416352 
416353 
416354 
416355 
416356 
416357 
416358 
416359 
416360 
416361 
547433 
416362 
154218 
416363 
416364 
547436 
416365 
416366 
416367 
416368 
416369 
416370 
416371 
416372 
416373 
416374 
416375 
547447 
416376 
416377 
416378 
547450 
416379 
416380 
416381 
416382 
416383 
416384 
416385 
416386 
154242 
416387 
416388 
547460 
416389 
416390 
416391 
547463 
285319 
416392 
285320 
416393 
416394 
285322 
416395 
416396 
285324 
416397 
285326 
416398 
416399 
285328 
547472 
416400 
416401 
285330 
416402 
547475 
416403 
285332 
416404 
416405 
285334 
416406 
416407 
285336 
416408 
154265 
285337 
416409 
285338 
416410 
154267 
547483 
416411 
416412 
416413 
547486 
416414 
416415 
416416 
416417 
285346 
416418 
416419 
416420 
547493 
416421 
416422 
416423 
547496 
416424 
285353 
416425 
416426 
416427 
416428 
416429 
416430 
547502 
285359 
416431 
416432 
547505 
416433 
154289 
416434 
416435 
285364 
416436 
416437 
416438 
547510 
416439 
285368 
416440 
547513 
416441 
416442 
285371 
416443 
416444 
285373 
416445 
547517 
285374 
416446 
416447 
547520 
416448 
285377 
416449 
416450 
416451 
547523 
416452 
416453 
416454 
416455 
416456 
416457 
416458 
416459 
547532 
416460 
416461 
416462 
416463 
416464 
416465 
416466 
285394 
416467 
547539 
416468 
416469 
285398 
416470 
416471 
416472 
154328 
416473 
416474 
416475 
416476 
416477 
416478 
416479 
416480 
416481 
547554 
416482 
547555 
416483 
547556 
416484 
547557 
285413 
416485 
416486 
416487 
285416 
416488 
416489 
547562 
416490 
154347 
416491 
416492 
547565 
154349 
416493 
416494 
416495 
547569 
416497 
416499 
547573 
416501 
416503 
285431 
416505 
547578 
285435 
416507 
547581 
416509 
154367 
416511 
547585 
416513 
416515 
547589 
416517 
416519 
285448 
416521 
547594 
285451 
416523 
547597 
416525 
416527 
547601 
416529 
416531 
547605 
416533 
285464 
547610 
547613 
154398 
547617 
547621 
285478 
285479 
285480 
285481 
547626 
285484 
547629 
154413 
285487 
154415 
547633 
285489 
285491 
285492 
547636 
547637 
285493 
547639 
154429 
285503 
285505 
285507 
285509 
285511 
285512 
285513 
285514 
285515 
285516 
285517 
285519 
285520 
285521 
285522 
285523 
285524 
154452 
285527 
285532 
285535 
154463 
285540 
285543 
547690 
285547 
547692 
547696 
547697 
285556 
285565 
285574 
285583 
154517 
285592 
547737 
547742 
285601 
285610 
285619 
285628 
547772 
547777 
285637 
154568 
285646 
285652 
285655 
285660 
285663 
547810 
285667 
285670 
547815 
285673 
285682 
285689 
154619 
285694 
547838 
285695 
285696 
285697 
547843 
285700 
285701 
285702 
285703 
154631 
285706 
285709 
285710 
285711 
285713 
285714 
154642 
285716 
285717 
285718 
285719 
285720 
285721 
547867 
154652 
285725 
154655 
547872 
154658 
154660 
154662 
154664 
285736 
285738 
154666 
285739 
285741 
285744 
547888 
285746 
285748 
547893 
285750 
285752 
285753 
285754 
285757 
285764 
547908 
547913 
285770 
285776 
285778 
547922 
285780 
285783 
547927 
285784 
154714 
285786 
285787 
547933 
285789 
285791 
285792 
285793 
547937 
285794 
285795 
285796 
547940 
285797 
285798 
547942 
285799 
285800 
285801 
285802 
285803 
285804 
285805 
154734 
285806 
285807 
285808 
285809 
285810 
285811 
285812 
547956 
285813 
285814 
285815 
285816 
547960 
285817 
547961 
285818 
547962 
285819 
285820 
547964 
285821 
285822 
547966 
285823 
285824 
547968 
285825 
285826 
547970 
285827 
285828 
547972 
285829 
285830 
547974 
285831 
285832 
547976 
285833 
285834 
547978 
285835 
547980 
285836 
285837 
285838 
547982 
154767 
285839 
547984 
285840 
285841 
547986 
285842 
285843 
285844 
547988 
285845 
285846 
547990 
285847 
285848 
547992 
285849 
285850 
547994 
285851 
547996 
285852 
285853 
547998 
285854 
285855 
548000 
285856 
285857 
285858 
285859 
285860 
285861 
285862 
285863 
285864 
285865 
285866 
285867 
548012 
285868 
548013 
285869 
285870 
285871 
548015 
285872 
285873 
285874 
548018 
285875 
285876 
285877 
285878 
285879 
285880 
285881 
285882 
285883 
285884 
285885 
285886 
285887 
285888 
285889 
285890 
285891 
285892 
285893 
285894 
285895 
285896 
285897 
285898 
285899 
285900 
285901 
548045 
548046 
285902 
285903 
548047 
548048 
285904 
285905 
548049 
285906 
285907 
285908 
285909 
285910 
285911 
285912 
285913 
285914 
285915 
285916 
285917 
285918 
285919 
285920 
285921 
285922 
285923 
285924 
285925 
285926 
285927 
285928 
548073 
285929 
285930 
548075 
285931 
285932 
548077 
285933 
285934 
285935 
154864 
285936 
285937 
285938 
285939 
285940 
285941 
285942 
285943 
285944 
285945 
285946 
285947 
285948 
285949 
285950 
285951 
154880 
285952 
285953 
285955 
285957 
285959 
285961 
548105 
548106 
285963 
548107 
548108 
285965 
548109 
548110 
285967 
548112 
285969 
548113 
548115 
285971 
548116 
548117 
285973 
548119 
285975 
285977 
548123 
285979 
285981 
548126 
285983 
285985 
154914 
548130 
285987 
285989 
23846 
548134 
23847 
285991 
23848 
23849 
23850 
548138 
23851 
23852 
23854 
548142 
23856 
23858 
548146 
548151 
154939 
548156 
548160 
548161 
548163 
548167 
154955 
548172 
548173 
548175 
548179 
548187 
548195 
154980 
548203 
548211 
548219 
155008 
548227 
548234 
23947 
548238 
548239 
155039 
23969 
548265 
23980 
548270 
155055 
548275 
155080 
548323 
155108 
548325 
548330 
155139 
155155 
24088 
548377 
548381 
548386 
155180 
24113 
24129 
155208 
548427 
548429 
548434 
24154 
155239 
155255 
548473 
24188 
548476 
24190 
24192 
548481 
24194 
24196 
24198 
24200 
24202 
24204 
24207 
155280 
24209 
24211 
417428 
24213 
24215 
24217 
24219 
24221 
24223 
24225 
548515 
24227 
548517 
24229 
24231 
24233 
155306 
548522 
24235 
24236 
24237 
24239 
24241 
24242 
24243 
24244 
24245 
24246 
24247 
24248 
24249 
24250 
24251 
24252 
24253 
24254 
24255 
24256 
24257 
24258 
155331 
24259 
24260 
24261 
24262 
24263 
24264 
24265 
548553 
24266 
24267 
548555 
24268 
24269 
24270 
548559 
24271 
24272 
155345 
24273 
24274 
24275 
24276 
24277 
24278 
24279 
24280 
24281 
24282 
24283 
24284 
24285 
24286 
24287 
24288 
24289 
155362 
24290 
24291 
24292 
24293 
24294 
24295 
24296 
24297 
24298 
548587 
24299 
24300 
548589 
24301 
24302 
24303 
24304 
548592 
24305 
24306 
24307 
155380 
24308 
24309 
24310 
24311 
24312 
24313 
24314 
24315 
24316 
24317 
24318 
24319 
24320 
155393 
24321 
24322 
24323 
24324 
24325 
24326 
24327 
24328 
24329 
548618 
24330 
155403 
24331 
548619 
548620 
24332 
24333 
24334 
24335 
24336 
24337 
24338 
24339 
155412 
24340 
24341 
24342 
24343 
548632 
24344 
548633 
24345 
548634 
24346 
548635 
24347 
155420 
548636 
417564 
24348 
548637 
24349 
548638 
24350 
548639 
548640 
417568 
548641 
155426 
548642 
548643 
548644 
548645 
548646 
548647 
155432 
548648 
548649 
548650 
548651 
155436 
548652 
548653 
548654 
548655 
155440 
548656 
548657 
155442 
548658 
548659 
155444 
548660 
155445 
548661 
548662 
548663 
548664 
548665 
548666 
548667 
548668 
548669 
548670 
548671 
548672 
548673 
548674 
548675 
548676 
548677 
548678 
548679 
548680 
548681 
548682 
548683 
548684 
548685 
548686 
548687 
548688 
548689 
548690 
548691 
548692 
548693 
548694 
548695 
548696 
548697 
548698 
548699 
548700 
548701 
548702 
548703 
548704 
548705 
548706 
548707 
548708 
548709 
548710 
548711 
548712 
548713 
548714 
548715 
548716 
548717 
548718 
548719 
548720 
548721 
548722 
548723 
548724 
548726 
548728 
548730 
548732 
548734 
548736 
548738 
548740 
548742 
548744 
548746 
548748 
548750 
548752 
548754 
548756 
548758 
548760 
548762 
155552 
155553 
155569 
155572 
155580 
155581 
155582 
155583 
155584 
155586 
155588 
155589 
155591 
155592 
155600 
155602 
155603 
155604 
155605 
155613 
155622 
155631 
155640 
548955 
548957 
548958 
548986 
155773 
155775 
155777 
155778 
155795 
549011 
155797 
155807 
155809 
155811 
24742 
286886 
549035 
155820 
24752 
155824 
155825 
155827 
155828 
24764 
549058 
549060 
24778 
286935 
286936 
24793 
286938 
286940 
286942 
286944 
286946 
286948 
286950 
286952 
286953 
24810 
286954 
286956 
286957 
549101 
286959 
24829 
549121 
549123 
286990 
286992 
24850 
286994 
286995 
549142 
24873 
155953 
155955 
155957 
549175 
155959 
155962 
155964 
155966 
155968 
24898 
155970 
155973 
155974 
549191 
155975 
155976 
155977 
287049 
549193 
155978 
155979 
155980 
155981 
287053 
155982 
155983 
155984 
287056 
155985 
287057 
155986 
287058 
155987 
155988 
155989 
155990 
155991 
155992 
549208 
155993 
155994 
155995 
155996 
24925 
155997 
155998 
155999 
156000 
156001 
156002 
156003 
156004 
156005 
156006 
156007 
156008 
156009 
156010 
156011 
156012 
156013 
156014 
156015 
156016 
549233 
156017 
156018 
156019 
156020 
287092 
287093 
156021 
156022 
287094 
287095 
156023 
156024 
287097 
156025 
24954 
156026 
156027 
156028 
287100 
549245 
156029 
156030 
287103 
549247 
156031 
156032 
287104 
156033 
156034 
287106 
156035 
287107 
287108 
156036 
156037 
287109 
287110 
156038 
287111 
156039 
156040 
287113 
156041 
156042 
549258 
156043 
156044 
287116 
156045 
156046 
287119 
156047 
156048 
156049 
156050 
287122 
156051 
156052 
287125 
156053 
156054 
156055 
156056 
287128 
156057 
156058 
156059 
287131 
549275 
156060 
156061 
156062 
287134 
156063 
156064 
287137 
156065 
156066 
156067 
549283 
156068 
287140 
156069 
549285 
156070 
156071 
287143 
156072 
156073 
287146 
156074 
156075 
549292 
156076 
287149 
156077 
156078 
156079 
287152 
156080 
156081 
156082 
287155 
156083 
156084 
156085 
549301 
156086 
156087 
287159 
156088 
156089 
549305 
156090 
156091 
549307 
156092 
156093 
287166 
549310 
156094 
287167 
156095 
549311 
549312 
156096 
156097 
156098 
156099 
287172 
156100 
287173 
156101 
156102 
156103 
287175 
156104 
156105 
287178 
156106 
156107 
156108 
287181 
156109 
156110 
287183 
156111 
156112 
287184 
287185 
156113 
156114 
156115 
156116 
156117 
156118 
156119 
156120 
156121 
287194 
156122 
156123 
287196 
156124 
156125 
287198 
156126 
156127 
287200 
156128 
156129 
287202 
156130 
287203 
156131 
287204 
156132 
156133 
287205 
287206 
156134 
156135 
156136 
287208 
287209 
156137 
156138 
287211 
156139 
287212 
156140 
156141 
287213 
287214 
156142 
156143 
156144 
156145 
156146 
156147 
156148 
156149 
156150 
156151 
156152 
156153 
156154 
156155 
156156 
156157 
156158 
156159 
156160 
156161 
156162 
156163 
156164 
156165 
287238 
156166 
287239 
156167 
287240 
156168 
156169 
287241 
156170 
287242 
156171 
287243 
156172 
156173 
156174 
287247 
156177 
156179 
156181 
156183 
156185 
156187 
156189 
156191 
287263 
156193 
287266 
156195 
156197 
156199 
287282 
287286 
287300 
287303 
549453 
549454 
549455 
549456 
549457 
549459 
549461 
287317 
549463 
287321 
549477 
287333 
287335 
287337 
287339 
287340 
287346 
287347 
549492 
287349 
287351 
287353 
287357 
287359 
549507 
287364 
287367 
287369 
287374 
287377 
549522 
287378 
287379 
25243 
549537 
549552 
549567 
549582 
287448 
287452 
549597 
549612 
549624 
549627 
418566 
549638 
549641 
549651 
549654 
418591 
549663 
549666 
549674 
549677 
549684 
549687 
418615 
549693 
549696 
549701 
549704 
549708 
418638 
549711 
418640 
549714 
549723 
549730 
418662 
549735 
549736 
549737 
549738 
549741 
549742 
549743 
549744 
549755 
549758 
549761 
549765 
549770 
549773 
418701 
549777 
549781 
549786 
549789 
418720 
549793 
418722 
549797 
549802 
549805 
549809 
418740 
549813 
549818 
549821 
549825 
549829 
549834 
549837 
549839 
549841 
549842 
418771 
549850 
549852 
549856 
549857 
418786 
418788 
418802 
549890 
549895 
418825 
418836 
418838 
418848 
549933 
418863 
549938 
418870 
418872 
418878 
418885 
418888 
418890 
418891 
549966 
549971 
550000 
550005 
418945 
550026 
550031 
550051 
550056 
418996 
550070 
550075 
550086 
550091 
550098 
550102 
550106 
550109 
550110 
550111 
419046 
419047 
419048 
419049 
419050 
419051 
419052 
419053 
419054 
419055 
419056 
550128 
419057 
550129 
419058 
550130 
419059 
419060 
550132 
419061 
419062 
550134 
419063 
419064 
550136 
419065 
419066 
550138 
419067 
419068 
550140 
419069 
419070 
550142 
419071 
419072 
550144 
419073 
419074 
550146 
419075 
419076 
550148 
419077 
419078 
550150 
419079 
419080 
550152 
419081 
419082 
550154 
419083 
419084 
550156 
419085 
419086 
550158 
419087 
419088 
550160 
419089 
419090 
550162 
419091 
419092 
550164 
419093 
419094 
550166 
419095 
419096 
550168 
419097 
419098 
419099 
419100 
419101 
419102 
419103 
419104 
419105 
419106 
419107 
550180 
419108 
550181 
419109 
419110 
550183 
419111 
419112 
419113 
550186 
419114 
419115 
419116 
550189 
419117 
550190 
419118 
419119 
550192 
419120 
550193 
419121 
419122 
419123 
419124 
419125 
419126 
419127 
419128 
419129 
419130 
419131 
419132 
419133 
419134 
419135 
419136 
419137 
419138 
419139 
419140 
419141 
419142 
419143 
419144 
419145 
419146 
550219 
419147 
550220 
419148 
550221 
419149 
550222 
419150 
419151 
419152 
419153 
419154 
419155 
419156 
419157 
419158 
419159 
419160 
419161 
419162 
419163 
419164 
419165 
419166 
419167 
419168 
419169 
419170 
419171 
419172 
550245 
419173 
419174 
550247 
419175 
419176 
550249 
419177 
419178 
550251 
419179 
419180 
419181 
419182 
419183 
419184 
419185 
419186 
419187 
419188 
419189 
419190 
419191 
419192 
419193 
419194 
419195 
419197 
419199 
419201 
419203 
419205 
550279 
419207 
550280 
419209 
550281 
550282 
550283 
419211 
550284 
550285 
419213 
550286 
419215 
550287 
550288 
419217 
550290 
419219 
550293 
419221 
26007 
550295 
157079 
419223 
26008 
26009 
419225 
26010 
26011 
550299 
419227 
26012 
26013 
419229 
26015 
550303 
419231 
26017 
419233 
26019 
550307 
550311 
550315 
550320 
550322 
550324 
550328 
550331 
550332 
550334 
550338 
550342 
550343 
157128 
550345 
550349 
157136 
157138 
157140 
550357 
157142 
157144 
157147 
550365 
157149 
157151 
157153 
157155 
550373 
157157 
157159 
157160 
157162 
157164 
550381 
157166 
157168 
26099 
550389 
550397 
157185 
550401 
550403 
26129 
157209 
550429 
550433 
550438 
26153 
157235 
157261 
550484 
550486 
550491 
157290 
550535 
26249 
550538 
550543 
26274 
550582 
550584 
26299 
550589 
288450 
26315 
288475 
550625 
550627 
26340 
550632 
288499 
26368 
550664 
26376 
550666 
288522 
26378 
288524 
26380 
26382 
550671 
26384 
26386 
26388 
26390 
26393 
26395 
26397 
26399 
26401 
26403 
26405 
26407 
26409 
550699 
26411 
550701 
26413 
26415 
550704 
26417 
26419 
288565 
26421 
26422 
26423 
26425 
26427 
26428 
26429 
26430 
26431 
26432 
26433 
26434 
26435 
26436 
26437 
26438 
26439 
26440 
288585 
26441 
26442 
288587 
550731 
26443 
26444 
550733 
26445 
550734 
26446 
26447 
26448 
26449 
26450 
26451 
26452 
26453 
26454 
26455 
26456 
26457 
26458 
26459 
26460 
26461 
26462 
288606 
26463 
26464 
26465 
26466 
26467 
26468 
26469 
26470 
26471 
550760 
26472 
26473 
26474 
26475 
26476 
26477 
26478 
26479 
26480 
26481 
26482 
26483 
550772 
26484 
550773 
26485 
550774 
26486 
550775 
26487 
550776 
26488 
550777 
26489 
550778 
26490 
550779 
26491 
550780 
26492 
550781 
26493 
550782 
26494 
550783 
288639 
26495 
550784 
26496 
550785 
26497 
550786 
26498 
550787 
26499 
550788 
26500 
550789 
26501 
550790 
26502 
550791 
26503 
550792 
26504 
550793 
26505 
550794 
26506 
550795 
26507 
550796 
26508 
26509 
550797 
26510 
550798 
288655 
26511 
550799 
26512 
550800 
288657 
26513 
550801 
26514 
550802 
26515 
550803 
26516 
550804 
26517 
550805 
26518 
550806 
550807 
26519 
26520 
550808 
550809 
26521 
550810 
26522 
26523 
550811 
26524 
550812 
26525 
550813 
26526 
550814 
26527 
550815 
288672 
26528 
550816 
550817 
26529 
550818 
26530 
550819 
26531 
550820 
26532 
550821 
26533 
550822 
26534 
26535 
550823 
26536 
550824 
550825 
26537 
550826 
26538 
550827 
26539 
550828 
550829 
550830 
550831 
550832 
550833 
550834 
550835 
550836 
550837 
550838 
550839 
550840 
288697 
550841 
550842 
550843 
550844 
550845 
550846 
550847 
550848 
550849 
550850 
550851 
550852 
550853 
288709 
550854 
288711 
550855 
550856 
550857 
550858 
550859 
550860 
550861 
550863 
550865 
288722 
550867 
550869 
550871 
550873 
550875 
550877 
550879 
550881 
550883 
288739 
550885 
550887 
550889 
288747 
550891 
550893 
288749 
550895 
550897 
550899 
288756 
288765 
288769 
288771 
288774 
288775 
288829 
288880 
551064 
551065 
551067 
288930 
288932 
288934 
288936 
288938 
288940 
288942 
288944 
288945 
288946 
551092 
288952 
288958 
288962 
288966 
288968 
288970 
288971 
551116 
288974 
288990 
288994 
551139 
551141 
289008 
289011 
551163 
289025 
289029 
289041 
289044 
420128 
289056 
551202 
289070 
289071 
289072 
289073 
289076 
551221 
289079 
551223 
289081 
289083 
289084 
289085 
26951 
289095 
289097 
551241 
289099 
289101 
289103 
289104 
26961 
289105 
289106 
289107 
289108 
289109 
289110 
289113 
26973 
289118 
289121 
289126 
551272 
289129 
26987 
289133 
289142 
551287 
551289 
27002 
289151 
551303 
289160 
27019 
289169 
289178 
27038 
551326 
289187 
420264 
551337 
551339 
289196 
420268 
27059 
289205 
551349 
289214 
551364 
289223 
27082 
551371 
551373 
289229 
289232 
551379 
289237 
289240 
551386 
289244 
551389 
289247 
551391 
551392 
289250 
27107 
158179 
158182 
158185 
289259 
158188 
289266 
158195 
158196 
158197 
158198 
289271 
289272 
158200 
289273 
289274 
158202 
289277 
27134 
289278 
289279 
289280 
289283 
289286 
289287 
289288 
289290 
289291 
289293 
289294 
289295 
289296 
289297 
289298 
158226 
158228 
289302 
158230 
27163 
289312 
289313 
289314 
289317 
289319 
289321 
289323 
289325 
289326 
289327 
289329 
289335 
289341 
289345 
289346 
289348 
289349 
289350 
289351 
289352 
289353 
289354 
289355 
289356 
289357 
289358 
289359 
289360 
289361 
289362 
289363 
289364 
289365 
289366 
289367 
289368 
289369 
289370 
289371 
289372 
289373 
289374 
289375 
289376 
289377 
289378 
289379 
289380 
289381 
289382 
289383 
289384 
289385 
289386 
289387 
289388 
289389 
551533 
551534 
289390 
289391 
551535 
551536 
289392 
289393 
551537 
289394 
289395 
551539 
289396 
289397 
551541 
289398 
551543 
289399 
289400 
289401 
289402 
289403 
289404 
289405 
289406 
289407 
289408 
289409 
289410 
289411 
289412 
551557 
289413 
289414 
289415 
289416 
289417 
289418 
289419 
289420 
289421 
289422 
289423 
289424 
289425 
289426 
289427 
551572 
289428 
289429 
289430 
289431 
289432 
289433 
289434 
289435 
289436 
289437 
289438 
289439 
289440 
289441 
289442 
551587 
289443 
289444 
289445 
289446 
289447 
289448 
289449 
289450 
289451 
289452 
289453 
289454 
289455 
289456 
289457 
551602 
289458 
289459 
289460 
289461 
289462 
289463 
289464 
289465 
289466 
289467 
289468 
289469 
289470 
289471 
289472 
551617 
289473 
289474 
289475 
289476 
289477 
289478 
289479 
289480 
289481 
289482 
289483 
289484 
289485 
289486 
289487 
551632 
289488 
289489 
289490 
289491 
289492 
289493 
289494 
289495 
289496 
289497 
289498 
289499 
289500 
289501 
289502 
551647 
289503 
289504 
289505 
289506 
158434 
289507 
158436 
289508 
289509 
158438 
289510 
289511 
158440 
289513 
289515 
289517 
551662 
289519 
289521 
289523 
158452 
289525 
289527 
289529 
158459 
289531 
551677 
289533 
158462 
289535 
158464 
289537 
289539 
158468 
158469 
289541 
289543 
289545 
289547 
551692 
289549 
551704 
551707 
551718 
551721 
551731 
551734 
551743 
551746 
551754 
551757 
551764 
27478 
551767 
158551 
158555 
551773 
551776 
551781 
551784 
551788 
551791 
551794 
551803 
551810 
551815 
551816 
551817 
551818 
551821 
551822 
551823 
551824 
551827 
551830 
551831 
551832 
551836 
551838 
551844 
551846 
551847 
551849 
551850 
551853 
551857 
551862 
551865 
551869 
551873 
551878 
551881 
551885 
551889 
551894 
551897 
551901 
551905 
551910 
551913 
551917 
551921 
551923 
551926 
551927 
551928 
551934 
551939 
551971 
551976 
552011 
552016 
552041 
552046 
552072 
552077 
552095 
552100 
552117 
552122 
552133 
552138 
552146 
552151 
552155 
552158 
552161 
552162 
552179 
552180 
552181 
552183 
552185 
552187 
552189 
552191 
552193 
552195 
552197 
552199 
552201 
552203 
552205 
552207 
552209 
552211 
552213 
552215 
552217 
552219 
552231 
552232 
552234 
552237 
552240 
552241 
552243 
552244 
552245 
552246 
552247 
552248 
552274 
552275 
552276 
552277 
552278 
552302 
552304 
552306 
552334 
552335 
552336 
552337 
552338 
421266 
552339 
552341 
552342 
552344 
552348 
552352 
552356 
552360 
421291 
552364 
552368 
552369 
552371 
552373 
552375 
552379 
552383 
552387 
421315 
552392 
552396 
552404 
421338 
552412 
552420 
552428 
421360 
421362 
552436 
552442 
552445 
421383 
552471 
552475 
552480 
421420 
421438 
421440 
552524 
552526 
421457 
552531 
421486 
28272 
28273 
28274 
28275 
28276 
28277 
28278 
28280 
28282 
28284 
421500 
552573 
421502 
552576 
552581 
421515 
290444 
421536 
552618 
421546 
421548 
552620 
552625 
421557 
290492 
290494 
290496 
421570 
290498 
290500 
290502 
290504 
421576 
421578 
290506 
290507 
28364 
290508 
290509 
421583 
552659 
421588 
552661 
421590 
421591 
552666 
28384 
290532 
290534 
290536 
290537 
552696 
552698 
552702 
28417 
421645 
552729 
290587 
552731 
552733 
290591 
290594 
290595 
552759 
552760 
421696 
159553 
290629 
290630 
290631 
290632 
290634 
290637 
290640 
290641 
552786 
290643 
290644 
290645 
290646 
290647 
290648 
290650 
159578 
290653 
552798 
552799 
552800 
290656 
552801 
28514 
552802 
552803 
290659 
552804 
552805 
552806 
290662 
552807 
552808 
552809 
290665 
552810 
552811 
552812 
290668 
552813 
552814 
552815 
290671 
552816 
552817 
28530 
552818 
290674 
159602 
421746 
552819 
421747 
421748 
552820 
552821 
421749 
290677 
421750 
552822 
421751 
552823 
421752 
290680 
552824 
421753 
552825 
421754 
552826 
421755 
290683 
552827 
421756 
552828 
421757 
552829 
421758 
290686 
552830 
421759 
552831 
421760 
552832 
421761 
290689 
552833 
421762 
552834 
421763 
552835 
421764 
552836 
421765 
290693 
552837 
421766 
552838 
421767 
552839 
421768 
552840 
421769 
159625 
552841 
421770 
552842 
552843 
421771 
421772 
290700 
552844 
421773 
290701 
552845 
421774 
552846 
421775 
552847 
421776 
552848 
421777 
552849 
421778 
290706 
552850 
421779 
290707 
552851 
28564 
421780 
552852 
421781 
552853 
290709 
421782 
552854 
421783 
552855 
421784 
290712 
552856 
421785 
552857 
421786 
552858 
421787 
290715 
552859 
421788 
552860 
421789 
552861 
290717 
421790 
290718 
552862 
421791 
290719 
552863 
159647 
421792 
552864 
421793 
159649 
552865 
421794 
552866 
421795 
552867 
421796 
552868 
421797 
552869 
421798 
552870 
421799 
552871 
290728 
421800 
552872 
421801 
552873 
290730 
421802 
552874 
552875 
421803 
290732 
552876 
421804 
28589 
421805 
552877 
290734 
421806 
552878 
421807 
552879 
290736 
421808 
552880 
290737 
421809 
552881 
290738 
421810 
552882 
290739 
421811 
552883 
290740 
421812 
552884 
421813 
290742 
159670 
552886 
421814 
290743 
421815 
552888 
421816 
421817 
552890 
421818 
421819 
552892 
421820 
28605 
421821 
552894 
421822 
421823 
421824 
552896 
421825 
421826 
552898 
421827 
421828 
552900 
421829 
421830 
552902 
421831 
421832 
552904 
421833 
421834 
552906 
421835 
421836 
552908 
421837 
421838 
290766 
552910 
421839 
290767 
421840 
290768 
552912 
421841 
290769 
421842 
552914 
290770 
421843 
290771 
421844 
552916 
421845 
28630 
421846 
552918 
290775 
421847 
421848 
552920 
421849 
552921 
421850 
421851 
159707 
421852 
421853 
421854 
421855 
421856 
421857 
421858 
421859 
421860 
421861 
421862 
290790 
421863 
421864 
290793 
421865 
421866 
421867 
421868 
421869 
159725 
421870 
421871 
159727 
421872 
421873 
28658 
421874 
421875 
421876 
421877 
421878 
421879 
290808 
421880 
421881 
28666 
421882 
421883 
290812 
28668 
421884 
421885 
28670 
421886 
421887 
159744 
28672 
421888 
421889 
28674 
421890 
421891 
28676 
421892 
421893 
28678 
421894 
421895 
28680 
290825 
421897 
421899 
28683 
290828 
421901 
28685 
421903 
28687 
421905 
28689 
421907 
28691 
421909 
28693 
421911 
28695 
290841 
421913 
28697 
421915 
28699 
290845 
159773 
421917 
28701 
421919 
28703 
421921 
28705 
421923 
28707 
421925 
28709 
421927 
28711 
290856 
28712 
28713 
421929 
290858 
28715 
421931 
290859 
159787 
28717 
159789 
421933 
28718 
28719 
28720 
290864 
290865 
28721 
28722 
290867 
28723 
28724 
290869 
28725 
28726 
290871 
28727 
28728 
28729 
159802 
28730 
290875 
28731 
28732 
290877 
28733 
28734 
28735 
28736 
290881 
28737 
28738 
28739 
290884 
28740 
28741 
290886 
28742 
28743 
28744 
28745 
290890 
28746 
28747 
290891 
28748 
28749 
28750 
159823 
28751 
28752 
28753 
28754 
28755 
28756 
28757 
28758 
28759 
28760 
159833 
28761 
28762 
28763 
28764 
28765 
28766 
28767 
28768 
28769 
28770 
28771 
28772 
553061 
28773 
28774 
28775 
28776 
28777 
28778 
28779 
28780 
28781 
28782 
28783 
28784 
28785 
28786 
553075 
28787 
28788 
28789 
28790 
28791 
28792 
28793 
28794 
28795 
28796 
28797 
28798 
28799 
28800 
28801 
28802 
28803 
28804 
28805 
28806 
28807 
28808 
28809 
553098 
28810 
28811 
28812 
28813 
28814 
159887 
28815 
28816 
290960 
28817 
28818 
28819 
290964 
28820 
28821 
28822 
28823 
28824 
28825 
28826 
28827 
28828 
28829 
28830 
28831 
553120 
28832 
553122 
553143 
159938 
553180 
553198 
553200 
159989 
160000 
553217 
160010 
160019 
160022 
160024 
160027 
160029 
553246 
160031 
160033 
160035 
160037 
553260 
553262 
553275 
553296 
160084 
553306 
553308 
160094 
553317 
553330 
160116 
553336 
553338 
553343 
553348 
553350 
553351 
160224 
160249 
160265 
553492 
553493 
553494 
553495 
553496 
553498 
553500 
553502 
160299 
553516 
553531 
160324 
553546 
29264 
160340 
553561 
29274 
29286 
553576 
160365 
29300 
553591 
29315 
553606 
160393 
29332 
553621 
553636 
29351 
160424 
553651 
160440 
29372 
553663 
553666 
553677 
553680 
160465 
29395 
553690 
553693 
553702 
553705 
29420 
160493 
553713 
553716 
553723 
553726 
553732 
29447 
553735 
160524 
553740 
553743 
553747 
553750 
553753 
160540 
553762 
29476 
553769 
553774 
553775 
553776 
553777 
553780 
160565 
553781 
553782 
553783 
553786 
553789 
553790 
553791 
553793 
553794 
553796 
553797 
553799 
553805 
553808 
160593 
553811 
553812 
553813 
553814 
553815 
553818 
553822 
553827 
553830 
553834 
553838 
160624 
553843 
553846 
553850 
553854 
160640 
553859 
553862 
553866 
553870 
553875 
553878 
160663 
553882 
553885 
553886 
553888 
553894 
553899 
422828 
160687 
160708 
553929 
553934 
160720 
160735 
160750 
553967 
553972 
160760 
160768 
160775 
553995 
160781 
554000 
160786 
160790 
160793 
160795 
160796 
160797 
554024 
554029 
422964 
422968 
554045 
554050 
554065 
554070 
554079 
554084 
554090 
554094 
554097 
554099 
554100 
29817 
291962 
554117 
554118 
554119 
554121 
554123 
554125 
160909 
160910 
554127 
554129 
554131 
291987 
554133 
554135 
554137 
554139 
554141 
160926 
554143 
554145 
160929 
554147 
554149 
554151 
160937 
554153 
160938 
160939 
554155 
292011 
160940 
160941 
554157 
160943 
160945 
160946 
160948 
160949 
554169 
554170 
554172 
160957 
554175 
160959 
160960 
160961 
160962 
554178 
292034 
554179 
292036 
554181 
554182 
554183 
554184 
554185 
160970 
554186 
160979 
292058 
160988 
554212 
160997 
554213 
554214 
554215 
161006 
554238 
554240 
292097 
554242 
554244 
292116 
292118 
554272 
554273 
554274 
554275 
554276 
554277 
554278 
554280 
292136 
554284 
554287 
554291 
554295 
554299 
554303 
554304 
554306 
554308 
554310 
292167 
554314 
554318 
554322 
292182 
554327 
292184 
554331 
554339 
292198 
554347 
554355 
554363 
292221 
554370 
554374 
554375 
292232 
292234 
161165 
161168 
161170 
161172 
292244 
554401 
161186 
292259 
554405 
292266 
554410 
161195 
292268 
161197 
161199 
292274 
161205 
161207 
161208 
292281 
292284 
292286 
292287 
554451 
554453 
554458 
292341 
554497 
554500 
554505 
292392 
554539 
554541 
554546 
161340 
161342 
161344 
161346 
161349 
161351 
161353 
161355 
161357 
161360 
554577 
161361 
161362 
554579 
161363 
161364 
161365 
161366 
161367 
554583 
161368 
161369 
161370 
292442 
161371 
161372 
292444 
161373 
161374 
292446 
161375 
161376 
292448 
161377 
161378 
292450 
161379 
161380 
292452 
161381 
292453 
292454 
161382 
161383 
161384 
161385 
161386 
161387 
292459 
161388 
161389 
161390 
292463 
161391 
161392 
161393 
161394 
292466 
554611 
161395 
292468 
161396 
292469 
554613 
161397 
292470 
161398 
161399 
161400 
554616 
292473 
161401 
161402 
161403 
161404 
161405 
161406 
161407 
161408 
161409 
161410 
161411 
161412 
161413 
161414 
161415 
161416 
292488 
161417 
161418 
161419 
161420 
292492 
161421 
161422 
161423 
161424 
161425 
554642 
161426 
554643 
161427 
161428 
554644 
161429 
161430 
161431 
161432 
161433 
292505 
161434 
161435 
292508 
161436 
161437 
161438 
161439 
161440 
161441 
161442 
161443 
161444 
161445 
161446 
161447 
161448 
161449 
292521 
161450 
161451 
161452 
292525 
161453 
161454 
554670 
161455 
161456 
161457 
161458 
161459 
161460 
161461 
161462 
161463 
161464 
292536 
161465 
161466 
292539 
161467 
161468 
161469 
161470 
161471 
161472 
161473 
161474 
161475 
161476 
161477 
161478 
292550 
161479 
161480 
554696 
161481 
161482 
161483 
161484 
161485 
161486 
161487 
161488 
161489 
161490 
161491 
554708 
292564 
161492 
292565 
554709 
161493 
292566 
554710 
161494 
292567 
554711 
161495 
554712 
161496 
554713 
161497 
554714 
292570 
161498 
554715 
161499 
554716 
161500 
292573 
554717 
161501 
554718 
161502 
292575 
554719 
161503 
554720 
161504 
292577 
554721 
161505 
292578 
554722 
161506 
554723 
292579 
161507 
554724 
161508 
554725 
161509 
554726 
161510 
554727 
161511 
554728 
161512 
554729 
161513 
554730 
161514 
161515 
554731 
161516 
554732 
292589 
161517 
554733 
161518 
554734 
292591 
161519 
554735 
161520 
554736 
292593 
161521 
554737 
161522 
554738 
292595 
161523 
554739 
161524 
554740 
292597 
161525 
554741 
292598 
161526 
554742 
292599 
161527 
554743 
292600 
161528 
554744 
292601 
161529 
554745 
161530 
554746 
161531 
554747 
292604 
161532 
554748 
161533 
554749 
161534 
554750 
554751 
161535 
554752 
161536 
292609 
161537 
554753 
554754 
161538 
554755 
161539 
292612 
554756 
161540 
554757 
161541 
554758 
161542 
554759 
161543 
554760 
161544 
292617 
554761 
161545 
554762 
161546 
161547 
554763 
292620 
554764 
161548 
554765 
161549 
554766 
161550 
554767 
161551 
292624 
554768 
161552 
554769 
161553 
554770 
161554 
554771 
161555 
161556 
554772 
161557 
554773 
161558 
554774 
161559 
554775 
161560 
554776 
292633 
161561 
554777 
554778 
161562 
161563 
554779 
554780 
554781 
161566 
554782 
554783 
554784 
161568 
554785 
292642 
161570 
554786 
554787 
161572 
554788 
554789 
161574 
554790 
554791 
161576 
554792 
161578 
554794 
292651 
554796 
161580 
161582 
554798 
554800 
161584 
161586 
554802 
292660 
161588 
554804 
161590 
554806 
554808 
554810 
554812 
292669 
554814 
554816 
554818 
554820 
292678 
554822 
554824 
554826 
554827 
292687 
292696 
292705 
292711 
292714 
292719 
292722 
292726 
292729 
292732 
292741 
292748 
292753 
292754 
292755 
292756 
292759 
292760 
292761 
292762 
292765 
292768 
292769 
292770 
292772 
292773 
292775 
292776 
292777 
292778 
292779 
292780 
292784 
30641 
30642 
30643 
30644 
30645 
30646 
30647 
30649 
292793 
30651 
292795 
30653 
292797 
292799 
292801 
292803 
292804 
292805 
292807 
554951 
292812 
292817 
292819 
292820 
292821 
292822 
292823 
292824 
292825 
292826 
292827 
292828 
292829 
554973 
292830 
292831 
292832 
292833 
292834 
292835 
292836 
292837 
292838 
292839 
292840 
292841 
292842 
292843 
292844 
292845 
292846 
292847 
292848 
292849 
292850 
554994 
292851 
292852 
554996 
292853 
292854 
292855 
292856 
292857 
292858 
292859 
292860 
292861 
292862 
292863 
292864 
292865 
292866 
292867 
292868 
292869 
292870 
292871 
292872 
555016 
292873 
292874 
292875 
292876 
292877 
292878 
292879 
292880 
292881 
292882 
292883 
292884 
292885 
292886 
30743 
292887 
292888 
292889 
292890 
292891 
292892 
292893 
423966 
292894 
292895 
292896 
30753 
292897 
292898 
292899 
292900 
292901 
292902 
292903 
292904 
292905 
292906 
292907 
555051 
292908 
292909 
292910 
292911 
292912 
292913 
292914 
292915 
292916 
292917 
292918 
30775 
292919 
423991 
292920 
292921 
292922 
292923 
292924 
555068 
292925 
292926 
555070 
292927 
292928 
292929 
292930 
292931 
292932 
292933 
292934 
292935 
292936 
292937 
292938 
292939 
292940 
292941 
292942 
555086 
292943 
424015 
292944 
292945 
292946 
292947 
292948 
292949 
292950 
292951 
292952 
292953 
292954 
292955 
292956 
292957 
292958 
292959 
292960 
292961 
292962 
292963 
292964 
292965 
424038 
292966 
292967 
292968 
292969 
555113 
292970 
292971 
292972 
292973 
292974 
292975 
292976 
292977 
292979 
292981 
555126 
292983 
555128 
292985 
292987 
424060 
292989 
292991 
292993 
292995 
555140 
292997 
292999 
293001 
293003 
293005 
293007 
293009 
424081 
424083 
293011 
293013 
293015 
555159 
555168 
555170 
30883 
424103 
555178 
555189 
555194 
30908 
555196 
555200 
555203 
555204 
424138 
30924 
424155 
424157 
424173 
30958 
30983 
424200 
424213 
30999 
424215 
424227 
31024 
424246 
424255 
424257 
424265 
31052 
555345 
555346 
555347 
555348 
424276 
31060 
555349 
31062 
555351 
31064 
555353 
424281 
31066 
555355 
424283 
31068 
31070 
424287 
31072 
424290 
31074 
424291 
31077 
31079 
555369 
31081 
31083 
31085 
31087 
31089 
31091 
31093 
31095 
555384 
31097 
31099 
31101 
31103 
31105 
31106 
31107 
31109 
31111 
555399 
31112 
31113 
31114 
31115 
31116 
31117 
31118 
31119 
31120 
31121 
31122 
31123 
31124 
31125 
555414 
31126 
31127 
31128 
424345 
31129 
31130 
31131 
31132 
31133 
31134 
31135 
31136 
31137 
31138 
31139 
31140 
555429 
31141 
31142 
31143 
31144 
31145 
31146 
31147 
31148 
31149 
31150 
31151 
31152 
31153 
31154 
31155 
555444 
31156 
31157 
31158 
31159 
31160 
31161 
31162 
31163 
31164 
31165 
31166 
31167 
31168 
31169 
31170 
555459 
31171 
31172 
31173 
31174 
31175 
31176 
31177 
31178 
31179 
31180 
424396 
31181 
31182 
31183 
31184 
31185 
555474 
31186 
31187 
31188 
31189 
31190 
31191 
31192 
31193 
31194 
31195 
31196 
31197 
31198 
31199 
31200 
555489 
31201 
31202 
31203 
31204 
31205 
31206 
31207 
31208 
31209 
31210 
31211 
31212 
31213 
31214 
31215 
555504 
31216 
31217 
31218 
31219 
31220 
31221 
31222 
31223 
31224 
31225 
31226 
31227 
555516 
31228 
31229 
424446 
424447 
555519 
424448 
424449 
424450 
424451 
424452 
424453 
424454 
424455 
424456 
424457 
424458 
555530 
424459 
424460 
424461 
555533 
424462 
424463 
424464 
424465 
424466 
424467 
424468 
424469 
424470 
424471 
555543 
424472 
424473 
424474 
555546 
424475 
424476 
424477 
424478 
424479 
424480 
424481 
424482 
424483 
555555 
424484 
424485 
424486 
555558 
424487 
424488 
424489 
424490 
424491 
424492 
424493 
424494 
555566 
424495 
424496 
555569 
424497 
424498 
424499 
424500 
424501 
424502 
424503 
555576 
424504 
424505 
424506 
555579 
424507 
424508 
424509 
424510 
424511 
424512 
555585 
424513 
424514 
424515 
555588 
424516 
424517 
424518 
424519 
424520 
555593 
424521 
424522 
424523 
555596 
424524 
424525 
424526 
424527 
424528 
555600 
424529 
424530 
555603 
424531 
424532 
424533 
424534 
555606 
424535 
424536 
424537 
424538 
424539 
424540 
424541 
424542 
555615 
424543 
424544 
424545 
424546 
424547 
424548 
424549 
424550 
555622 
424551 
424552 
424553 
424554 
555627 
424555 
555628 
424556 
555629 
424557 
555630 
424558 
424559 
424560 
424561 
555633 
424562 
555634 
424563 
555635 
424564 
555636 
424565 
424566 
555639 
424567 
424568 
424569 
555642 
424570 
424571 
555643 
424572 
555644 
424573 
555646 
424574 
555647 
424575 
424576 
555649 
424577 
555650 
424578 
555651 
424579 
555652 
424580 
555653 
424581 
555654 
424582 
424583 
555656 
424584 
424585 
424586 
424587 
424588 
555661 
424589 
555662 
424590 
424591 
555664 
424592 
424593 
424594 
555667 
424595 
424597 
555670 
424599 
555673 
424601 
424603 
555677 
424605 
424607 
424609 
555682 
424611 
555685 
424613 
424615 
555689 
424617 
424619 
162475 
555693 
424621 
424623 
424625 
555698 
424627 
555701 
424629 
424631 
555705 
424633 
555709 
555714 
555717 
555721 
555725 
555730 
555733 
555735 
555737 
555738 
162524 
555743 
162531 
555748 
162533 
162535 
162537 
162539 
162541 
162544 
162546 
162548 
162550 
162552 
162554 
162556 
162558 
162559 
555776 
162561 
162563 
555781 
162565 
162567 
162586 
555810 
555815 
162612 
555836 
555841 
162640 
555861 
555866 
555880 
162668 
555885 
555896 
555901 
555908 
555912 
555916 
555919 
555920 
555921 
555938 
555939 
555940 
555942 
555944 
555946 
555948 
555950 
555952 
555954 
555956 
555958 
555960 
555962 
555964 
555966 
555968 
31681 
555970 
555972 
555974 
555976 
555978 
31691 
555990 
31703 
555991 
555993 
555996 
555999 
556000 
556002 
556003 
556004 
31717 
556005 
556006 
556007 
31732 
556033 
556034 
556035 
556036 
31749 
556037 
293910 
31768 
556061 
556063 
556065 
31789 
556093 
556094 
556095 
556096 
556097 
556098 
31812 
556100 
556103 
293959 
556105 
293961 
293963 
556109 
293965 
293967 
556113 
293969 
293970 
556117 
556121 
556122 
556124 
31837 
556126 
556128 
293984 
293986 
556132 
293988 
293989 
556136 
556140 
556145 
556149 
31864 
556157 
556165 
556173 
294035 
31893 
556181 
294039 
556185 
294042 
294043 
556187 
556213 
556216 
294077 
556221 
294078 
294079 
294080 
294082 
294085 
294088 
294089 
294091 
294092 
294093 
294094 
294095 
294096 
294098 
294101 
294104 
294107 
294110 
294113 
294116 
556260 
556262 
294119 
294122 
556267 
294125 
294128 
294131 
294134 
294138 
294145 
294146 
294151 
294152 
294154 
294157 
556303 
294160 
556305 
294162 
294163 
294164 
556310 
294173 
294175 
294177 
294179 
294181 
294182 
294183 
294184 
294185 
556342 
556344 
556349 
294208 
294209 
294210 
294211 
294212 
294213 
294217 
294231 
556377 
294234 
556379 
556382 
294248 
294252 
294264 
556409 
294267 
556411 
556412 
294279 
294283 
294293 
294294 
556438 
294297 
294298 
294300 
294302 
294304 
294308 
294310 
294312 
294315 
294317 
294318 
556464 
556490 
556502 
556503 
556504 
556505 
556506 
556507 
556508 
556509 
556510 
556511 
556512 
556513 
556514 
556515 
556516 
556517 
556518 
556519 
556520 
556521 
556522 
556523 
556524 
556525 
556526 
556527 
556528 
556529 
556530 
294387 
556531 
556532 
556533 
556534 
294391 
556535 
556536 
556537 
556538 
556539 
556540 
556541 
556542 
556543 
556544 
556545 
556546 
556547 
556548 
32260 
556549 
556550 
556551 
556552 
556553 
556554 
556555 
556556 
556557 
556558 
556559 
556560 
556561 
556562 
556563 
556564 
556565 
556566 
556567 
556568 
556569 
556570 
556571 
556572 
556573 
556574 
556575 
556576 
556577 
556578 
556579 
556580 
556581 
556582 
556583 
556585 
556587 
556589 
556591 
556593 
556595 
556597 
556599 
425528 
556601 
556603 
556605 
556607 
556609 
556611 
556613 
556614 
556615 
556717 
425664 
556738 
425668 
556758 
556760 
163555 
163558 
163561 
556779 
163564 
163567 
163574 
163575 
163576 
163577 
163579 
163582 
556812 
163605 
163607 
163609 
556828 
556830 
556845 
556870 
556882 
556884 
556895 
556912 
556920 
556922 
556929 
556938 
556942 
556944 
556947 
556948 
163800 
163802 
163803 
163805 
163821 
163824 
163835 
163838 
163840 
163849 
163853 
163856 
163858 
163859 
557089 
557090 
557091 
557092 
557093 
557095 
557097 
557099 
557113 
557128 
557143 
163941 
557158 
163945 
557173 
557188 
557203 
557218 
557233 
557248 
557260 
557263 
557274 
557277 
557287 
557290 
557299 
557302 
557310 
557313 
557320 
557323 
557329 
557332 
557337 
557340 
557344 
557347 
557350 
557359 
557366 
557371 
557372 
557373 
557374 
557377 
557378 
557379 
557380 
557383 
557386 
557387 
557388 
557390 
557391 
557393 
557394 
557395 
557396 
557397 
557398 
557400 
33114 
33115 
33116 
33117 
557405 
33118 
557406 
33119 
33120 
557408 
33122 
557411 
33124 
33126 
557414 
557417 
557421 
557426 
557429 
557433 
557437 
557442 
557445 
557449 
557453 
557458 
557461 
557465 
557469 
557471 
557474 
557475 
557476 
557481 
557486 
33215 
557511 
557516 
33237 
295389 
33248 
557542 
557547 
295414 
557565 
557570 
295438 
557587 
557592 
557603 
295461 
557608 
557616 
557621 
557625 
295483 
557628 
295485 
557631 
557632 
33356 
557649 
557650 
295506 
557651 
557653 
557655 
557657 
557659 
557661 
557663 
557665 
557667 
33381 
557669 
557671 
557673 
557675 
557677 
557679 
557681 
557683 
33397 
557685 
557687 
295543 
557689 
557701 
557702 
557704 
295561 
557707 
295563 
33422 
557710 
557711 
557713 
557714 
557715 
557716 
557717 
557718 
295580 
426666 
33456 
557744 
557745 
557746 
557747 
295609 
426691 
295623 
33481 
295625 
557770 
557772 
557774 
557776 
295638 
33497 
426715 
295659 
557804 
557805 
557806 
557807 
557808 
557809 
33522 
426738 
557811 
557812 
426740 
295669 
557814 
295671 
557818 
557822 
295680 
557826 
557830 
557831 
557833 
557835 
557837 
295693 
33550 
557841 
295699 
295701 
557845 
33558 
33560 
557849 
295706 
33562 
33564 
426781 
557854 
33566 
295711 
33568 
295713 
557858 
295714 
33570 
33572 
33575 
33577 
557866 
33579 
33581 
33583 
426801 
33585 
557874 
426803 
33587 
33589 
33591 
33593 
557882 
33595 
33597 
33599 
557888 
33601 
557891 
33603 
33604 
33605 
426822 
33607 
33609 
33610 
33611 
33612 
33613 
33614 
33615 
33616 
33617 
33618 
33619 
33620 
33621 
33622 
33623 
295768 
33624 
33625 
33626 
33627 
33628 
33629 
557917 
33630 
33631 
557920 
33632 
33633 
33634 
33635 
33636 
33637 
557925 
33638 
33639 
426855 
33640 
33641 
33642 
33643 
33644 
33645 
33646 
33647 
33648 
33649 
33650 
33651 
33652 
33653 
33654 
426871 
33655 
33656 
426873 
33657 
33658 
33659 
33660 
33661 
33662 
33663 
33664 
33665 
33666 
33667 
33668 
33669 
33670 
33671 
33672 
426888 
33673 
33674 
557962 
295819 
33675 
33676 
557964 
33677 
33678 
33679 
33680 
557969 
33681 
33682 
33683 
33684 
33685 
33686 
33687 
33688 
33689 
33690 
33691 
33692 
33693 
33694 
33695 
33696 
33697 
426913 
33698 
33699 
33700 
33701 
33702 
33703 
33704 
33705 
33706 
33707 
33708 
33709 
426925 
33710 
33711 
426927 
33712 
33713 
33714 
558003 
33715 
33716 
558005 
33717 
33718 
33719 
33720 
33721 
426938 
558010 
33722 
33723 
33724 
33725 
33726 
295870 
33727 
295872 
33728 
33729 
295874 
33730 
295876 
295877 
295878 
295882 
426955 
295885 
295887 
295888 
295891 
426963 
426965 
558040 
558042 
426972 
558046 
295905 
295909 
426981 
426985 
426987 
426990 
426991 
295921 
295924 
558073 
558075 
558077 
295936 
295940 
295950 
295953 
558103 
558104 
295963 
427045 
295977 
295978 
295979 
295980 
295983 
295986 
558130 
295988 
295990 
295991 
295992 
296002 
296004 
296006 
296008 
296010 
296011 
296012 
558156 
296013 
296014 
164943 
296017 
296022 
427096 
296025 
296030 
296033 
296037 
558182 
164968 
296046 
558194 
558195 
558196 
558197 
558198 
558199 
296055 
558200 
558201 
558202 
558203 
558204 
558205 
558206 
558207 
558208 
296064 
164992 
558209 
558210 
558211 
558212 
558213 
558214 
558215 
558216 
296073 
558217 
558218 
427146 
427147 
558219 
427148 
558220 
427149 
558221 
427150 
558222 
427151 
558223 
427152 
558224 
427153 
558225 
427154 
296082 
558226 
427155 
558227 
427156 
558228 
427157 
558229 
427158 
558230 
427159 
165015 
558231 
427160 
558232 
427161 
558233 
427162 
558234 
427163 
558235 
296091 
427164 
558236 
427165 
558237 
427166 
558238 
427167 
558239 
427168 
558240 
427169 
558241 
427170 
558242 
427171 
558243 
427172 
296100 
558244 
427173 
558245 
427174 
558246 
427175 
558247 
427176 
558248 
427177 
558249 
427178 
558250 
427179 
558251 
427180 
558252 
427181 
296109 
165037 
558253 
427182 
558254 
427183 
558255 
427184 
558256 
427185 
558257 
427186 
558258 
427187 
296115 
558259 
427188 
558260 
427189 
558261 
427190 
296118 
558262 
427191 
558263 
427192 
558264 
427193 
558265 
427194 
558266 
427195 
296123 
558267 
427196 
558268 
558269 
427197 
296126 
427198 
558270 
427199 
558271 
427200 
558272 
427201 
558274 
165058 
296130 
427202 
427203 
165060 
558276 
427204 
296133 
427205 
558278 
427206 
427207 
558280 
296136 
427208 
427209 
558282 
427210 
427211 
558284 
427212 
427213 
558286 
427214 
427215 
558288 
427216 
296145 
427217 
558290 
427218 
427219 
558292 
427220 
427221 
558294 
427222 
427223 
427224 
165080 
558296 
296152 
427225 
427226 
558298 
427227 
427228 
558300 
296157 
427229 
558301 
296158 
427230 
296159 
427231 
296160 
427232 
427233 
427234 
427235 
296163 
427236 
296164 
427237 
296165 
427238 
296166 
427239 
427240 
296169 
427241 
427242 
427243 
296172 
427244 
427245 
296173 
427246 
296174 
427247 
427248 
296176 
296177 
427249 
427250 
427251 
296179 
296180 
427252 
427253 
296181 
296182 
427254 
427255 
296183 
296184 
427256 
427257 
427258 
427259 
165115 
296188 
427260 
427261 
427262 
427263 
427264 
427265 
427266 
427267 
427268 
296196 
427269 
427270 
296198 
427271 
427272 
296200 
427273 
296202 
427274 
427275 
165132 
296204 
427276 
296205 
427277 
296206 
165134 
427278 
427279 
296208 
427280 
427281 
427282 
427283 
296212 
427284 
427285 
427286 
296215 
427287 
296216 
427288 
296217 
427289 
296218 
427290 
296219 
427291 
296220 
427292 
296221 
427293 
296222 
165150 
427294 
296223 
427295 
296224 
296225 
427297 
296226 
296227 
427299 
296228 
296229 
427301 
296230 
296231 
427303 
296232 
296233 
427305 
296234 
296235 
427307 
296236 
296237 
427309 
296238 
296239 
558383 
427311 
296240 
296241 
427313 
296242 
296243 
427315 
296244 
296245 
427317 
296246 
296247 
427319 
296248 
296249 
427321 
165177 
296250 
296251 
558395 
427323 
296252 
296253 
427325 
296254 
296255 
427327 
296256 
296257 
427329 
296258 
296259 
427331 
296260 
296261 
427333 
296262 
165190 
296263 
165192 
296264 
296265 
296266 
296267 
296268 
296269 
558414 
296270 
296271 
296272 
558416 
296273 
296274 
296275 
165204 
296276 
296277 
296278 
296279 
296280 
296281 
296282 
296283 
296284 
296285 
296286 
296287 
296288 
296289 
558434 
296290 
296291 
296292 
296293 
296294 
296295 
165223 
296296 
296297 
296298 
296299 
296300 
296301 
296302 
296303 
296304 
165232 
296305 
296306 
296307 
296308 
296309 
296310 
296311 
296312 
296313 
296314 
296315 
296316 
296317 
296318 
296319 
296320 
296321 
558465 
296322 
296323 
296324 
296325 
296326 
296327 
296328 
296329 
296330 
296331 
296332 
296333 
296334 
296335 
296336 
558480 
296337 
296338 
558482 
296339 
296340 
296341 
296342 
296343 
296344 
296345 
34202 
296346 
296347 
296348 
296349 
296350 
296351 
558496 
296352 
296353 
296354 
296355 
34212 
296356 
296357 
165286 
296358 
296359 
296360 
296361 
296362 
296363 
296364 
296365 
296366 
296367 
34224 
296368 
296369 
296370 
296371 
296372 
296374 
558519 
296376 
296378 
296380 
34238 
296382 
296384 
558530 
296386 
558532 
296388 
296390 
296392 
296394 
296396 
34253 
558542 
296398 
296400 
296402 
296404 
296406 
296408 
165337 
296410 
558557 
34270 
558564 
558566 
558572 
34289 
558579 
558582 
558584 
558585 
34310 
165388 
165398 
34333 
165407 
165415 
165418 
165420 
165422 
165425 
165427 
165429 
34358 
165431 
165433 
165435 
165437 
34385 
165471 
34414 
165492 
165503 
558726 
558727 
558728 
558729 
558730 
558732 
558734 
558736 
558750 
558765 
558780 
558795 
558810 
558825 
165611 
558840 
165636 
558855 
165652 
558870 
558885 
165677 
558897 
558900 
558911 
558914 
558924 
558927 
165711 
558936 
558939 
558947 
558950 
165736 
558957 
558960 
558966 
165752 
558969 
558974 
558977 
558981 
558984 
558987 
165777 
558996 
559003 
559008 
559009 
559010 
559011 
559014 
559015 
559016 
559017 
559020 
165805 
559023 
559024 
559025 
559027 
559028 
559030 
559031 
559032 
559033 
559034 
559035 
559037 
559042 
559043 
559045 
559048 
559051 
165836 
559054 
559058 
559063 
559066 
165852 
559070 
559074 
559079 
559082 
559086 
559090 
165877 
559095 
34807 
559098 
559102 
559105 
559106 
559108 
559113 
559118 
165905 
559141 
559146 
165936 
165952 
559170 
559175 
559191 
165977 
559196 
559211 
559216 
166005 
559225 
559230 
559236 
559240 
559243 
559245 
559246 
166034 
559263 
559264 
166049 
559265 
559267 
559269 
559271 
559273 
559275 
559277 
559279 
559281 
559283 
559285 
166070 
559287 
559289 
559291 
559293 
559295 
559297 
559299 
428228 
559301 
559303 
166091 
559315 
559316 
559318 
559321 
166108 
559324 
559325 
559327 
559328 
559329 
559330 
559331 
559332 
166119 
166132 
559358 
166143 
559359 
559360 
559361 
559362 
166151 
166158 
166164 
166169 
559386 
559388 
166173 
559390 
166176 
166178 
166179 
559418 
559419 
559420 
559421 
559422 
559423 
559424 
559426 
559430 
559433 
428364 
559437 
428368 
559441 
559442 
559444 
559446 
559448 
297305 
559452 
559456 
559460 
559465 
559469 
559477 
559485 
559492 
559496 
559497 
297354 
297356 
297358 
297360 
297361 
297362 
166296 
166297 
297371 
297373 
297375 
297376 
559523 
559526 
166313 
559531 
166316 
166324 
166325 
166326 
166327 
166328 
166330 
166332 
166333 
166335 
166336 
166344 
297418 
166346 
166347 
166348 
166349 
559565 
297422 
559567 
297425 
297426 
559572 
166357 
166366 
166375 
166384 
559603 
297460 
297461 
559605 
297462 
297463 
166393 
297465 
559609 
297468 
297471 
297472 
166402 
297474 
297475 
297476 
297477 
297478 
297479 
297481 
297484 
297487 
297490 
297493 
559637 
559639 
297496 
559642 
297499 
297502 
297505 
297508 
297511 
297514 
297518 
559668 
297525 
559669 
297526 
559670 
297531 
297532 
297534 
297537 
297540 
297542 
297543 
297544 
559696 
297553 
297555 
297557 
297559 
297561 
297562 
297563 
297564 
297565 
559722 
297587 
297588 
297589 
297590 
297591 
297592 
297596 
559748 
297609 
297612 
166542 
166544 
166546 
166547 
297625 
297629 
559774 
166567 
297640 
166569 
559786 
559787 
297643 
559788 
559789 
559790 
559791 
559792 
559793 
559794 
559795 
166580 
559796 
559797 
166582 
559798 
297654 
559799 
559800 
166584 
559801 
559802 
297658 
559803 
559804 
559805 
559806 
559807 
559808 
559809 
559810 
166595 
297667 
559811 
559812 
297669 
559813 
297670 
559814 
559815 
297672 
559816 
166601 
559817 
297674 
559818 
166603 
559819 
297676 
559820 
166605 
559821 
297678 
559822 
297679 
559823 
166608 
559824 
166609 
559825 
297681 
559826 
297682 
297683 
559827 
559828 
559829 
559830 
559831 
559832 
559833 
559834 
559835 
559836 
559837 
559838 
559839 
559840 
559841 
559842 
559843 
559844 
559845 
559846 
559847 
559848 
559849 
559850 
559851 
559852 
559853 
559854 
559855 
559856 
559857 
559858 
559859 
559860 
559861 
559862 
559864 
559866 
559868 
559870 
559872 
559874 
559876 
559878 
559880 
559882 
559884 
559886 
559888 
559889 
297752 
297756 
559959 
166752 
166754 
166756 
166758 
559977 
166761 
35691 
559979 
166763 
35692 
35693 
166765 
35694 
35695 
166767 
35696 
35697 
166769 
35699 
166772 
35701 
166773 
166774 
35703 
166775 
166776 
166777 
166778 
166779 
166780 
559996 
166781 
166782 
166783 
166784 
166785 
166786 
166787 
166788 
166789 
166790 
166791 
166792 
166793 
166794 
166795 
166796 
166797 
166798 
166799 
166800 
166801 
166802 
166803 
166804 
166805 
166806 
166807 
166808 
166809 
560025 
166810 
166811 
166812 
166813 
166814 
166815 
166816 
166817 
166818 
166819 
166820 
166821 
166822 
166823 
560039 
166824 
166825 
560041 
166826 
166827 
166828 
166829 
166830 
166831 
166832 
166833 
166834 
166835 
166836 
166837 
166838 
560054 
166839 
166840 
166841 
166842 
166843 
166844 
166845 
166846 
166847 
166848 
166849 
166850 
166851 
166852 
166853 
166854 
35783 
166855 
166856 
166857 
166858 
166859 
560075 
166860 
166861 
166862 
166863 
166864 
166865 
166866 
166867 
166868 
166869 
560085 
166870 
166871 
560087 
166872 
166873 
166874 
166875 
166876 
166877 
166878 
166879 
166880 
560096 
166881 
166882 
166883 
166884 
35813 
166885 
166886 
166887 
166888 
166889 
166890 
166891 
166892 
560109 
166893 
166894 
166895 
166896 
166897 
166898 
560115 
166899 
166900 
560117 
166901 
166902 
166903 
166904 
166905 
166906 
560122 
166907 
166908 
35837 
166909 
166910 
560127 
166911 
166912 
560129 
166913 
166914 
560130 
166915 
166916 
166917 
166918 
166919 
166920 
166921 
166922 
166923 
166924 
166925 
166926 
166927 
166928 
166929 
166930 
166931 
166932 
166933 
166934 
166935 
166936 
166937 
166938 
166939 
166940 
166941 
166942 
166943 
166944 
166945 
166946 
166947 
166948 
166949 
166950 
166951 
166952 
166953 
166954 
166955 
166956 
166957 
166958 
166959 
166960 
166961 
166962 
166963 
166964 
166965 
166966 
166967 
166968 
166969 
166970 
166971 
166972 
166973 
166974 
166975 
166976 
166977 
166980 
166982 
166984 
166986 
166988 
166990 
166992 
166994 
166996 
166998 
167000 
167002 
167004 
35933 
167006 
35958 
35983 
560271 
560272 
560273 
560274 
560275 
560277 
560279 
560281 
35999 
560295 
560310 
36024 
560325 
36052 
560340 
560355 
560370 
36083 
560385 
36099 
560400 
36124 
560415 
560430 
429366 
36152 
560442 
560445 
36160 
36162 
36164 
36166 
560456 
36168 
36170 
560459 
36172 
36174 
429391 
36177 
36179 
560469 
36181 
36183 
560472 
36185 
36187 
36189 
36191 
560481 
36193 
36195 
560484 
36197 
429415 
36199 
36201 
36203 
560492 
36205 
36206 
36207 
560495 
36209 
36211 
36212 
36213 
36214 
560502 
36215 
36216 
560505 
36217 
36218 
36219 
36220 
36221 
429438 
36222 
560511 
36223 
429440 
36224 
36225 
560514 
36226 
36227 
36228 
36229 
36230 
560519 
36231 
36232 
36233 
36234 
560522 
36235 
36236 
36237 
36238 
560526 
36239 
36240 
560529 
36241 
36242 
36243 
36244 
560532 
36245 
429462 
36246 
36247 
36248 
36249 
36250 
36251 
36252 
560541 
36253 
36254 
36255 
36256 
36257 
36258 
36259 
560548 
36260 
36261 
36262 
36263 
36264 
560553 
36265 
560554 
36266 
560555 
36267 
560556 
36268 
36269 
36270 
560559 
36271 
36272 
560560 
560561 
36273 
36274 
560562 
36275 
36276 
560565 
36277 
36278 
36279 
560568 
36280 
560569 
36281 
36282 
560570 
36283 
36284 
560572 
560573 
429501 
36285 
36286 
560575 
36287 
560576 
36288 
560577 
36289 
560578 
36290 
560579 
36291 
560580 
36292 
36293 
36294 
560582 
36295 
36296 
36297 
36298 
560587 
36299 
560588 
36300 
36301 
36302 
560590 
36303 
36304 
429520 
560593 
36305 
36306 
429522 
36307 
560596 
36308 
36309 
36310 
560599 
36311 
36312 
36313 
36314 
560603 
36315 
36316 
36317 
36318 
36319 
560608 
36320 
36321 
36322 
560611 
36323 
429540 
36324 
36325 
36326 
560615 
36327 
36328 
36329 
36330 
560619 
36331 
36332 
36333 
36334 
36335 
560624 
560627 
560631 
560635 
560640 
560643 
429571 
560645 
560647 
560648 
560652 
560657 
429586 
429588 
429602 
560678 
560683 
429625 
560703 
560708 
429636 
429638 
429648 
560722 
560727 
429663 
560738 
429670 
560743 
429672 
429678 
560750 
560754 
429685 
560758 
429688 
560761 
429690 
560762 
560763 
429691 
560780 
560781 
560782 
560784 
560786 
560788 
560790 
560792 
560794 
560796 
560798 
560800 
560802 
560804 
560806 
560808 
560810 
560812 
560814 
560816 
429745 
560818 
560820 
560832 
560833 
560835 
560838 
560841 
560842 
560844 
560845 
560846 
560847 
560848 
560849 
429796 
560875 
560876 
560877 
560878 
298754 
560901 
560903 
560905 
560907 
429846 
429847 
429848 
429849 
429850 
429851 
298779 
429852 
429853 
429854 
429855 
429856 
429857 
429858 
429859 
429860 
429861 
429862 
429863 
560935 
429864 
560936 
429865 
560937 
429866 
560938 
429867 
560939 
429868 
560940 
429869 
429870 
560942 
429871 
429872 
429873 
560945 
429874 
429875 
560947 
298803 
429876 
429877 
429878 
429879 
560951 
429880 
429881 
429882 
429883 
560955 
429884 
560956 
429885 
429886 
560958 
429887 
429888 
560960 
429889 
429890 
560962 
429891 
429892 
429893 
429894 
560966 
429895 
429896 
429897 
298826 
560970 
429898 
429899 
429900 
429901 
560974 
429902 
429903 
429904 
429905 
429906 
560979 
429907 
429908 
429909 
429910 
560983 
429911 
429912 
429913 
429914 
429915 
429916 
429917 
429918 
560991 
429919 
298848 
429920 
429921 
429922 
429923 
429924 
429925 
429926 
429927 
560999 
429928 
429929 
429930 
561003 
429931 
429932 
561005 
429933 
429934 
429935 
429936 
429937 
429938 
429939 
429940 
429941 
298869 
429942 
429943 
298871 
429944 
429945 
429946 
429947 
429948 
429949 
429950 
429951 
429952 
429953 
429954 
429955 
429956 
429957 
429958 
429959 
561031 
429960 
429961 
561033 
429962 
429963 
298891 
429964 
429965 
429966 
561038 
429967 
429968 
429969 
429970 
429971 
429972 
429973 
429974 
429975 
429976 
429977 
429978 
429979 
429980 
429981 
429982 
429983 
429984 
429985 
429986 
429987 
429988 
429989 
429990 
429991 
429992 
429993 
429994 
429995 
429997 
298926 
561070 
429999 
561072 
430001 
430003 
561077 
430005 
430007 
430009 
430011 
430013 
298943 
430015 
298945 
430017 
430019 
430021 
430023 
430025 
430027 
430029 
430031 
298961 
430033 
561105 
561107 
561110 
167895 
36827 
36837 
298988 
36849 
561137 
561139 
561140 
299001 
299003 
36863 
299015 
167944 
36878 
561166 
167950 
167951 
167953 
167955 
167957 
167959 
167961 
299034 
167964 
167966 
36895 
167968 
167970 
299043 
167972 
299045 
167974 
167976 
561192 
167978 
167980 
299053 
167982 
167984 
36914 
167986 
167988 
167990 
299064 
299069 
299071 
561218 
299075 
299078 
36935 
299079 
168011 
561244 
36958 
168039 
561270 
36983 
299133 
561282 
561283 
561284 
168069 
561285 
561286 
561287 
561288 
561289 
561290 
561291 
561292 
561293 
561294 
561295 
561296 
561297 
37010 
561298 
561299 
561300 
561301 
561302 
561303 
561304 
561305 
561306 
561307 
561308 
561309 
561310 
561311 
561312 
561313 
561314 
561315 
561316 
561317 
561318 
561319 
561320 
561321 
561322 
561323 
561324 
561325 
561326 
37039 
561327 
561328 
299184 
561329 
561330 
561331 
561332 
561333 
561334 
561335 
561336 
561337 
561338 
561339 
561340 
561341 
561342 
561343 
561344 
561345 
561346 
561347 
561348 
561349 
561350 
561351 
561352 
561353 
561354 
561355 
561357 
561359 
561361 
561363 
561365 
561367 
561369 
561371 
561373 
561375 
561377 
561378 
299235 
561379 
299237 
299239 
299240 
299241 
299244 
299246 
299247 
299250 
299263 
299267 
299278 
299281 
561433 
299292 
299296 
299305 
561450 
299308 
561452 
299317 
561468 
299331 
299332 
299333 
299334 
299337 
299340 
299342 
299344 
299345 
299346 
561495 
299356 
299358 
299360 
299362 
299364 
561508 
299365 
299366 
561510 
299367 
299368 
299371 
299376 
561522 
299379 
299384 
299387 
299391 
561541 
299400 
561550 
561552 
299409 
561560 
299418 
299427 
561571 
561576 
561578 
299436 
561582 
561585 
561586 
299445 
299454 
299460 
299463 
299468 
299471 
299475 
299478 
299481 
299490 
299497 
299502 
299503 
299504 
299505 
299508 
299509 
299510 
299511 
299514 
299517 
299518 
299519 
299521 
299522 
299524 
299525 
299526 
299527 
299528 
299529 
299533 
299540 
299542 
299544 
299546 
299547 
299548 
299550 
299553 
299554 
299555 
299556 
299557 
299558 
299559 
299560 
299561 
299562 
299563 
299564 
299565 
299566 
299567 
299568 
299569 
299570 
299571 
299572 
299573 
299574 
299575 
299576 
299577 
299578 
299579 
299580 
299581 
299582 
561727 
299583 
561728 
299584 
561729 
299585 
561730 
299586 
299587 
561731 
299588 
561733 
299589 
299590 
561735 
299591 
299592 
299593 
561737 
299594 
299595 
299596 
299597 
299598 
299599 
299600 
299601 
299602 
37458 
299603 
299604 
299605 
299606 
561751 
299607 
299608 
299609 
299610 
299611 
299612 
299613 
299614 
299615 
299616 
299617 
299618 
299619 
299620 
299621 
561766 
299622 
299623 
299624 
299625 
299626 
299627 
299628 
299629 
299630 
299631 
299632 
299633 
299634 
299635 
299636 
561781 
299637 
299638 
299639 
299640 
299641 
299642 
299643 
299644 
299645 
299646 
299647 
299648 
299649 
299650 
299651 
561796 
299652 
299653 
299654 
299655 
299656 
299657 
299658 
299659 
299660 
299661 
299662 
299663 
299664 
299665 
299666 
561811 
299667 
299668 
299669 
299670 
299671 
299672 
299673 
299674 
299675 
299676 
299677 
299678 
299679 
299680 
299681 
561826 
299682 
299683 
299684 
299685 
299686 
299687 
299688 
299689 
299690 
299691 
299692 
299693 
299694 
299695 
299696 
561841 
299697 
299698 
299699 
299700 
299701 
299702 
299703 
299704 
299705 
299706 
299707 
299708 
299710 
561856 
299712 
299714 
299716 
299718 
299720 
299722 
299724 
299726 
561871 
299728 
299730 
299732 
299734 
299736 
299738 
299740 
561886 
299742 
299744 
299746 
561898 
561901 
561912 
561915 
561925 
561928 
561937 
561940 
561948 
561951 
561958 
561961 
561967 
561970 
561975 
561978 
561982 
561985 
561988 
561997 
430928 
562004 
562009 
562010 
562011 
562012 
562015 
562016 
562017 
562018 
562021 
562024 
562025 
562026 
562028 
562029 
562031 
562032 
562033 
562034 
562035 
562036 
562038 
562043 
562044 
562046 
562049 
562052 
562055 
562059 
562064 
562067 
562071 
562075 
562080 
562083 
562087 
562091 
562093 
562096 
562097 
562098 
562102 
562107 
562125 
562130 
431064 
431068 
562147 
562152 
562163 
562168 
168958 
562176 
168961 
168964 
562181 
168967 
562185 
168970 
562188 
168973 
562191 
562192 
168980 
168981 
168982 
168983 
168985 
168987 
562209 
562210 
562211 
562213 
562215 
562217 
562219 
562221 
562223 
562225 
169011 
562227 
169013 
562229 
562231 
169015 
562233 
562235 
562237 
562239 
562241 
562243 
562245 
562247 
562249 
562261 
562262 
562264 
562267 
562270 
562271 
562273 
562274 
562275 
562276 
562277 
562278 
562304 
562305 
562306 
562307 
562308 
562332 
562334 
562336 
562364 
562365 
562366 
562367 
562368 
562369 
562371 
562372 
562374 
562378 
562382 
562383 
562385 
562387 
562389 
562393 
562397 
562401 
562406 
562410 
562418 
562424 
562427 
562453 
169239 
562455 
169241 
169243 
562460 
169245 
169258 
169268 
169271 
169273 
562490 
562492 
169278 
562496 
169281 
169282 
169283 
562523 
562525 
562527 
562553 
562554 
562580 
169365 
169369 
562606 
562632 
562658 
38372 
38373 
38374 
38375 
38376 
38377 
38378 
38380 
38382 
38384 
562684 
562696 
562697 
562698 
562699 
562700 
562701 
562702 
562703 
562704 
562705 
562706 
562707 
562708 
562709 
562710 
562711 
562712 
562713 
562714 
562715 
562716 
562717 
562718 
562719 
562720 
562721 
562722 
562723 
562724 
562725 
562726 
562727 
562728 
562729 
562730 
562731 
562732 
562733 
562734 
562735 
562736 
562737 
562738 
562739 
562740 
562741 
562742 
562743 
562744 
562745 
562746 
562747 
562748 
562749 
562750 
562751 
38464 
562752 
562753 
562754 
562755 
562756 
562757 
562758 
562759 
562760 
562761 
562762 
562763 
562764 
562765 
562766 
562768 
562770 
38484 
562772 
562774 
562776 
562778 
562780 
562782 
562784 
300641 
562786 
562787 
38517 
562827 
300690 
300692 
562837 
300694 
300695 
562839 
300701 
300703 
300705 
300706 
562854 
562879 
300744 
562891 
300748 
562893 
300751 
300752 
38614 
562904 
38630 
562921 
562929 
300786 
300787 
562931 
300788 
300789 
300791 
300794 
562938 
300797 
300798 
300800 
300801 
300802 
300803 
562947 
300804 
300805 
300807 
562951 
38664 
562953 
300810 
562956 
300813 
562957 
300816 
300819 
300822 
300825 
300828 
300831 
38689 
300834 
300837 
300841 
300848 
38705 
300849 
300854 
300855 
300857 
300860 
300863 
300865 
300866 
300867 
38730 
300876 
300878 
300880 
300882 
300884 
300885 
300886 
300887 
300888 
38758 
300909 
300910 
300911 
300912 
300913 
300914 
300918 
300930 
38789 
300933 
300945 
38805 
300949 
563098 
563099 
563100 
563101 
563102 
300959 
563104 
563106 
300962 
563108 
300972 
38830 
300976 
563122 
300984 
300986 
300987 
300989 
300990 
300992 
563137 
300993 
432066 
38858 
563152 
38866 
38868 
38870 
38872 
38874 
432091 
38876 
38878 
563167 
38880 
38883 
38885 
38887 
38889 
38891 
38893 
563182 
38895 
38897 
432115 
38899 
38901 
38903 
38905 
38907 
563197 
38909 
38911 
38912 
38913 
38915 
38917 
38918 
301062 
38919 
38920 
38921 
432138 
301066 
38922 
38923 
563212 
38924 
38925 
38926 
38927 
38928 
38929 
38930 
38931 
38932 
38933 
38934 
38935 
38936 
38937 
38938 
38939 
563227 
38940 
38941 
38942 
38943 
432160 
38944 
38945 
432162 
38946 
38947 
38948 
38949 
38950 
38951 
38952 
38953 
38954 
563242 
38955 
38956 
38957 
38958 
38959 
38960 
38961 
38962 
38963 
38964 
38965 
38966 
432183 
38967 
38968 
563257 
38969 
38970 
38971 
38972 
38973 
38974 
38975 
38976 
38977 
38978 
38979 
38980 
563269 
38981 
38982 
38983 
563272 
38984 
38985 
38986 
38987 
38988 
38989 
38990 
38991 
38992 
38993 
38994 
563283 
38995 
38996 
38997 
563286 
38998 
38999 
39000 
39001 
39002 
39003 
432220 
39004 
39005 
39006 
39007 
563296 
39008 
39009 
39010 
563299 
39011 
39012 
39013 
39014 
39015 
39016 
39017 
39018 
39019 
563308 
39020 
39021 
432238 
39022 
563311 
39023 
432240 
39024 
39025 
39026 
39027 
39028 
39029 
39030 
563319 
39031 
39032 
39033 
563322 
39034 
39035 
39036 
39037 
39038 
39039 
39040 
39041 
432257 
563329 
39042 
39043 
563332 
39044 
563338 
563341 
563346 
563349 
563353 
563356 
432286 
563359 
563368 
432300 
432302 
563375 
563380 
563381 
563382 
563383 
563386 
563387 
432315 
563388 
563389 
563392 
563395 
563396 
563397 
563399 
563400 
563402 
563403 
563404 
563405 
563406 
563407 
432336 
563409 
563414 
563415 
563417 
432346 
563420 
432348 
563423 
563426 
432357 
563430 
563435 
563438 
563442 
432370 
563446 
432376 
432378 
563451 
563454 
432383 
563458 
432388 
563461 
563462 
432390 
432391 
563464 
563468 
563473 
563489 
563494 
563509 
563514 
432445 
563523 
563528 
563534 
563538 
563541 
563543 
563544 
563561 
563562 
563563 
563565 
563567 
432496 
563569 
563571 
563573 
563575 
563577 
563579 
563581 
563583 
170367 
563585 
563587 
563589 
563591 
563593 
563595 
563597 
563599 
563601 
170392 
563613 
563614 
563616 
432546 
432547 
563619 
432548 
432549 
432550 
563622 
432551 
563623 
432552 
432553 
563625 
432554 
563626 
432555 
563627 
432556 
563628 
432557 
563629 
432558 
563630 
432559 
432560 
170416 
432561 
432562 
432563 
432564 
432565 
432566 
432567 
432568 
432569 
432570 
432571 
432572 
432573 
432574 
432575 
432576 
432577 
432578 
432579 
432580 
432581 
432582 
432583 
170439 
432584 
563656 
432585 
563657 
170441 
432586 
563658 
432587 
563659 
432588 
432589 
432590 
432591 
432592 
432593 
432594 
432595 
432596 
432597 
432598 
432599 
432600 
432601 
432602 
432603 
432604 
432605 
432606 
432607 
432608 
432609 
563682 
432610 
432611 
563684 
432612 
432613 
563686 
432614 
432615 
563688 
432616 
432617 
432618 
432619 
432620 
432621 
432622 
432623 
432624 
432625 
432626 
170482 
432627 
432628 
432629 
432630 
432631 
432632 
432633 
432634 
432635 
432636 
432637 
432638 
432639 
432640 
432641 
432642 
432643 
432644 
563716 
432645 
563717 
432646 
170502 
563718 
432647 
563719 
432648 
563720 
170504 
432649 
563721 
563722 
432650 
432651 
432652 
563724 
432653 
432654 
432655 
432656 
563728 
432657 
432658 
432659 
563731 
432660 
563732 
432661 
432662 
563734 
432663 
432664 
563736 
432665 
563738 
432666 
432667 
170523 
432668 
432669 
563742 
432670 
432671 
432672 
432673 
563746 
432674 
432675 
432676 
432677 
563750 
432678 
432679 
432680 
432681 
432682 
563755 
432683 
432684 
432685 
432686 
563759 
432687 
432688 
432689 
432690 
432691 
432692 
432693 
563766 
432694 
432695 
432697 
563770 
563771 
432699 
170556 
432701 
432703 
432705 
432707 
432709 
432711 
432713 
432715 
170572 
432717 
170574 
432719 
432721 
432723 
432725 
563797 
432727 
563799 
432729 
432731 
563803 
170589 
432733 
170614 
563831 
563833 
563836 
170626 
39556 
170628 
39566 
170639 
563862 
563863 
563864 
39578 
170656 
39592 
170664 
563890 
39607 
39624 
563916 
39643 
170718 
563942 
39664 
563968 
39687 
170769 
563994 
39712 
564020 
39739 
564032 
564033 
564034 
564035 
564036 
170820 
564037 
564038 
564039 
564040 
564041 
564042 
564043 
564044 
564045 
170829 
564046 
564047 
564048 
564049 
564050 
564051 
564052 
170837 
564053 
564054 
564055 
39768 
564056 
564057 
564058 
564059 
170844 
564060 
564061 
564062 
170847 
564063 
564064 
564065 
170850 
564066 
564067 
564068 
170852 
564069 
564070 
170854 
564071 
564072 
564073 
170857 
564074 
564075 
170859 
564076 
564077 
170861 
564078 
564079 
170863 
564080 
170865 
564081 
564082 
170867 
564083 
564084 
170869 
564085 
564086 
170871 
564087 
564088 
564089 
564090 
564091 
564092 
564093 
564094 
564095 
170880 
564096 
564097 
564098 
564099 
564100 
564102 
564104 
564106 
564108 
564110 
564112 
564114 
564116 
564118 
564119 
170909 
170933 
564151 
564153 
564167 
564190 
564201 
564203 
302064 
564213 
564228 
302089 
564235 
564237 
564243 
171029 
564250 
564253 
564255 
564256 
302113 
171054 
302136 
302138 
171079 
171095 
302179 
171120 
302199 
302201 
171148 
302220 
171179 
564397 
302253 
564398 
564399 
564400 
564401 
564403 
564405 
564407 
171195 
302269 
302271 
564421 
302286 
171220 
564436 
564451 
302311 
171248 
564466 
302323 
302325 
302336 
564481 
171279 
564496 
302353 
40213 
302361 
302363 
171295 
564511 
302370 
302379 
564526 
302383 
302385 
302388 
302389 
171320 
564541 
564556 
171348 
564568 
564571 
564582 
564585 
302443 
171379 
564595 
564598 
564607 
564610 
171395 
564618 
564621 
564628 
564631 
171420 
564637 
302494 
564640 
564645 
564648 
564652 
564655 
564658 
171446 
564667 
564674 
564679 
564680 
564681 
564682 
564685 
564686 
171471 
564687 
564688 
302545 
564691 
302547 
302548 
302549 
564694 
302551 
564695 
302552 
564696 
564698 
564699 
302555 
433628 
171485 
564701 
564702 
564703 
564704 
564705 
564706 
564708 
302567 
564713 
564714 
302571 
564716 
171502 
564719 
564722 
564725 
302581 
302584 
564729 
564734 
171520 
564737 
302594 
564741 
302598 
564745 
171533 
564750 
302606 
564753 
302609 
564755 
564757 
564758 
171543 
564761 
302617 
564766 
171552 
302631 
171560 
302632 
302633 
302634 
564780 
302637 
171566 
302640 
564785 
302642 
171572 
302644 
302645 
302646 
171576 
171580 
564796 
171582 
171584 
302656 
171585 
564801 
302658 
302660 
302662 
302664 
564808 
302665 
302666 
302667 
302668 
564812 
302671 
564816 
564819 
302676 
564820 
564821 
302679 
302684 
302687 
302691 
433764 
564838 
564839 
564840 
433768 
564842 
302700 
564844 
564846 
564848 
564850 
564852 
302709 
564854 
564856 
564858 
564860 
302718 
564862 
564864 
564866 
564868 
564870 
302727 
564872 
564874 
564876 
564878 
302736 
302745 
564890 
564891 
564893 
302751 
564896 
302754 
564899 
564900 
564902 
302759 
564903 
564904 
564905 
302762 
564906 
564907 
302766 
302769 
302772 
171707 
171708 
302781 
302788 
564933 
564934 
564935 
564936 
302793 
564937 
302794 
302795 
302796 
171724 
302799 
171727 
302800 
302801 
302802 
302805 
171735 
171736 
302808 
171737 
302809 
171738 
302810 
171739 
302812 
171741 
302813 
171743 
302815 
302816 
171744 
564961 
302817 
302818 
171746 
564963 
302819 
171747 
302820 
564965 
302824 
171755 
171757 
171758 
302830 
171759 
171760 
302832 
302834 
302835 
302836 
302838 
302839 
171768 
302840 
302841 
302842 
302843 
302844 
302845 
302846 
302847 
302848 
302849 
171777 
564993 
302850 
564994 
302851 
564995 
302852 
564996 
302853 
564997 
302854 
564998 
302855 
302856 
565000 
302857 
302858 
171786 
302859 
565003 
302860 
302861 
565005 
302862 
565006 
302863 
302864 
565008 
302865 
302866 
565010 
302867 
171795 
302868 
565012 
302869 
302870 
302871 
302872 
565016 
302873 
302874 
302875 
302876 
171804 
565020 
302877 
302878 
302879 
302880 
565024 
302881 
302882 
302883 
302884 
302885 
171813 
565029 
302886 
302887 
302888 
565033 
302889 
302890 
302891 
302892 
565037 
302893 
171822 
302894 
565039 
302895 
302896 
302897 
302898 
302899 
302900 
302901 
302902 
302903 
302904 
302905 
302906 
302907 
302908 
302909 
302910 
302911 
302912 
302913 
302914 
302915 
302916 
302917 
302918 
302919 
302920 
302921 
565065 
302922 
302923 
565067 
302924 
302925 
302926 
565070 
302927 
302928 
302929 
302930 
302931 
302932 
302933 
302934 
302935 
302936 
302937 
302938 
302939 
302940 
302941 
302942 
302943 
302944 
302945 
302946 
302947 
302948 
302949 
302950 
302951 
302952 
302953 
565097 
302954 
302955 
565099 
302956 
565100 
302957 
302958 
302959 
302960 
302961 
302962 
302963 
302964 
302965 
302966 
302967 
302968 
302969 
302970 
302971 
302972 
302973 
302974 
302975 
302976 
302977 
302978 
302979 
302980 
302981 
565126 
302982 
302983 
302984 
302985 
302986 
302987 
302988 
302989 
302990 
302991 
302992 
302994 
302996 
302998 
303000 
303002 
303004 
303006 
303008 
565152 
303010 
303012 
303014 
303016 
303018 
303020 
303022 
303024 
303026 
303028 
303030 
565178 
565204 
171993 
171996 
171998 
172000 
565230 
172017 
172028 
172030 
172032 
565256 
172041 
172045 
172046 
172048 
172049 
565282 
565294 
565295 
565296 
565297 
565298 
565299 
565300 
565301 
565302 
565303 
565304 
565305 
565306 
565307 
565308 
565309 
565310 
565311 
565312 
565313 
565314 
565315 
565316 
565317 
565318 
565319 
565320 
565321 
565322 
565323 
565324 
565325 
565326 
565327 
565328 
565329 
565330 
565331 
565332 
565333 
565334 
565335 
565336 
565337 
565338 
565339 
565340 
565341 
565342 
565343 
565344 
565345 
565346 
565347 
565348 
565349 
565350 
565351 
565352 
565353 
565354 
565355 
565356 
565357 
565358 
565359 
565361 
565363 
565365 
565367 
565369 
565371 
565373 
565374 
565375 
565397 
565399 
565412 
172198 
172200 
172202 
172204 
172207 
172209 
172211 
172213 
172215 
565433 
172218 
172219 
172220 
172221 
172222 
172223 
172224 
172225 
172226 
172227 
565443 
172228 
41157 
172229 
565445 
41158 
172230 
41159 
172231 
41160 
172232 
41161 
172233 
41162 
172234 
41163 
172235 
172236 
41165 
172237 
172238 
565454 
41167 
172239 
172240 
41169 
172241 
172242 
172243 
172244 
172245 
172246 
172247 
172248 
172249 
172250 
565467 
172251 
172252 
172253 
172254 
172255 
172256 
565473 
172257 
172258 
565475 
172259 
172260 
172261 
172262 
172263 
172264 
565480 
172265 
172266 
172267 
172268 
565485 
172269 
172270 
565487 
172271 
172272 
565488 
172273 
172274 
172275 
172276 
172277 
172278 
172279 
172280 
172281 
172282 
172283 
172284 
172285 
172286 
172287 
172288 
172289 
172290 
172291 
172292 
172293 
172294 
172295 
172296 
172297 
172298 
172299 
172300 
172301 
172302 
172303 
172304 
172305 
172306 
172307 
172308 
172309 
172310 
172311 
172312 
172313 
172314 
172315 
172316 
172317 
172318 
172319 
172320 
172321 
172322 
172323 
172324 
172325 
172326 
172327 
172328 
172329 
172330 
41259 
172331 
172332 
172333 
172334 
172335 
172336 
172337 
172338 
172339 
172340 
41269 
172341 
172342 
172343 
172344 
172345 
172346 
172347 
172348 
172349 
172350 
172351 
172352 
172353 
172354 
172355 
172356 
172357 
172358 
172359 
172360 
172361 
172362 
41291 
172363 
172364 
172365 
172366 
172367 
172368 
172369 
172370 
172371 
172372 
172373 
172374 
172375 
172376 
172377 
172378 
172379 
172380 
172381 
172382 
172383 
172384 
172385 
172386 
172387 
172388 
172389 
172390 
172391 
172392 
172393 
172394 
172395 
172396 
172397 
172398 
172399 
172400 
172401 
172402 
172403 
172404 
172405 
172406 
172407 
172408 
172409 
172410 
172411 
172412 
565629 
172413 
565630 
172414 
565631 
172415 
565632 
172416 
565633 
172417 
172418 
565635 
172419 
172420 
565637 
172421 
172422 
565639 
172423 
172424 
172427 
172429 
172431 
172433 
172435 
565653 
172437 
172439 
172441 
172443 
172445 
172447 
172449 
172451 
565668 
172453 
172455 
565683 
41399 
565698 
41424 
565713 
41440 
565728 
565743 
565758 
41474 
565773 
41499 
565788 
565800 
41515 
565803 
565814 
565817 
565827 
41540 
565830 
434766 
565839 
565842 
565850 
565853 
41568 
565860 
565863 
434791 
565869 
565872 
565877 
565880 
565884 
41599 
565887 
434815 
565890 
565899 
41615 
565906 
434838 
565911 
565912 
565913 
565914 
565917 
565918 
565919 
565920 
565923 
565926 
565927 
41640 
565928 
565930 
565931 
434860 
565933 
565934 
565935 
565936 
565937 
565938 
565940 
565945 
565946 
565948 
565951 
434881 
565954 
434883 
41668 
565957 
565961 
41676 
565966 
41678 
41680 
565969 
41682 
41684 
565973 
41686 
434903 
41688 
565977 
41690 
565979 
41693 
565982 
565983 
41695 
565984 
41697 
565987 
41699 
41701 
41703 
565992 
41705 
41707 
41709 
41711 
41713 
566003 
41715 
41717 
41719 
566008 
41721 
434938 
41722 
41723 
41725 
41727 
41728 
566016 
41729 
41730 
41731 
41732 
566021 
41733 
41734 
41735 
41736 
566025 
41737 
41738 
434955 
41739 
566028 
41740 
434957 
41741 
41742 
566031 
41743 
41744 
566032 
41745 
41746 
41747 
41748 
41749 
41750 
41751 
41752 
41753 
41754 
41755 
41756 
434973 
41757 
41758 
41759 
41760 
566049 
41761 
41762 
566050 
41763 
566051 
41764 
41765 
566053 
41766 
566055 
41767 
41768 
566057 
41769 
41770 
566059 
41771 
41772 
41773 
566061 
41774 
566063 
41775 
41776 
566065 
41777 
41778 
566067 
41779 
41780 
566069 
303925 
41781 
41782 
566071 
41783 
41784 
435000 
566073 
41785 
41786 
566075 
41787 
41788 
566077 
41789 
41790 
566079 
41791 
41792 
566081 
41793 
41794 
566083 
41795 
41796 
566085 
435013 
41797 
41798 
566087 
435015 
41799 
41800 
566089 
41801 
41802 
41803 
41804 
41805 
41806 
41807 
41808 
41809 
41810 
435027 
41811 
41812 
566101 
41813 
566102 
41814 
41815 
41816 
566104 
41817 
41818 
566107 
41819 
41820 
41821 
566110 
41822 
566111 
41823 
41824 
566113 
41825 
41826 
566114 
566115 
41827 
566116 
41828 
566117 
41829 
41830 
566118 
303974 
435046 
41831 
41832 
303976 
303977 
41833 
41834 
41835 
41836 
303981 
41837 
41838 
303983 
435055 
41839 
41840 
41841 
435057 
303985 
303986 
41842 
41843 
41844 
41845 
41846 
41847 
41848 
435065 
41849 
41850 
41851 
41852 
41853 
41854 
41855 
566144 
41856 
566145 
41857 
566146 
566147 
435076 
435081 
435083 
435087 
435090 
435091 
304020 
304024 
566170 
304027 
304028 
566172 
566174 
566176 
566204 
566205 
304062 
566206 
304063 
566207 
304064 
566208 
304065 
566209 
566211 
304067 
566212 
304070 
566214 
566215 
304073 
435145 
566217 
304074 
566219 
304076 
566221 
304077 
304078 
304079 
304080 
566225 
304081 
304083 
566229 
304086 
304089 
566233 
304092 
566237 
304095 
566240 
304098 
566243 
304101 
304104 
304107 
304110 
304114 
304121 
304122 
435196 
566269 
304127 
566271 
304128 
566273 
304130 
304133 
304136 
304138 
304139 
304140 
304149 
304151 
304153 
304155 
566299 
566300 
304157 
304158 
304159 
304160 
304161 
435246 
435247 
435248 
435249 
435250 
435251 
435252 
435253 
304181 
435254 
304182 
566326 
435255 
304183 
435256 
304184 
435257 
304185 
435258 
304186 
435259 
435260 
435261 
435262 
304190 
435263 
435264 
435265 
435266 
435267 
435268 
435269 
435270 
435271 
435272 
435273 
304201 
435274 
435275 
435276 
304204 
435277 
435278 
435279 
435280 
566352 
435281 
435282 
435283 
435284 
435285 
435286 
435287 
304215 
435288 
435289 
435290 
435291 
304219 
435292 
435293 
435294 
435295 
435296 
435297 
435298 
435299 
304228 
435300 
435301 
435302 
304231 
435303 
435304 
435305 
566378 
435306 
435307 
435308 
435309 
435310 
435311 
304240 
435312 
435313 
435314 
435315 
304244 
435316 
435317 
435318 
435319 
435320 
435321 
435322 
304251 
435323 
435324 
435325 
304253 
435326 
304254 
435327 
304255 
435328 
304256 
435329 
435330 
435331 
435332 
566404 
435333 
435334 
435335 
435336 
435337 
435338 
435339 
435340 
435341 
435342 
435343 
435344 
435345 
435346 
435347 
435348 
435349 
435350 
435351 
435352 
435353 
435354 
435355 
435356 
435357 
435358 
566430 
435359 
435360 
435361 
435362 
435363 
435364 
435365 
435366 
435367 
435368 
435369 
435370 
435371 
435372 
435373 
435374 
435375 
435376 
435377 
435378 
435379 
435380 
435381 
435382 
435383 
566456 
435384 
435385 
435386 
435387 
435388 
435389 
435390 
435391 
435392 
435393 
435394 
435395 
304325 
435397 
435399 
435401 
304329 
435403 
435405 
435407 
435409 
566482 
435411 
435413 
435415 
435417 
435419 
435421 
566494 
566495 
435423 
566496 
566497 
435425 
566498 
566499 
435427 
566500 
566501 
435429 
566502 
566503 
435431 
566504 
566505 
435433 
566506 
566507 
566508 
566509 
566510 
566511 
566512 
566513 
566514 
566515 
566516 
566517 
566518 
566519 
566520 
566521 
566522 
566523 
566524 
566525 
566526 
566527 
566528 
566529 
566530 
566531 
566532 
566533 
566534 
566535 
566536 
566537 
566538 
566539 
566540 
566541 
566542 
566543 
566544 
566545 
566546 
566547 
566548 
566549 
566550 
566551 
566552 
566553 
566554 
566555 
566556 
566558 
566560 
566562 
173347 
566564 
566566 
566568 
566569 
566583 
566585 
566593 
173396 
566612 
173400 
173402 
173404 
566621 
173406 
566623 
173408 
173410 
173412 
173415 
566631 
173417 
173419 
173421 
173423 
173425 
566642 
173427 
173429 
173431 
566647 
173433 
566649 
173436 
173437 
566653 
173439 
566656 
173441 
566657 
173443 
173445 
42389 
173468 
42399 
42411 
42425 
173498 
42440 
42457 
42476 
42497 
566798 
566799 
566800 
566801 
566802 
566804 
566806 
42520 
566808 
566822 
42545 
566837 
566852 
42572 
566867 
566882 
42601 
566897 
566912 
566927 
566942 
566957 
566969 
566972 
566983 
566986 
566996 
566999 
567008 
567011 
567019 
567022 
567029 
567032 
567038 
567041 
567046 
567049 
567053 
567056 
567059 
567068 
567075 
567080 
567081 
567082 
567083 
567086 
567087 
567088 
567089 
567092 
567095 
567096 
567097 
567099 
567100 
567102 
567103 
567104 
567105 
567106 
567107 
567109 
567114 
567115 
567117 
567120 
567123 
567126 
567130 
567135 
567138 
567142 
567145 
567146 
567148 
567151 
567156 
567165 
567170 
567176 
567180 
567183 
567185 
567186 
567203 
567204 
567205 
567207 
567209 
567211 
567213 
567215 
567217 
567219 
567221 
567223 
567225 
567227 
567229 
567231 
567233 
567235 
567237 
567239 
567241 
567243 
567255 
567256 
567258 
567261 
567264 
567265 
567267 
567268 
567269 
567270 
567271 
567272 
567298 
567299 
567300 
567301 
567302 
567326 
567328 
567330 
567358 
567359 
567360 
43072 
567361 
567362 
567363 
567364 
567366 
567367 
567369 
567371 
567373 
567377 
567381 
567384 
567387 
567389 
567390 
436328 
567416 
567417 
567418 
567444 
567470 
305327 
305352 
567496 
305376 
567522 
436464 
436468 
305399 
305401 
567548 
305423 
567574 
567600 
174389 
305462 
174392 
174395 
174398 
174401 
174404 
174407 
305481 
567626 
305483 
174414 
174415 
174416 
174417 
174419 
567638 
174422 
567639 
567640 
567641 
567642 
567643 
567644 
567645 
305501 
567646 
567647 
567648 
567649 
567650 
567651 
567652 
567653 
567654 
567655 
567656 
567657 
567658 
567659 
567660 
174445 
567661 
567662 
174447 
567663 
567664 
174449 
567665 
567666 
567667 
567668 
567669 
567670 
567671 
567672 
567673 
567674 
567675 
567676 
305532 
567677 
567678 
567679 
567680 
567681 
567682 
567683 
567684 
567685 
567686 
567687 
567688 
567689 
567690 
305547 
567691 
567692 
305549 
567693 
567694 
567695 
567696 
567697 
567698 
567700 
567702 
567704 
567706 
305563 
567708 
567709 
567718 
567721 
305586 
567738 
305597 
305599 
567746 
567748 
305609 
567755 
567764 
567768 
305624 
567770 
567773 
567774 
305631 
305633 
305639 
305646 
305649 
305651 
305652 
305706 
174659 
174661 
174662 
174664 
174682 
174685 
305757 
567915 
567916 
174700 
567917 
567918 
567919 
174703 
567921 
174705 
567923 
567925 
174717 
567939 
174724 
174727 
174729 
174733 
174734 
305808 
305809 
305810 
567954 
305811 
305814 
567969 
305825 
305829 
305838 
567984 
305841 
305850 
305854 
567999 
305861 
305864 
568014 
305871 
305885 
568029 
305886 
305887 
305888 
174816 
305891 
174820 
305894 
305896 
305898 
305899 
305900 
568044 
305910 
305912 
305914 
568059 
305916 
305918 
305919 
305920 
305921 
305922 
305925 
568074 
305930 
305933 
305938 
305941 
568086 
305945 
568089 
305954 
568100 
568103 
305963 
568113 
568116 
305972 
305981 
568125 
568128 
305990 
568136 
568139 
305996 
305999 
568146 
306004 
568149 
306007 
306011 
568155 
306014 
568158 
306017 
568163 
568166 
306026 
568170 
568173 
568176 
306033 
306038 
306039 
306040 
306041 
568185 
306044 
306045 
306046 
306047 
568192 
306050 
306053 
568197 
568198 
306054 
568199 
306055 
568200 
306057 
306058 
568203 
568204 
306060 
306061 
568205 
568206 
306062 
306063 
306064 
568209 
306065 
568212 
306069 
568213 
568214 
568216 
568217 
306074 
568219 
568220 
306076 
568221 
306077 
568222 
306078 
306079 
568223 
568224 
306080 
306081 
306082 
568226 
306083 
306084 
306085 
306086 
306087 
568231 
306088 
568232 
306089 
306090 
568234 
306091 
306092 
306093 
568237 
306094 
306095 
306096 
568240 
306097 
306098 
306099 
568243 
306100 
306101 
306102 
568247 
306103 
306104 
306105 
306106 
306107 
306108 
568252 
306109 
306110 
306111 
568255 
306112 
568257 
306113 
306114 
306115 
568259 
306116 
568260 
306117 
306118 
568262 
306119 
306120 
306121 
306122 
306123 
568267 
306124 
306125 
306126 
306127 
306128 
306129 
568274 
306130 
306131 
306132 
306133 
568278 
306134 
306135 
306136 
306137 
568282 
306138 
306139 
306140 
568285 
306141 
568286 
306142 
568287 
306143 
306144 
306145 
306146 
306147 
306148 
306149 
306150 
306151 
306152 
306153 
306154 
306155 
306156 
306157 
306158 
306159 
306160 
568304 
306161 
568305 
568306 
306162 
306163 
306164 
568308 
306165 
568310 
306166 
306167 
306168 
568312 
306169 
568314 
306170 
306171 
306172 
568316 
306173 
568318 
306174 
306175 
306176 
568320 
306177 
568322 
306178 
306179 
306180 
568324 
306181 
568326 
306182 
306183 
306184 
568328 
306185 
568330 
306186 
306187 
306188 
568332 
306189 
44046 
568334 
306190 
44047 
306191 
44048 
306192 
568336 
44049 
306193 
44050 
568338 
306194 
44051 
306195 
44052 
306196 
568340 
306197 
44054 
568342 
306198 
306199 
44056 
306200 
568344 
306201 
44058 
306202 
306203 
306204 
306205 
306206 
306207 
306208 
306209 
306210 
306211 
568356 
306212 
568357 
306213 
306214 
568359 
306215 
306216 
306217 
568362 
306218 
306219 
306220 
568365 
306221 
568366 
306222 
306223 
568368 
306224 
568369 
306225 
568370 
306226 
568371 
306227 
306228 
568372 
568373 
306229 
306230 
306231 
306233 
306235 
306237 
306239 
306241 
306243 
306245 
306247 
306249 
306251 
306253 
568399 
306255 
568400 
568401 
306257 
568402 
306259 
306261 
306263 
306265 
306267 
306269 
568425 
568427 
568429 
568431 
44147 
44169 
568459 
568460 
568461 
568462 
568463 
568464 
568466 
568467 
44180 
568469 
568471 
568473 
568477 
568480 
568482 
568483 
568484 
568510 
568536 
437466 
568562 
437491 
44288 
437515 
568588 
44313 
437538 
437540 
568614 
44329 
568640 
44354 
437581 
568666 
437601 
437603 
44388 
568692 
437622 
44413 
44429 
568718 
437655 
568730 
568731 
568732 
568733 
568734 
568735 
568736 
568737 
568738 
568739 
568740 
568741 
44454 
568742 
437671 
568743 
568744 
437673 
568745 
568746 
568747 
568748 
568749 
568750 
568751 
568752 
568753 
568754 
568755 
568756 
568757 
568758 
568759 
568760 
437688 
568761 
568762 
568763 
568764 
568765 
568766 
568767 
568768 
568769 
44482 
568770 
568771 
568772 
568773 
568774 
568775 
568776 
568777 
568778 
568779 
568780 
568781 
568782 
568783 
568784 
437713 
568785 
568786 
568787 
568789 
568791 
568793 
568794 
568795 
437725 
437727 
568800 
44513 
568802 
437738 
44529 
568817 
568824 
568826 
437755 
568832 
437763 
437765 
568839 
44554 
568842 
437772 
568844 
568845 
437781 
437785 
437787 
437790 
437791 
44582 
44590 
44592 
44594 
44596 
44598 
44600 
44602 
44604 
44607 
44609 
44611 
44613 
44615 
44617 
44619 
44621 
44623 
44625 
44627 
437845 
44629 
44631 
44633 
44635 
44636 
44637 
44639 
44641 
44642 
44643 
44644 
44645 
44646 
44647 
44648 
44649 
44650 
44651 
44652 
44653 
44654 
44655 
44656 
44657 
44658 
44659 
44660 
44661 
44662 
44663 
44664 
44665 
44666 
44667 
44668 
44669 
44670 
44671 
44672 
44673 
44674 
44675 
44676 
44677 
44678 
44679 
44680 
437896 
44681 
44682 
44683 
44684 
44685 
44686 
44687 
44688 
44689 
44690 
44691 
44692 
44693 
44694 
44695 
44696 
44697 
568986 
44698 
568987 
44699 
568988 
44700 
568989 
44701 
568990 
44702 
44703 
568992 
44704 
44705 
568994 
44706 
44707 
568996 
44708 
44709 
44710 
44711 
44712 
44713 
44714 
44715 
44716 
44717 
44718 
44719 
44720 
44721 
569010 
44722 
44723 
44724 
44725 
44726 
44727 
44728 
44729 
44730 
437946 
437947 
44731 
437948 
44732 
437949 
44733 
437950 
44734 
437951 
44735 
437952 
44736 
437953 
569025 
44737 
437954 
44738 
437955 
44739 
437956 
44740 
437957 
44741 
437958 
44742 
437959 
44743 
437960 
44744 
437961 
44745 
437962 
175818 
44746 
437963 
44747 
437964 
44748 
437965 
44749 
437966 
44750 
437967 
44751 
437968 
569040 
44752 
437969 
44753 
437970 
44754 
437971 
44755 
437972 
44756 
437973 
44757 
437974 
44758 
437975 
44759 
437976 
44760 
437977 
44761 
437978 
44762 
437979 
44763 
437980 
44764 
437981 
44765 
437982 
44766 
437983 
569055 
44767 
437984 
44768 
437985 
44769 
437986 
44770 
437987 
44771 
175843 
437988 
44772 
437989 
44773 
437990 
44774 
437991 
437992 
437993 
437994 
437995 
437996 
437997 
569070 
437998 
437999 
438000 
438001 
438002 
438003 
438004 
438005 
438006 
438007 
438008 
438009 
438010 
175867 
438011 
438012 
569085 
438013 
438014 
438015 
438016 
438017 
438018 
438019 
438020 
438021 
438022 
438023 
438024 
438025 
438026 
438027 
569100 
438028 
438029 
438030 
438031 
438032 
438033 
438034 
175890 
438035 
438036 
175892 
438037 
438038 
438039 
438040 
438041 
438042 
569115 
438043 
438044 
438045 
438046 
438047 
438048 
438049 
438050 
438051 
438052 
438053 
438054 
438055 
438056 
438057 
569130 
438058 
175914 
438059 
438060 
438061 
438062 
438063 
438064 
438065 
438066 
438067 
438068 
438069 
438070 
438071 
438072 
569145 
438073 
438074 
438075 
438076 
438077 
438078 
438079 
438080 
438081 
438082 
438083 
438084 
569157 
438085 
438086 
438087 
569160 
438088 
438089 
438090 
438091 
438092 
438093 
438094 
438095 
175953 
438097 
569171 
438099 
438101 
569174 
438103 
438105 
438107 
438109 
438111 
569184 
438113 
569187 
438115 
175972 
438117 
175974 
438119 
438121 
438123 
569196 
438125 
569199 
438127 
438129 
438131 
438133 
569207 
175992 
569210 
569217 
569220 
569226 
569229 
569234 
569237 
176023 
569241 
569244 
569247 
176038 
569256 
176040 
569263 
569268 
569269 
569270 
176054 
569271 
569274 
569275 
569276 
569277 
569280 
569283 
569284 
569285 
569287 
569288 
569290 
569291 
569292 
569293 
176077 
569294 
569295 
569297 
569302 
569303 
176088 
569305 
176090 
569308 
307164 
569311 
569314 
176100 
569318 
569320 
569323 
569324 
569325 
569327 
176115 
569332 
569336 
176122 
569339 
569342 
569343 
307213 
307214 
569360 
569361 
307217 
569362 
307219 
569364 
307221 
569366 
307222 
569368 
569370 
569372 
569374 
569376 
569378 
569380 
569382 
569384 
569386 
569388 
569390 
569392 
176176 
569394 
307252 
569396 
569398 
307256 
569400 
307259 
307260 
569412 
569413 
569415 
569418 
569421 
569422 
569424 
569425 
569426 
569427 
569428 
569429 
307294 
307295 
307296 
307297 
307299 
176227 
307302 
307305 
307306 
307308 
307309 
307310 
569455 
307311 
569456 
307312 
569457 
307313 
569458 
569459 
307315 
307318 
307321 
307324 
307327 
307330 
307333 
307336 
569483 
307339 
569485 
569487 
307343 
307350 
176278 
307351 
307356 
307357 
176286 
307359 
307362 
307365 
176293 
307367 
307368 
307369 
176299 
569515 
569516 
569517 
569518 
176302 
569519 
569520 
176304 
307378 
176306 
569522 
176307 
569523 
307380 
569525 
176309 
307382 
569527 
176311 
307384 
569529 
176313 
307386 
307387 
307388 
569532 
176316 
307389 
569533 
307390 
569534 
176318 
176320 
176322 
176324 
176326 
176328 
176330 
176332 
307409 
307410 
307411 
307412 
176341 
307413 
307414 
569560 
307418 
307428 
307431 
307441 
569586 
307445 
176374 
307453 
307456 
307464 
307468 
569612 
45326 
307474 
307475 
307476 
45336 
45348 
569638 
45362 
569664 
45377 
45394 
176471 
307545 
569690 
307549 
45413 
176487 
569716 
45434 
176521 
569742 
45457 
176546 
569768 
45482 
176562 
569780 
569781 
569782 
569783 
569784 
569785 
569786 
569787 
569788 
569789 
569790 
569791 
569792 
569793 
569794 
569795 
569796 
45509 
569797 
569798 
569799 
569800 
569801 
569802 
176587 
569803 
569804 
569805 
569806 
569807 
569808 
569809 
569810 
569811 
569812 
569813 
569814 
569815 
569816 
569817 
569818 
569819 
569820 
569821 
569822 
569823 
569824 
569825 
45538 
569826 
569827 
569828 
569829 
569830 
176615 
569831 
569832 
569833 
569834 
569836 
569838 
569839 
569841 
569843 
569854 
569860 
176646 
569862 
569867 
569872 
569874 
569875 
176662 
176687 
176715 
176746 
176762 
176787 
570016 
570017 
570018 
570019 
570020 
570022 
570024 
570026 
176815 
570040 
570055 
176846 
570070 
176862 
570085 
570100 
439028 
176885 
570115 
176909 
570130 
570145 
176930 
176942 
570160 
176957 
570175 
570187 
176972 
570190 
176982 
570201 
570204 
176990 
176997 
570214 
570217 
177003 
177008 
570226 
177012 
570229 
177015 
177017 
177018 
177019 
439164 
570237 
570240 
439168 
570247 
570250 
570256 
570259 
570264 
570267 
570271 
570274 
570277 
570286 
570293 
570298 
570299 
570300 
570301 
570304 
570305 
570306 
570307 
570310 
570313 
570314 
570315 
570317 
570318 
570320 
570321 
570322 
570323 
46035 
570324 
570325 
570327 
570332 
570333 
570335 
570338 
570341 
570344 
570347 
570348 
570350 
570352 
570356 
570359 
570361 
570362 
177146 
177147 
570379 
177163 
570380 
570381 
177166 
570383 
570385 
570387 
570389 
177174 
177175 
570391 
177176 
177177 
570393 
177178 
570395 
177180 
570397 
177182 
570399 
177183 
177185 
570401 
177186 
570403 
570405 
570407 
570409 
177194 
570411 
177196 
177197 
570413 
177198 
177199 
570415 
570417 
570419 
177207 
570431 
177216 
570432 
570434 
570437 
570440 
177225 
570441 
570443 
570444 
570445 
570446 
570447 
570448 
177234 
177243 
177252 
570474 
570475 
570476 
177261 
570477 
177270 
570500 
570502 
570504 
570506 
570534 
570535 
570536 
570537 
570538 
570539 
570541 
570542 
570544 
570545 
570547 
570548 
570574 
570600 
570626 
177419 
177421 
177423 
177424 
570652 
177446 
177448 
570678 
177463 
177465 
177467 
308547 
177480 
570704 
177490 
177492 
177494 
177500 
308572 
177502 
177503 
570730 
308596 
570756 
308619 
570782 
308641 
308643 
570794 
570795 
570796 
570797 
570798 
570799 
570800 
570801 
570802 
570803 
570804 
570805 
570806 
570807 
308664 
570808 
570809 
570810 
570811 
570812 
570813 
570814 
570815 
570816 
570817 
570818 
570819 
570820 
570821 
570822 
570823 
570824 
570825 
570826 
570827 
570828 
570829 
570830 
570831 
570832 
570833 
570834 
570835 
570836 
570837 
570838 
570839 
570840 
570841 
570842 
570843 
570844 
308701 
570845 
570846 
570848 
570849 
570851 
570858 
570863 
308719 
308721 
570865 
570869 
570872 
570873 
177659 
177661 
177663 
177665 
308738 
177668 
177670 
177672 
177674 
177676 
177679 
177680 
177681 
177682 
177683 
177684 
177685 
177686 
177687 
177688 
177689 
177690 
177691 
177692 
177693 
177694 
177695 
308767 
177696 
177697 
177698 
177699 
177700 
177701 
177702 
177703 
177704 
177705 
177706 
177707 
177708 
177709 
308781 
177710 
308783 
177711 
177712 
177713 
177714 
177715 
177716 
177717 
177718 
177719 
177720 
177721 
177722 
177723 
177724 
308796 
177725 
177726 
177727 
177728 
177729 
177730 
177731 
177732 
177733 
177734 
177735 
177736 
177737 
177738 
177739 
177740 
177741 
177742 
177743 
177744 
177745 
308817 
177746 
177747 
177748 
177749 
177750 
177751 
177752 
177753 
177754 
177755 
308827 
177756 
308829 
177757 
177758 
177759 
177760 
177761 
177762 
177763 
177764 
177765 
177766 
308838 
177767 
177768 
177769 
177770 
177771 
177772 
177773 
177774 
177775 
177776 
177777 
177778 
177779 
308851 
177780 
177781 
177782 
177783 
177784 
177785 
308857 
177786 
177787 
308859 
177788 
177789 
177790 
177791 
308864 
177792 
177793 
177794 
177795 
177796 
177797 
308869 
571014 
177798 
571015 
177799 
308871 
571016 
308872 
177800 
571017 
177801 
571018 
177802 
177803 
571020 
177804 
177805 
571022 
177806 
177807 
571024 
177808 
177809 
177810 
177811 
177812 
177813 
177814 
177815 
177816 
177817 
177818 
177819 
177820 
177821 
571038 
177822 
177823 
177824 
177825 
177826 
177827 
177828 
177829 
177830 
177831 
177832 
177833 
177834 
177835 
177836 
571053 
177837 
177838 
177839 
177840 
177841 
177842 
177843 
177844 
177845 
177846 
177847 
177848 
177849 
177850 
177851 
571068 
177852 
177853 
177854 
308926 
177855 
177856 
177857 
177858 
177859 
177860 
177861 
177862 
177863 
177864 
177865 
177866 
571083 
177867 
177868 
177869 
177870 
177871 
177872 
177873 
177874 
177875 
177876 
177877 
177878 
177879 
177880 
177881 
571098 
177882 
177883 
177884 
177885 
177886 
177887 
177890 
177892 
177894 
177896 
571113 
177898 
177900 
177902 
177904 
308977 
177906 
177908 
177910 
571128 
177912 
177914 
177916 
177918 
177920 
571143 
571158 
309027 
309028 
571173 
309031 
571185 
309041 
571188 
309045 
309053 
571199 
309056 
571202 
309064 
309068 
571212 
571215 
309074 
309077 
571224 
571227 
309083 
571235 
571238 
440166 
309097 
309098 
309099 
309100 
571245 
309103 
571248 
309106 
309108 
309110 
571254 
309111 
309112 
571257 
571262 
440191 
571265 
309122 
309124 
571269 
309126 
571272 
309128 
309130 
309131 
571275 
309132 
309133 
309134 
309137 
571284 
309142 
440215 
309145 
571291 
309150 
571296 
571297 
309153 
571298 
571299 
309157 
571302 
571303 
571304 
571305 
571308 
309166 
440238 
571311 
440240 
571312 
571313 
571315 
571316 
571318 
571319 
309175 
571320 
571321 
571322 
571323 
571325 
47039 
47040 
309184 
47041 
571329 
47042 
571330 
47043 
47044 
571332 
47045 
440262 
47047 
571335 
47049 
309193 
571338 
47051 
571340 
571342 
571343 
309199 
571345 
309202 
571348 
571349 
571350 
309207 
309210 
309214 
309217 
309220 
571367 
571368 
571369 
571371 
309229 
571373 
440301 
571375 
571377 
571379 
309236 
571381 
571383 
309241 
571385 
309242 
309243 
571387 
309244 
571389 
571391 
309247 
309248 
440320 
571393 
309249 
309250 
440322 
571395 
309253 
571397 
571399 
309256 
571401 
309257 
309258 
571403 
309260 
309261 
571405 
571407 
309263 
309264 
309265 
309266 
309267 
309268 
440340 
309272 
47131 
571419 
571420 
309276 
309277 
309278 
571422 
309279 
309280 
309281 
571425 
309282 
309283 
309284 
571428 
309285 
571429 
309286 
309287 
571431 
309288 
571432 
309289 
571433 
309290 
571434 
309291 
571435 
309292 
571436 
309293 
309294 
309295 
309296 
309297 
309298 
309299 
440371 
309300 
309301 
309302 
309303 
309304 
47161 
309305 
309306 
309307 
309308 
309309 
309310 
309311 
309312 
309313 
309314 
440386 
309315 
309316 
440388 
309317 
309318 
571462 
309319 
571463 
309320 
571464 
309321 
571465 
309322 
571466 
309323 
309324 
309325 
309326 
309327 
309328 
47185 
309329 
440402 
309330 
309331 
309332 
309333 
309334 
309335 
309336 
309337 
309338 
309339 
309340 
309341 
309342 
309343 
309344 
309345 
571490 
309346 
309347 
571492 
309348 
309349 
571494 
309350 
309351 
309352 
440425 
309353 
309354 
309355 
309356 
309357 
309358 
309359 
309360 
309361 
309362 
309363 
309364 
440436 
309365 
309366 
440438 
309367 
309368 
309369 
309370 
309371 
309372 
309373 
309374 
309375 
309376 
440448 
309377 
309378 
571522 
309379 
571523 
309380 
571524 
309381 
571525 
309382 
571526 
309383 
571527 
309384 
309385 
571529 
309386 
571530 
309387 
571531 
571532 
309388 
309389 
309390 
309391 
440463 
309392 
309393 
309394 
309395 
309396 
309397 
309398 
440470 
309399 
309400 
440472 
309401 
309402 
309403 
309404 
309405 
309406 
440478 
309407 
309408 
309409 
309410 
309411 
309412 
440485 
309413 
571558 
309414 
309415 
440488 
309416 
309417 
440490 
309418 
440491 
309419 
309420 
309421 
309422 
309423 
309424 
47281 
309425 
309426 
309427 
309428 
309429 
309431 
309433 
309435 
309437 
309439 
571584 
309441 
309443 
309445 
309447 
309449 
47306 
309451 
309453 
309455 
309457 
309459 
309461 
309463 
309465 
571610 
309467 
440545 
47331 
47347 
571636 
47372 
571662 
440596 
47400 
571688 
571714 
440646 
47431 
440647 
440648 
440649 
440650 
440651 
440652 
440653 
440654 
440655 
440656 
440657 
440658 
440659 
440660 
440661 
440662 
47447 
440663 
440664 
440665 
440666 
440667 
440668 
571740 
440669 
440670 
440671 
440672 
440673 
440674 
440675 
440676 
440677 
440678 
440679 
440680 
440681 
440682 
440683 
440684 
440685 
440686 
440687 
47472 
440688 
440689 
440690 
440691 
440692 
440693 
440694 
571766 
440695 
440696 
440697 
440698 
440699 
440700 
440701 
440702 
440703 
440704 
440705 
571778 
440706 
571779 
440707 
571780 
440708 
571781 
440709 
571782 
440710 
440711 
571783 
440712 
571784 
440713 
571785 
440714 
571786 
440715 
571787 
47500 
440716 
571788 
440717 
571789 
440718 
571790 
440719 
571791 
440720 
571792 
440721 
571793 
571794 
440722 
571795 
440723 
440724 
571796 
440725 
571797 
440726 
571798 
440727 
571799 
440728 
571800 
440729 
571801 
440730 
571802 
571803 
440731 
571804 
440732 
440733 
571805 
571806 
440734 
440735 
571807 
440736 
571808 
440737 
571809 
440738 
571810 
440739 
571811 
440740 
571812 
440741 
571813 
440742 
571814 
440743 
571815 
440744 
571816 
440745 
571817 
440746 
571818 
47531 
440747 
571819 
440748 
571820 
440749 
571821 
440750 
571822 
440751 
571823 
440752 
571824 
440753 
571825 
440754 
571826 
440755 
571827 
440756 
571828 
440757 
440758 
571830 
440759 
440760 
440761 
440762 
47547 
440763 
571835 
440764 
440765 
440766 
440767 
571839 
440768 
440769 
571841 
440770 
440771 
440772 
571844 
440773 
571845 
440774 
440775 
440776 
440777 
440778 
440779 
440780 
440781 
440782 
440783 
440784 
440785 
440786 
440787 
47572 
440788 
440789 
440790 
440791 
440792 
440793 
440794 
440795 
440797 
440799 
440801 
440803 
440805 
440807 
440809 
440811 
440813 
440815 
47600 
440817 
440819 
440821 
440823 
47608 
440825 
47610 
440827 
47612 
440829 
47614 
440831 
47616 
440833 
47618 
47620 
47622 
47625 
47627 
47629 
47631 
47633 
47635 
47637 
47639 
47641 
47643 
47645 
47647 
47649 
47651 
47653 
47654 
47655 
47657 
47659 
47660 
47661 
47662 
47663 
47664 
47665 
47666 
47667 
47668 
47669 
47670 
47671 
47672 
47673 
47674 
47675 
47676 
47677 
47678 
47679 
47680 
47681 
47682 
47683 
47684 
47685 
47686 
47687 
47688 
47689 
47690 
47691 
47692 
47693 
47694 
47695 
47696 
47697 
571986 
47698 
571987 
47699 
571988 
47700 
571989 
47701 
47702 
571990 
47703 
47704 
571992 
47705 
47706 
571994 
47707 
47708 
571996 
47709 
47710 
47711 
47712 
47713 
47714 
47715 
47716 
47717 
47718 
47719 
47720 
47721 
572010 
47722 
47723 
47724 
47725 
47726 
47727 
47728 
47729 
47730 
47731 
47732 
47733 
47734 
47735 
47736 
572025 
47737 
47738 
47739 
47740 
47741 
47742 
178814 
47743 
47744 
47745 
47746 
47747 
47748 
47749 
47750 
47751 
572040 
47752 
47753 
47754 
47755 
47756 
47757 
47758 
47759 
47760 
47761 
47762 
47763 
47764 
47765 
47766 
572055 
47767 
47768 
47769 
47770 
47771 
47772 
47773 
47774 
47775 
47776 
47777 
47778 
47779 
47780 
47781 
572070 
47782 
47783 
47784 
47785 
47786 
47787 
47788 
47789 
47790 
47791 
178863 
47792 
47793 
178866 
47794 
47795 
178868 
572085 
178870 
178872 
178874 
178876 
178878 
178881 
178883 
572100 
178885 
178887 
178889 
178891 
178893 
178895 
178897 
572115 
178899 
178901 
178903 
178905 
178907 
178909 
178911 
178913 
572130 
178915 
572145 
178940 
572157 
572160 
572171 
572174 
572184 
572187 
572196 
572199 
572207 
572210 
572217 
572220 
572226 
572229 
572234 
572237 
572241 
572244 
572247 
572256 
572263 
572268 
572269 
572270 
572271 
572274 
572275 
572276 
572277 
572280 
572283 
572284 
572285 
572287 
572288 
572290 
572291 
572292 
572293 
572294 
572295 
572297 
572300 
572301 
572303 
572306 
572308 
572309 
572310 
572312 
572313 
572330 
572331 
572332 
572334 
572336 
572338 
572340 
572342 
572344 
572346 
572348 
572350 
572352 
572354 
572356 
572358 
572360 
572362 
572364 
572366 
572368 
572370 
572382 
572383 
572385 
572388 
572391 
572392 
572394 
572395 
572396 
572397 
572398 
572399 
572425 
572426 
572427 
572428 
572451 
572453 
572455 
572457 
572485 
572486 
572487 
572488 
572489 
572490 
572491 
572492 
310362 
572518 
572544 
310410 
310413 
310415 
310417 
310418 
572570 
310444 
310448 
310451 
310452 
572596 
572622 
310486 
310487 
310488 
310489 
310491 
310494 
310497 
310498 
310500 
310501 
310502 
310503 
310504 
572648 
310505 
310507 
310510 
48367 
310513 
310516 
310519 
48377 
310522 
310525 
310528 
572674 
310532 
48389 
310539 
310540 
310545 
310546 
48403 
310548 
310551 
310554 
310556 
572700 
310557 
310558 
48418 
310567 
310569 
310571 
310573 
310575 
310576 
310577 
310578 
48435 
310579 
572726 
572738 
572739 
572740 
572741 
310597 
48454 
310598 
572742 
310599 
572743 
310600 
572744 
310601 
572745 
310602 
572746 
572747 
572748 
572749 
310606 
572750 
572751 
572752 
572753 
572754 
572755 
572756 
572757 
572758 
310615 
572759 
572760 
572761 
572762 
310618 
48475 
572763 
572764 
572765 
572766 
572767 
572768 
572769 
572770 
310627 
572771 
572772 
572773 
572774 
310631 
572775 
572776 
572777 
572778 
572779 
572780 
572781 
310638 
572782 
572783 
572784 
310641 
572785 
48498 
572786 
572790 
310648 
572793 
572795 
310652 
572796 
441728 
310657 
48523 
48550 
48579 
310726 
310730 
441864 
572937 
572938 
572939 
572940 
441868 
572941 
572943 
572945 
572947 
572961 
572976 
572991 
573006 
573021 
573036 
179830 
179833 
573051 
179836 
179839 
179842 
179845 
179848 
573066 
179851 
179858 
179859 
179860 
179861 
179863 
573081 
179865 
573096 
179889 
179891 
573108 
179893 
573111 
573122 
573125 
573135 
573138 
573147 
573150 
573158 
573161 
573168 
573171 
573177 
573180 
573185 
573188 
573192 
573195 
573198 
573207 
573214 
573219 
573220 
573221 
573222 
573225 
573226 
573227 
573228 
573231 
573234 
573235 
573236 
573238 
573239 
573241 
573242 
573243 
573244 
573245 
573246 
573248 
573250 
573251 
573253 
573255 
573256 
573257 
573274 
573275 
573276 
573278 
573280 
573282 
573284 
573286 
573288 
573290 
573292 
573294 
573296 
573298 
573300 
573302 
573304 
573306 
573308 
573310 
573312 
573314 
573326 
573327 
573329 
573332 
573335 
573336 
573338 
573339 
573340 
573341 
573342 
573343 
180138 
180140 
180142 
180144 
573369 
573370 
573371 
573372 
573373 
180160 
180173 
49102 
180176 
180178 
573397 
573399 
573401 
180187 
180191 
180194 
180196 
180197 
573429 
573430 
573431 
573432 
573433 
573434 
573460 
573486 
180279 
180283 
573512 
573538 
573564 
573590 
573616 
573642 
573668 
573680 
573681 
573682 
573683 
573684 
573685 
573686 
573687 
573688 
573689 
573690 
573691 
573692 
573693 
573694 
573695 
573696 
573697 
573698 
573699 
573700 
573701 
573702 
573703 
573704 
573705 
573706 
573707 
573708 
573709 
573710 
573711 
573712 
573713 
573714 
573715 
573716 
573717 
573718 
573719 
573720 
573721 
573722 
573723 
573724 
573725 
573726 
573729 
573731 
573732 
311728 
573873 
573874 
573875 
573876 
573877 
573879 
573881 
573883 
573897 
311753 
573912 
311777 
573927 
442866 
573942 
311800 
573957 
442891 
311822 
573972 
573987 
442915 
311843 
311845 
574002 
311865 
442938 
574017 
574032 
442960 
442962 
311900 
574044 
574047 
442983 
574058 
574061 
311917 
311919 
574071 
574074 
311935 
574083 
574086 
443020 
574094 
574097 
574104 
311962 
574107 
443038 
443040 
574113 
574116 
311975 
311977 
574121 
574124 
574128 
443057 
574131 
311989 
574134 
574143 
574150 
312008 
574155 
574156 
574157 
574158 
443086 
574161 
312017 
574162 
312019 
574163 
574164 
574167 
574170 
312027 
574171 
574172 
443100 
443102 
574174 
574175 
574177 
574178 
574179 
574180 
574181 
574182 
312038 
574183 
574185 
574186 
574187 
443115 
312043 
574188 
312045 
312049 
312052 
312053 
574205 
574206 
574207 
443136 
574209 
574211 
574213 
574215 
574217 
443146 
574219 
443148 
574221 
574223 
574225 
574227 
574229 
443157 
574231 
574233 
574235 
574237 
574239 
574241 
443170 
574243 
574245 
443176 
443178 
312107 
443183 
574257 
574258 
574260 
443188 
443190 
574263 
443191 
574266 
574267 
574269 
574270 
574271 
574272 
574273 
574274 
574300 
574301 
574302 
312158 
574303 
443245 
574326 
574328 
574330 
574332 
312210 
574360 
574361 
574362 
574363 
312219 
574364 
574365 
312223 
443296 
312230 
312233 
312240 
312244 
574391 
312249 
312252 
312257 
312271 
312272 
312273 
574417 
312274 
443346 
443347 
443348 
443349 
312277 
443350 
443351 
50136 
312280 
443352 
50137 
443353 
50138 
312282 
443354 
50139 
443355 
50140 
312284 
443356 
50141 
443357 
312285 
50142 
443358 
312286 
443359 
50144 
443360 
443361 
50146 
443362 
443363 
50148 
443364 
443365 
443366 
443367 
443368 
312296 
443369 
443370 
312298 
443371 
574443 
443372 
312300 
443373 
443374 
312302 
443375 
443376 
312304 
443377 
312305 
443378 
312306 
443379 
312307 
443380 
312308 
443381 
443382 
443383 
312311 
443384 
443385 
443386 
443387 
443388 
312316 
443389 
443390 
443391 
312319 
443392 
443393 
443394 
443395 
443396 
312324 
574469 
443397 
443398 
312327 
443399 
443400 
443401 
443402 
312331 
443403 
443404 
443405 
443406 
443407 
443408 
443409 
443410 
443411 
312340 
443412 
443413 
443414 
443415 
443416 
443417 
443418 
443419 
443420 
312349 
443421 
443422 
574495 
443423 
443424 
443425 
181281 
443426 
443427 
443428 
443429 
312358 
443430 
443431 
443432 
443433 
443434 
443435 
443436 
312364 
443437 
443438 
312367 
443439 
443440 
443441 
443442 
443443 
50228 
443444 
312372 
443445 
443446 
312375 
443447 
443448 
443449 
574521 
443450 
181306 
443451 
312379 
443452 
443453 
312382 
443454 
443455 
443456 
443457 
312385 
443458 
443459 
443460 
443461 
443462 
443463 
50248 
443464 
443465 
312394 
443466 
443467 
443468 
443469 
443470 
443471 
443472 
443473 
312401 
181330 
443474 
574547 
443475 
443476 
443477 
312406 
443478 
312407 
443479 
312408 
443480 
312409 
443481 
443482 
443483 
312412 
443484 
312413 
443485 
312414 
443486 
312415 
443487 
443488 
443489 
312418 
443490 
443491 
443492 
312421 
443493 
312422 
443494 
312423 
443495 
50281 
181353 
312425 
443497 
312426 
443499 
312428 
312429 
443501 
574573 
312430 
312431 
443503 
312432 
312433 
443505 
443507 
312437 
443509 
443511 
312440 
443513 
312441 
312442 
312443 
443515 
312444 
312445 
443517 
312446 
312447 
443519 
181375 
312448 
312449 
181377 
443521 
312450 
312451 
443523 
312452 
312453 
443525 
312454 
312455 
443527 
574599 
312456 
312457 
443529 
312458 
312459 
443531 
312460 
312461 
443533 
312462 
312463 
312464 
312465 
312466 
312467 
574611 
312468 
574612 
312469 
574613 
312470 
181398 
574614 
312471 
574615 
312472 
574616 
312473 
574617 
312474 
574618 
312475 
574619 
312476 
574620 
312477 
574621 
312478 
574622 
312479 
574623 
312480 
574624 
312481 
574625 
312482 
574626 
312483 
574627 
312484 
574628 
312485 
574629 
312486 
574630 
312487 
574631 
312488 
574632 
312489 
574633 
312490 
574634 
312491 
574635 
312492 
574636 
312493 
574637 
574638 
312494 
574639 
312495 
574640 
312496 
312497 
574641 
312498 
574642 
312499 
574643 
574644 
312500 
312501 
574645 
312502 
574646 
574647 
312503 
574648 
312504 
312505 
574649 
312506 
574650 
181435 
312507 
574651 
312508 
574652 
312509 
574653 
312510 
574654 
312511 
574655 
312512 
574656 
312513 
574658 
312514 
574659 
312515 
312516 
312517 
312518 
312519 
312520 
312521 
50378 
312522 
312523 
312524 
312525 
181453 
312526 
312527 
181455 
312528 
312529 
312530 
312531 
312532 
312533 
312534 
312535 
312536 
312537 
50394 
312538 
312539 
312540 
312541 
312542 
312543 
312544 
181472 
312545 
312546 
312547 
312548 
312549 
312550 
312551 
312552 
312553 
312554 
312555 
312556 
312557 
312558 
312559 
312560 
312561 
312562 
312563 
312564 
312565 
312566 
312567 
312568 
312569 
312570 
312571 
50428 
312572 
181501 
312573 
312574 
312575 
312576 
312577 
312578 
312579 
312580 
312581 
312582 
312583 
312584 
312585 
312586 
181515 
312587 
312588 
181517 
312589 
312590 
312592 
312594 
312596 
50453 
312598 
312600 
312602 
181530 
312604 
312606 
312608 
312610 
312612 
50469 
312614 
312616 
312618 
312620 
312622 
181551 
312624 
312626 
312628 
181561 
181563 
50494 
181572 
574800 
574801 
181585 
574802 
574803 
574804 
574806 
181591 
574808 
50522 
574810 
574824 
574839 
50553 
574854 
50569 
181645 
574869 
50594 
574884 
574899 
50622 
181696 
574914 
574929 
50653 
574944 
50669 
574959 
181747 
181754 
574971 
574974 
181760 
181765 
50694 
181768 
574985 
181770 
574988 
181772 
181774 
181775 
181777 
181779 
181781 
574998 
181784 
575001 
181786 
181788 
181790 
181792 
50722 
181794 
575010 
181796 
575013 
181798 
181800 
181802 
50730 
50732 
575021 
50734 
575024 
50736 
50738 
181812 
50740 
50742 
575031 
50744 
575034 
50747 
50749 
50751 
575040 
50753 
575043 
50755 
50757 
50759 
575048 
50761 
575051 
50763 
50765 
575055 
50767 
50769 
575058 
50771 
575061 
50773 
50775 
50776 
50777 
50779 
50781 
50782 
575070 
50783 
50784 
50785 
50786 
50787 
50788 
575077 
50789 
50790 
50791 
50792 
50793 
575082 
50794 
575083 
50795 
575084 
50796 
575085 
50797 
50798 
50799 
575088 
50800 
50801 
575089 
575090 
50802 
50803 
575091 
50804 
50805 
575094 
50806 
50807 
50808 
50809 
575097 
575098 
50810 
50811 
575099 
50812 
50813 
575101 
575102 
50814 
50815 
575104 
50816 
50817 
575105 
575106 
50818 
575107 
50819 
50820 
575108 
575109 
50821 
50822 
575110 
575111 
50823 
50824 
50825 
50826 
50827 
50828 
50829 
50830 
50831 
50832 
50833 
50834 
50835 
50836 
50837 
50838 
50839 
50840 
575128 
575129 
50841 
575130 
50842 
50843 
575132 
50844 
50845 
50846 
575134 
50847 
181920 
575136 
50848 
50849 
575138 
50850 
50851 
575140 
50852 
50853 
50854 
575142 
50855 
575144 
50856 
50857 
575146 
50858 
50859 
575148 
50860 
50861 
50862 
575150 
50863 
575152 
50864 
50865 
575154 
50866 
50867 
575156 
50868 
50869 
575158 
50870 
50871 
575160 
50872 
181945 
50873 
50874 
575162 
50875 
50876 
575164 
50877 
575166 
50878 
50879 
575168 
50880 
50881 
50882 
50883 
50884 
50885 
50886 
50887 
50888 
181961 
50889 
50890 
50891 
575180 
50892 
575181 
50893 
50894 
50895 
575183 
50896 
50897 
575186 
50898 
50899 
50900 
575189 
50901 
575190 
50902 
50903 
50904 
575192 
575193 
50905 
575194 
50906 
575195 
50907 
575196 
50908 
575197 
50909 
50910 
50911 
50912 
50913 
50914 
50915 
50916 
50917 
50918 
50919 
50920 
181995 
575223 
575224 
575225 
575226 
575227 
182020 
575251 
182036 
575253 
575255 
182061 
575283 
575284 
575285 
575286 
575287 
575288 
182089 
575314 
182120 
575340 
182136 
575366 
182161 
575392 
182189 
575418 
182220 
575444 
182236 
575470 
182261 
575496 
444428 
182289 
575522 
182318 
575534 
575535 
575536 
575537 
575538 
575539 
575540 
575541 
575542 
575543 
575544 
575545 
575546 
575547 
575548 
182333 
575549 
575550 
575551 
575552 
575553 
575554 
575555 
575556 
575557 
575558 
575559 
575560 
575561 
575562 
575563 
575564 
575565 
575566 
575567 
575568 
575569 
182354 
575570 
575571 
575572 
575573 
575574 
575575 
575576 
575577 
575578 
575579 
182375 
182392 
182403 
182416 
444564 
444568 
182427 
182435 
182442 
182448 
313523 
182453 
182457 
182460 
182462 
182463 
313573 
313575 
575720 
575721 
313577 
575722 
313578 
575723 
575724 
575726 
575728 
575730 
575744 
313600 
313604 
313607 
313608 
575759 
575774 
313642 
313643 
313644 
575789 
313645 
313647 
313650 
313653 
313654 
51512 
313656 
313657 
313658 
313659 
575804 
313660 
313661 
313663 
51522 
313666 
182595 
182596 
313669 
313672 
575819 
313675 
51534 
313678 
313681 
182612 
313685 
182615 
575834 
51548 
313692 
313693 
182623 
182624 
182625 
182626 
313698 
182627 
313699 
182629 
313701 
182631 
313704 
182632 
575849 
182634 
51563 
313707 
182635 
313709 
313710 
313711 
182643 
182645 
182646 
182647 
575864 
182648 
313720 
313722 
51580 
313724 
313726 
182656 
313728 
313729 
313730 
313731 
313732 
575879 
182665 
51599 
182674 
575891 
313749 
575894 
313750 
313751 
313752 
313753 
313754 
182683 
313758 
575905 
51620 
182692 
575908 
313766 
313769 
182701 
575918 
575921 
313777 
313781 
182710 
575930 
51643 
313787 
575933 
313790 
182719 
313796 
575941 
182728 
575944 
313800 
313804 
575951 
575954 
51668 
575960 
575963 
575968 
575971 
575975 
575978 
575981 
51695 
575990 
575997 
576002 
576003 
576004 
576005 
576008 
576009 
576010 
576011 
51724 
576014 
576017 
313873 
576018 
576019 
313877 
576021 
576022 
576024 
576025 
576026 
576027 
576028 
576029 
576046 
576047 
576048 
576050 
576052 
576054 
576056 
576058 
576060 
576062 
576064 
576066 
576068 
576070 
576072 
576074 
576076 
576078 
576080 
576082 
576084 
576086 
576098 
576099 
576101 
576104 
576107 
576108 
576110 
576111 
576112 
576113 
576114 
576115 
182906 
182909 
182911 
182913 
576141 
576142 
576143 
576144 
182933 
182945 
182947 
182949 
576167 
576169 
576171 
576173 
182960 
182966 
182968 
182970 
182973 
182974 
576201 
576202 
576203 
576204 
576205 
576206 
576232 
576258 
576284 
576310 
576336 
183141 
183143 
183145 
576362 
183147 
183150 
183152 
183154 
183156 
183158 
183161 
183162 
183163 
183164 
183165 
183166 
183167 
183168 
183169 
183170 
183171 
183172 
576388 
183173 
183174 
183175 
183176 
183177 
183178 
183179 
183180 
183181 
183182 
183183 
183184 
183185 
183186 
183187 
183188 
183189 
183190 
183191 
183192 
183193 
183194 
183195 
183196 
183197 
576414 
183198 
183199 
183200 
183201 
183202 
183203 
183204 
183205 
183206 
183207 
183208 
183209 
183210 
183211 
183212 
183213 
183214 
183215 
183216 
183217 
183218 
183219 
183220 
183221 
183222 
183223 
576440 
183224 
183225 
183226 
183227 
183228 
183229 
183230 
183231 
183232 
183233 
183234 
183235 
183236 
576452 
183237 
576453 
183238 
576454 
183239 
576455 
183240 
576456 
183241 
576457 
183242 
576458 
183243 
576459 
183244 
576460 
183245 
576461 
183246 
576462 
183247 
576463 
183248 
576464 
183249 
576465 
183250 
576466 
183251 
576467 
183252 
576468 
183253 
576469 
183254 
576470 
183255 
576471 
576472 
183256 
576473 
183257 
183258 
576474 
183259 
576475 
183260 
576476 
183261 
576477 
183262 
576478 
183263 
576479 
183264 
576480 
183265 
576481 
183266 
576482 
183267 
576483 
183268 
576484 
183269 
576485 
183270 
576486 
183271 
576487 
576488 
183272 
183273 
576489 
183274 
576490 
183275 
576491 
183276 
576492 
183277 
576493 
183278 
576494 
183279 
576495 
576496 
183280 
183281 
183282 
183283 
183284 
183285 
183286 
183287 
183288 
183289 
183290 
183291 
183292 
183293 
183294 
183295 
183296 
183297 
183298 
183299 
183300 
183301 
183302 
183303 
183304 
183305 
183306 
183307 
183308 
183309 
183310 
183311 
183312 
183313 
183314 
183315 
183316 
183317 
183318 
183319 
183320 
183321 
183322 
183323 
183324 
183325 
183326 
183327 
183328 
183329 
183330 
183331 
183332 
183333 
183334 
183335 
183336 
183337 
183338 
183339 
183340 
183341 
183342 
183343 
183344 
183345 
52273 
183346 
183347 
183348 
183349 
183350 
183351 
183352 
183353 
183354 
183355 
183356 
183357 
183358 
183359 
183360 
183361 
183362 
183363 
183364 
183365 
183366 
183367 
183368 
183369 
183370 
183371 
183374 
183376 
183378 
183380 
183382 
183384 
183386 
183388 
183390 
183392 
183394 
183396 
183398 
183400 
183402 
183404 
183406 
576637 
445565 
576638 
576639 
576640 
576641 
576643 
576645 
576647 
576661 
445590 
576676 
445614 
576691 
576706 
445637 
576721 
445659 
576736 
576751 
445680 
445682 
576766 
445702 
576781 
576796 
576808 
445737 
576811 
576822 
576825 
445754 
445756 
576835 
576838 
445772 
576847 
576850 
576858 
576861 
576868 
576871 
445799 
576877 
576880 
445812 
576885 
445814 
576888 
576892 
576895 
445826 
576898 
576907 
576914 
445845 
576919 
576920 
576921 
576922 
576925 
576926 
445854 
576927 
576928 
445856 
576931 
576934 
576935 
576936 
445864 
576938 
576939 
576941 
576942 
576943 
576944 
576945 
576946 
445875 
445880 
445882 
445886 
445889 
445890 
576963 
576964 
576965 
576967 
576969 
576971 
576973 
576975 
576977 
576979 
576981 
576983 
576985 
576987 
576989 
576991 
576993 
576995 
576997 
576999 
577001 
577003 
577015 
577016 
445944 
577018 
314875 
577021 
577024 
577025 
577027 
577028 
577029 
577030 
577031 
577032 
314900 
577058 
577059 
577060 
577061 
577062 
445995 
314924 
577086 
577088 
577090 
314947 
314949 
577118 
446046 
446047 
577119 
446048 
577120 
446049 
577121 
446050 
577122 
446051 
577123 
446052 
446053 
446054 
446055 
446056 
446057 
446058 
446059 
446060 
446061 
446062 
314990 
446063 
446064 
446065 
446066 
446067 
446068 
446069 
446070 
446071 
446072 
446073 
446074 
446075 
446076 
446077 
577149 
446078 
446079 
446080 
446081 
446082 
315010 
446083 
446084 
315012 
446085 
446086 
446087 
446088 
446089 
446090 
446091 
446092 
446093 
446094 
446095 
446096 
446097 
446098 
446099 
446100 
446101 
446102 
315031 
577175 
446103 
446104 
446105 
446106 
446107 
446108 
446109 
446110 
446111 
446112 
446113 
446114 
446115 
446116 
446117 
446118 
446119 
446120 
446121 
446122 
446123 
446124 
446125 
446126 
446127 
446128 
446129 
577201 
446130 
446131 
446132 
446133 
446134 
446135 
446136 
315064 
446137 
446138 
446139 
446140 
446141 
446142 
446143 
446144 
446145 
446146 
446147 
446148 
446149 
446150 
446151 
446152 
315080 
446153 
446154 
315082 
446155 
577227 
446156 
446157 
446158 
446159 
446160 
446161 
446162 
446163 
446164 
446165 
446166 
446167 
446168 
446169 
315097 
446170 
446171 
446172 
446173 
446174 
446175 
446176 
446177 
446178 
446179 
446180 
577253 
446181 
446182 
446183 
446184 
446185 
446186 
446187 
446188 
446189 
446190 
446191 
446192 
446193 
315122 
446194 
446195 
446197 
446199 
446201 
446203 
446205 
315134 
446207 
577279 
315136 
446209 
446211 
446213 
446215 
446217 
315147 
446219 
446221 
446223 
446225 
446227 
446229 
446231 
446233 
577305 
315164 
315172 
315174 
315181 
577331 
315190 
315194 
315196 
315199 
315200 
577357 
577370 
577371 
577372 
577373 
577374 
577375 
577376 
577377 
577378 
577379 
577380 
577381 
577382 
577383 
577384 
577385 
577386 
577387 
577388 
577389 
577390 
577391 
577392 
577393 
577394 
577395 
577396 
577397 
315254 
577398 
577399 
577400 
577401 
577402 
577403 
577404 
577405 
577406 
577407 
577408 
577409 
577410 
577411 
577412 
577413 
577414 
577415 
577416 
315305 
315357 
315365 
315369 
184301 
315375 
315378 
315384 
315388 
315392 
315395 
315399 
577557 
315413 
577558 
315414 
315415 
577559 
577560 
315416 
577561 
577563 
315419 
577565 
315422 
184350 
577567 
315424 
184352 
315426 
184354 
315427 
315428 
184356 
184358 
184360 
184362 
184364 
577581 
315438 
184367 
315440 
184369 
315442 
184371 
315444 
184373 
315446 
315447 
184375 
315448 
315449 
184377 
315450 
184379 
577596 
315453 
184381 
184383 
184385 
315458 
184387 
315461 
184389 
184391 
184393 
315466 
577611 
184396 
184397 
315469 
184399 
315473 
184401 
184403 
184404 
53337 
53338 
577626 
315482 
53339 
53340 
53341 
53342 
53343 
53345 
53347 
315491 
53349 
577641 
315497 
315500 
315505 
315508 
577656 
315512 
315515 
315518 
577671 
315527 
315534 
315539 
315540 
315541 
315542 
577686 
315545 
315546 
315547 
315548 
315551 
315554 
315555 
315556 
577701 
315558 
315559 
315561 
315562 
315563 
315564 
315565 
315566 
315570 
577716 
315572 
315573 
315574 
315575 
315576 
315577 
315578 
315579 
315580 
315581 
315582 
53439 
315583 
315584 
577728 
315585 
315586 
315587 
577731 
315588 
315589 
315590 
315591 
315592 
53449 
315593 
315594 
315595 
315596 
315597 
315598 
577742 
315599 
315600 
315601 
577745 
315602 
315603 
315604 
315605 
315606 
315607 
315608 
315609 
315610 
315611 
577755 
315612 
315613 
315614 
577758 
53471 
315615 
315616 
315617 
315618 
315619 
315620 
315621 
315622 
315623 
577767 
315624 
315625 
577770 
315626 
315627 
315628 
315629 
315630 
315631 
315632 
315633 
577778 
315634 
315635 
315636 
577781 
315637 
315638 
315639 
315640 
315641 
315642 
315643 
577788 
315644 
315645 
315646 
577791 
315647 
315648 
315649 
315650 
315651 
315652 
315653 
577797 
315654 
315655 
577800 
315656 
315657 
315658 
315659 
315660 
315661 
577805 
315662 
315663 
577808 
315664 
315665 
315666 
315667 
315668 
577812 
315669 
315670 
577815 
315671 
315672 
315673 
315674 
577818 
315675 
315676 
315677 
315678 
315679 
315680 
315681 
315682 
577827 
315683 
315684 
315685 
315686 
315687 
315688 
315689 
315690 
577834 
315691 
315692 
315693 
315694 
577839 
315695 
577840 
315696 
577841 
315697 
577842 
315698 
315699 
315700 
577845 
315701 
577846 
315702 
577847 
315703 
577848 
315704 
315705 
315706 
577851 
315707 
315708 
315709 
577854 
315710 
577855 
315711 
577856 
315712 
315713 
577858 
315714 
577859 
315715 
315716 
577861 
315717 
577862 
315718 
577863 
315719 
577864 
315720 
577865 
315721 
577866 
315722 
53579 
315724 
315726 
315728 
315730 
315732 
315734 
315736 
315738 
577884 
315740 
577885 
577886 
315742 
577888 
315744 
577890 
315746 
53604 
577892 
315748 
577894 
315750 
577896 
315752 
577898 
315754 
577900 
315756 
577902 
315758 
577904 
315760 
577906 
53620 
577908 
577910 
577912 
577914 
577916 
577918 
577920 
577922 
577924 
577936 
577937 
577939 
53654 
577942 
577945 
577946 
577948 
577949 
577950 
577951 
577952 
577953 
53679 
577979 
577980 
577981 
577982 
53695 
578005 
578007 
53720 
578009 
578011 
53748 
578039 
578040 
578041 
578042 
578043 
578044 
53779 
578070 
53795 
578096 
53820 
578122 
53848 
578148 
53879 
578174 
53895 
447128 
578200 
53920 
578226 
53948 
53956 
53958 
53960 
53962 
578252 
53964 
53966 
53968 
53970 
53973 
53975 
53977 
53979 
53981 
53983 
53985 
53987 
53989 
53991 
53993 
578283 
53995 
53997 
53999 
54001 
54002 
54003 
54005 
54007 
578295 
54008 
578296 
54009 
578297 
54010 
578298 
54011 
578299 
54012 
578300 
54013 
578301 
54014 
578302 
54015 
578303 
54016 
578304 
54017 
578305 
54018 
578306 
578307 
54019 
54020 
578308 
54021 
578309 
54022 
578310 
54023 
578311 
54024 
578312 
54025 
578313 
54026 
578314 
54027 
578315 
54028 
578316 
578317 
54029 
54030 
578318 
54031 
578319 
54032 
578320 
54033 
578321 
54034 
578322 
578323 
54035 
54036 
578324 
54037 
578325 
54038 
578326 
54039 
578327 
54040 
578328 
54041 
578329 
54042 
578330 
578331 
54043 
54044 
578332 
54045 
578333 
54046 
578334 
54047 
578335 
447264 
54048 
578336 
54049 
578337 
54050 
578338 
447267 
578339 
54051 
54052 
578340 
54053 
578341 
54054 
578342 
54055 
578343 
54056 
54057 
54058 
54059 
54060 
54061 
54062 
54063 
54064 
54065 
54066 
54067 
54068 
54069 
54070 
54071 
54072 
54073 
54074 
54075 
54076 
54077 
54078 
54079 
54080 
54081 
54082 
54083 
54084 
54085 
54086 
54087 
54088 
54089 
54090 
54091 
54092 
54093 
54094 
54095 
54096 
54097 
54098 
54099 
54100 
54101 
54102 
54103 
54104 
54105 
54106 
54107 
54108 
54109 
54110 
54111 
54112 
54113 
54114 
54115 
54116 
54117 
54118 
54119 
54120 
54121 
54122 
54123 
54124 
54125 
54126 
54127 
54128 
54129 
54130 
54131 
54132 
54133 
54134 
54135 
54136 
54137 
54138 
54139 
54140 
54141 
54142 
54143 
54144 
54145 
54146 
54147 
54148 
54149 
578489 
578490 
578491 
578492 
578493 
578495 
578497 
578499 
185294 
578513 
185297 
185300 
185303 
185306 
185309 
578528 
185312 
185315 
185318 
185325 
185326 
578543 
185327 
185328 
185330 
185333 
578558 
185356 
578573 
185358 
185360 
578588 
578603 
578618 
578633 
578648 
578660 
578663 
578674 
578677 
578687 
578690 
578699 
578702 
578710 
578713 
578720 
578723 
578729 
578732 
578737 
578740 
578744 
578747 
578750 
578759 
578766 
578771 
578772 
578773 
578774 
578777 
578778 
578779 
578780 
578783 
578786 
578787 
578788 
578790 
578791 
578793 
578794 
578795 
578796 
578797 
578798 
316655 
185586 
185588 
185589 
185591 
578815 
578816 
578817 
578819 
578821 
578823 
578825 
185610 
578827 
578829 
185613 
578831 
578833 
578835 
578837 
578839 
578841 
578843 
578845 
578847 
185631 
578849 
316705 
185634 
578851 
316707 
185636 
578853 
316709 
316710 
578855 
185649 
578867 
578868 
578870 
316728 
578873 
185659 
316732 
578876 
578877 
185662 
316735 
578879 
316736 
185664 
578880 
578881 
578882 
578883 
578884 
185669 
185672 
185673 
185674 
578910 
578911 
578912 
578913 
316770 
578914 
316771 
316772 
316773 
316775 
316778 
316781 
316782 
316784 
316785 
316786 
316787 
316788 
316789 
316791 
578938 
316794 
578940 
316797 
578942 
316800 
316803 
316806 
316810 
316817 
316818 
316823 
316824 
316826 
578970 
578971 
578972 
185756 
316829 
578973 
578974 
578975 
316832 
185760 
316834 
316835 
316836 
316845 
316847 
316849 
316851 
316853 
316854 
316855 
316856 
316857 
579001 
316873 
316874 
316875 
316876 
316877 
316878 
316882 
579027 
316889 
316892 
316899 
316903 
54761 
316908 
579053 
316911 
54771 
316916 
316920 
316923 
54783 
579079 
54797 
54812 
579105 
54829 
579131 
54848 
316992 
316996 
54869 
579157 
54892 
579188 
54917 
579222 
54944 
579233 
579234 
579235 
579236 
579237 
579238 
579239 
579240 
579241 
579242 
579243 
579244 
579245 
579246 
579247 
579248 
579249 
579250 
579251 
579252 
579253 
579254 
579255 
579256 
579257 
579258 
579259 
579260 
54973 
579261 
579262 
579263 
579264 
579265 
579266 
579267 
579268 
579269 
579270 
579271 
579272 
579273 
579274 
579275 
579276 
579277 
579278 
579279 
579280 
579281 
579282 
579283 
448262 
448287 
448311 
448334 
448336 
579434 
579435 
579436 
579437 
579438 
579440 
579442 
579444 
448377 
579458 
448397 
448399 
579473 
579488 
448418 
579503 
579518 
448451 
579533 
448467 
448469 
579548 
448484 
579563 
579578 
448509 
579593 
448521 
448523 
579605 
448534 
579608 
579619 
579622 
448551 
448559 
579632 
448561 
579635 
448568 
579644 
579647 
448577 
448581 
448583 
579655 
579658 
448586 
448587 
579665 
579668 
579674 
579677 
579682 
579685 
579689 
579692 
579695 
579704 
579711 
448640 
579716 
579717 
579718 
579719 
579722 
579723 
579724 
579725 
579728 
579731 
579732 
579733 
579735 
579736 
579738 
579739 
579740 
579741 
579742 
579743 
579759 
579760 
579761 
579763 
448692 
579765 
579767 
579769 
579771 
579773 
579775 
579777 
579779 
579781 
579783 
579785 
579787 
579789 
579791 
579793 
579795 
579797 
579799 
579811 
579812 
579814 
579817 
579820 
579821 
448749 
448750 
448751 
579823 
448752 
579824 
448753 
579825 
448754 
579826 
448755 
579827 
448756 
579828 
448757 
448758 
448759 
448760 
448761 
448762 
448763 
448764 
55548 
448765 
448766 
448767 
448768 
448769 
448770 
448771 
448772 
448773 
448774 
448775 
448776 
448777 
448778 
448779 
448780 
448781 
448782 
579854 
448783 
579855 
448784 
579856 
448785 
579857 
448786 
448787 
448788 
448789 
448790 
448791 
448792 
448793 
448794 
448795 
448796 
448797 
448798 
448799 
448800 
448801 
448802 
448803 
448804 
448805 
448806 
448807 
579880 
448808 
448809 
579882 
448810 
448811 
579884 
448812 
448813 
579886 
448814 
448815 
448816 
448817 
448818 
448819 
448820 
448821 
448822 
448823 
448824 
448825 
448826 
448827 
448828 
448829 
448830 
448831 
448832 
448833 
448834 
448835 
448836 
448837 
448838 
448839 
448840 
448841 
448842 
579914 
448843 
579915 
448844 
579916 
448845 
579917 
448846 
579918 
448847 
579919 
448848 
448849 
448850 
448851 
448852 
448853 
448854 
448855 
448856 
448857 
448858 
448859 
448860 
448861 
448862 
448863 
448864 
448865 
448866 
448867 
448868 
448869 
448870 
448871 
448872 
448873 
579945 
448874 
448875 
448876 
448877 
448878 
448879 
448880 
448881 
448882 
448883 
448884 
448885 
448886 
448887 
448888 
448889 
448890 
448891 
448892 
448893 
448894 
448895 
448896 
448897 
448898 
579971 
448900 
186758 
448902 
448904 
448906 
448908 
448910 
448912 
448914 
448916 
448918 
448920 
448922 
448924 
579997 
448926 
186783 
448928 
448930 
448932 
448934 
448936 
186807 
580023 
186830 
580049 
186852 
580075 
186873 
186875 
580106 
186895 
580137 
317994 
186930 
318019 
186947 
186949 
580171 
186965 
580181 
580182 
580183 
580184 
580185 
580186 
318043 
580187 
580188 
580189 
580190 
580191 
580192 
580193 
580194 
580195 
580196 
580197 
580198 
580199 
580200 
580201 
580202 
580203 
580204 
580205 
580206 
580207 
186992 
580208 
580209 
318066 
580210 
580211 
318068 
580212 
580213 
580214 
580215 
580216 
580217 
580218 
580219 
580220 
187005 
580221 
580222 
187007 
580223 
580224 
580225 
580226 
580227 
580228 
580229 
580230 
580231 
580232 
580233 
318090 
187019 
187038 
187047 
187049 
318129 
187057 
187068 
187073 
318148 
318150 
318168 
318199 
187127 
318214 
318216 
318230 
187178 
580397 
318253 
580398 
580399 
580400 
580401 
580403 
580405 
580407 
318264 
318266 
318276 
580421 
318291 
580436 
318298 
318300 
187229 
318306 
580451 
187235 
187240 
318313 
318316 
187244 
318318 
187247 
318319 
187249 
580466 
187251 
187253 
187255 
187256 
187258 
187260 
187262 
580481 
187265 
187267 
187269 
187271 
187273 
187275 
187277 
187279 
580496 
187281 
187283 
187285 
580511 
318373 
580526 
580541 
580556 
318424 
580568 
580571 
580582 
580585 
580595 
187380 
580598 
580607 
580610 
580618 
318476 
187405 
580621 
318483 
580628 
580631 
318487 
318492 
187421 
580637 
318495 
580640 
318500 
580645 
580648 
318504 
318507 
580652 
318510 
580655 
318513 
580658 
187446 
580667 
318527 
318528 
318529 
318530 
580674 
318533 
580679 
580680 
318536 
580681 
580682 
318538 
318540 
318541 
580685 
318542 
580686 
580687 
580688 
580691 
580694 
580695 
187480 
318552 
580696 
318554 
580698 
580699 
318556 
580701 
580702 
318558 
580703 
580704 
318560 
318561 
580705 
318562 
580706 
318563 
318564 
318567 
318572 
318575 
187505 
580721 
580722 
580723 
318580 
580725 
318583 
580727 
580729 
318587 
580731 
580733 
580735 
187521 
580737 
580739 
318596 
580741 
580743 
580745 
318602 
580747 
318605 
580749 
580751 
580753 
318610 
580755 
318613 
580757 
580759 
580761 
318617 
187546 
318620 
318623 
580773 
580774 
318632 
580776 
580779 
580782 
580783 
318639 
580785 
580786 
580787 
318644 
580788 
318645 
580789 
318646 
187574 
580790 
318647 
318650 
318651 
318652 
318653 
318656 
318659 
318660 
318661 
318663 
318664 
318666 
318667 
318668 
318669 
318670 
318671 
580816 
580817 
580818 
580819 
580820 
187605 
318683 
318684 
318685 
318686 
318687 
318688 
318689 
318690 
318691 
318692 
318693 
187621 
318694 
318695 
318696 
318697 
318698 
318699 
318700 
580844 
318701 
318702 
580846 
318703 
318704 
580848 
318705 
318706 
318707 
318708 
318709 
318710 
318711 
318712 
318713 
318714 
318715 
318716 
318717 
187646 
318718 
318719 
318720 
318721 
318722 
318723 
318724 
318725 
318726 
318727 
318728 
318729 
318730 
318731 
318732 
580876 
318733 
580877 
318734 
580878 
318735 
580879 
580880 
318736 
580881 
318737 
318738 
318739 
318740 
318741 
318742 
318743 
318744 
318745 
187674 
318746 
318747 
318748 
318749 
318750 
318751 
318752 
318753 
318754 
318755 
318756 
318757 
318758 
449831 
318759 
318760 
318761 
318762 
318763 
580907 
318764 
318765 
318766 
318767 
318768 
318769 
318770 
318771 
318772 
318773 
318774 
318775 
318776 
187705 
318777 
318778 
318779 
318780 
318781 
318782 
318783 
318784 
318785 
56642 
318786 
56643 
318787 
56644 
318788 
56645 
318789 
580933 
56646 
318790 
56647 
318791 
56648 
318792 
187721 
318793 
56650 
318794 
318795 
56652 
318796 
318797 
56654 
318798 
318799 
318800 
318801 
318802 
318803 
318804 
318805 
318806 
318807 
318808 
318809 
318810 
318811 
318812 
318813 
318814 
580959 
318815 
318816 
318817 
187746 
318818 
318819 
318820 
318821 
318822 
318823 
318824 
318825 
318826 
318827 
318828 
318829 
318830 
318831 
318832 
318833 
318834 
318836 
318838 
318840 
580985 
318842 
187772 
318844 
318846 
318848 
318850 
318852 
318854 
318856 
318858 
318860 
318862 
318864 
318866 
581011 
318868 
187797 
318870 
318872 
187811 
56743 
449963 
449965 
581042 
187828 
56765 
187846 
56776 
187859 
581076 
187869 
187878 
187886 
187892 
581112 
187898 
187902 
187906 
187908 
187910 
187911 
581146 
581155 
581156 
581157 
581158 
581159 
581160 
581161 
581162 
581163 
581164 
581165 
581166 
581167 
581168 
581169 
581170 
581171 
56884 
581172 
581173 
581174 
581175 
581176 
581177 
581178 
581179 
581180 
581181 
581182 
581183 
581184 
581185 
581186 
581187 
581188 
581189 
581190 
581191 
581192 
581193 
581194 
581195 
581196 
56909 
581197 
581198 
581199 
581200 
581201 
581202 
581203 
581204 
581205 
581206 
581207 
581208 
581209 
56925 
56950 
188048 
188049 
56984 
188065 
188068 
188076 
188077 
188078 
188079 
188080 
57009 
188082 
188084 
188085 
188087 
188088 
188096 
57025 
188098 
188099 
188100 
188101 
188109 
188118 
57050 
188127 
188136 
188145 
57078 
188154 
581376 
581377 
581378 
581379 
188163 
581380 
581382 
581384 
581386 
188172 
57109 
188181 
581400 
188190 
57125 
581415 
581430 
57150 
581445 
581460 
57178 
581475 
581490 
57209 
581505 
57225 
581520 
581535 
57250 
581547 
581550 
188345 
581561 
188347 
581564 
188349 
188350 
57278 
581574 
57286 
57288 
581577 
57290 
57292 
57294 
57296 
581586 
57298 
57300 
581589 
188375 
57303 
188377 
57305 
57307 
581597 
57309 
57311 
581600 
57313 
57315 
57317 
581607 
57319 
57321 
581610 
188395 
57323 
188397 
57325 
188399 
57327 
581616 
57329 
581619 
57331 
57332 
57333 
57335 
581624 
57337 
57338 
57339 
581627 
57340 
57341 
57342 
188415 
581631 
57343 
57344 
57345 
581634 
57346 
57347 
57348 
57349 
581637 
57350 
57351 
57352 
57353 
57354 
57355 
188427 
57356 
57357 
188429 
581646 
57358 
188431 
57359 
57360 
57361 
57362 
57363 
57364 
57365 
581653 
57366 
57367 
188440 
57368 
57369 
581658 
57370 
581659 
57371 
188444 
581660 
57372 
581661 
57373 
188445 
57374 
57375 
188447 
188448 
581664 
57376 
57377 
581665 
57378 
581666 
581667 
57379 
57380 
57381 
581670 
57382 
57383 
57384 
57385 
581673 
581674 
57386 
57387 
581675 
57388 
57389 
581677 
581678 
57390 
57391 
57392 
581680 
581681 
57393 
57394 
581682 
581683 
57395 
57396 
581684 
581685 
57397 
57398 
57399 
57400 
57401 
57402 
57403 
57404 
57405 
57406 
57407 
57408 
57409 
57410 
581699 
57411 
57412 
581700 
581701 
57413 
57414 
581703 
57415 
57416 
581705 
57417 
57418 
581707 
57419 
57420 
581709 
57421 
57422 
581711 
57423 
57424 
581713 
57425 
57426 
581715 
57427 
57428 
581717 
57429 
57430 
581719 
57431 
57432 
581721 
57433 
57434 
57435 
581723 
57436 
57437 
581725 
57438 
57439 
581727 
57440 
57441 
581729 
57442 
57443 
581731 
57444 
581733 
57445 
57446 
57447 
581735 
57448 
581737 
57449 
57450 
57451 
581739 
57452 
57453 
57454 
57455 
57456 
57457 
57458 
57459 
57460 
57461 
57462 
57463 
581751 
581752 
57464 
57465 
57466 
581754 
57467 
57468 
581757 
57469 
57470 
57471 
581760 
57472 
581761 
57473 
57474 
581763 
57475 
581764 
57476 
57477 
581765 
581766 
57478 
57479 
581767 
581768 
57480 
57481 
57482 
581794 
581795 
581796 
581797 
581820 
581822 
581824 
581826 
188621 
188623 
188625 
188627 
188630 
188632 
188634 
188636 
581854 
188638 
581855 
581856 
581857 
188641 
581858 
188642 
581859 
188643 
188644 
188645 
188646 
188647 
188648 
188649 
188650 
188651 
188652 
188653 
188654 
188655 
188656 
188657 
188658 
188659 
188660 
188661 
188662 
188663 
188664 
188665 
188666 
188667 
188668 
581885 
188669 
188670 
188671 
188672 
188673 
188674 
188675 
188676 
188677 
188678 
188679 
188680 
188681 
188682 
188683 
188684 
188685 
188686 
188687 
188688 
188689 
188690 
188691 
188692 
188693 
188694 
319767 
581911 
188695 
188696 
188697 
188698 
188699 
188700 
188701 
188702 
188703 
188704 
188705 
188706 
188707 
188708 
188709 
188710 
188711 
188712 
188713 
188714 
188715 
188716 
188717 
188718 
188719 
188720 
581937 
188721 
188722 
188723 
188724 
188725 
188726 
188727 
188728 
188729 
188730 
188731 
188732 
188733 
188734 
188735 
188736 
188737 
188738 
188739 
188740 
188741 
188742 
188743 
188744 
188745 
319817 
188746 
188747 
319819 
581963 
188748 
188749 
319821 
188750 
319822 
188751 
188752 
188753 
188754 
188755 
188756 
188757 
188758 
188759 
188760 
188761 
188762 
188763 
319836 
188764 
188765 
188766 
188767 
319840 
188768 
188769 
188770 
319843 
188771 
319844 
188772 
188773 
188774 
188775 
188776 
188777 
581994 
188778 
188779 
188780 
188781 
188782 
188783 
188784 
188785 
188786 
188787 
188788 
188789 
188790 
188791 
188792 
188793 
188794 
188795 
188796 
188797 
188798 
188799 
188800 
188801 
188802 
188803 
188804 
188805 
319878 
188806 
319879 
188807 
188808 
319880 
319881 
188809 
582025 
188810 
188811 
319883 
188812 
188813 
450957 
319886 
188814 
188815 
188816 
188817 
319889 
188818 
319890 
188819 
188820 
319892 
188821 
319893 
188822 
319894 
188823 
319895 
319896 
188824 
319897 
188825 
188826 
319899 
188827 
188828 
188829 
319902 
188830 
188831 
188832 
319905 
188833 
188834 
188835 
188836 
319908 
188837 
450982 
188838 
319911 
188839 
188840 
188841 
582057 
188842 
319915 
188843 
188844 
188845 
188846 
188847 
188848 
188849 
319922 
188850 
319923 
188851 
188854 
319928 
188856 
319929 
188858 
319931 
188860 
319934 
451006 
188862 
188864 
319937 
188866 
319939 
319940 
188868 
319941 
188870 
188872 
188874 
188876 
582093 
319950 
188878 
319952 
188880 
319954 
188882 
582100 
319956 
188884 
451029 
319958 
188886 
319959 
451031 
319960 
188888 
319961 
319962 
319977 
319978 
319979 
319980 
451053 
319981 
319982 
582127 
319986 
582135 
319992 
582136 
582137 
582138 
319995 
582139 
582140 
582141 
582142 
582143 
582144 
320001 
582145 
582146 
582147 
582148 
320005 
582149 
582150 
582151 
582152 
320009 
582153 
582154 
582155 
320012 
582156 
582157 
582158 
582159 
582160 
320016 
582161 
582162 
582163 
320020 
451092 
582164 
582165 
320022 
582166 
582167 
582168 
582169 
582170 
582171 
582172 
582173 
582174 
582175 
582176 
582177 
582178 
582179 
582180 
582181 
582182 
451111 
582183 
582184 
451113 
582185 
582186 
582187 
582188 
582189 
582190 
582191 
582196 
451131 
451162 
320091 
320095 
451177 
451179 
451193 
451216 
451227 
451229 
451239 
451254 
451261 
451263 
451269 
451276 
451279 
451281 
451282 
582371 
582372 
582373 
582374 
582375 
582377 
582379 
582381 
582395 
58114 
451333 
582410 
58124 
58136 
582425 
58150 
582440 
58165 
582455 
451391 
58182 
582470 
582485 
58201 
582500 
58222 
582515 
582530 
58245 
451461 
451462 
451463 
451464 
451465 
451466 
451467 
451468 
451469 
451470 
582542 
451471 
451472 
451473 
582545 
451474 
451475 
451476 
451477 
451478 
451479 
451480 
451481 
451482 
451483 
451484 
582556 
451485 
58270 
451486 
451487 
582559 
451488 
451489 
451490 
451491 
451492 
451493 
451494 
451495 
451496 
451497 
582569 
451498 
451499 
451500 
582572 
451501 
451502 
451503 
451504 
451505 
451506 
451507 
451508 
451509 
582581 
451510 
451511 
582584 
451512 
58297 
451513 
451514 
451515 
451516 
451517 
451518 
451519 
582592 
451520 
451521 
451522 
582595 
451523 
451524 
451525 
451526 
451527 
451528 
451529 
582602 
451530 
451531 
451532 
582605 
451533 
451534 
451535 
451536 
451537 
451538 
451539 
582611 
451540 
451541 
58326 
582614 
451542 
451543 
451544 
451545 
451546 
451547 
582619 
451548 
451549 
582622 
451550 
451551 
451552 
451553 
451554 
582626 
451555 
451556 
582629 
451557 
451558 
451559 
451560 
582632 
451561 
451562 
451563 
451564 
451565 
451566 
451567 
451568 
582641 
451569 
451570 
451571 
451572 
451573 
451574 
451575 
451576 
582648 
451577 
451578 
451579 
451580 
582653 
451581 
582654 
451582 
582655 
451583 
582656 
451584 
451585 
451586 
451587 
582659 
451588 
582660 
582661 
451589 
582662 
451590 
451591 
451592 
582665 
451593 
451594 
451595 
582668 
451596 
582669 
451597 
582670 
451598 
451599 
582672 
451600 
582673 
451601 
451602 
582675 
451603 
582676 
451604 
582677 
451605 
582678 
451606 
582679 
451607 
582680 
451608 
451609 
451610 
451611 
451613 
451615 
451617 
451619 
582693 
451621 
582694 
582695 
451623 
582697 
451625 
582699 
451627 
582701 
451629 
582703 
451631 
582705 
451633 
582707 
451635 
582709 
451637 
582711 
451639 
582713 
451641 
582715 
451643 
582717 
451645 
582719 
451647 
582721 
451649 
582723 
582725 
582727 
582729 
582731 
582733 
582745 
582746 
582748 
582751 
582754 
582755 
582757 
582758 
582759 
582760 
582761 
582762 
582788 
582789 
582790 
582791 
582792 
582816 
582818 
582820 
582848 
582849 
582850 
582851 
582852 
582853 
582879 
582905 
582931 
582962 
582996 
189783 
583032 
189831 
189833 
189835 
189837 
189839 
189841 
189843 
189845 
583064 
189848 
189850 
583067 
189852 
189854 
189856 
189858 
189860 
189862 
189864 
189866 
189868 
189870 
189872 
189874 
189876 
189879 
189881 
189883 
583100 
189885 
583102 
189886 
583105 
583108 
583109 
583112 
583114 
583116 
583135 
583142 
583143 
583144 
583145 
583146 
583147 
583148 
583149 
583150 
583151 
583152 
583153 
583154 
583155 
583156 
583157 
583158 
583159 
583160 
583161 
583162 
583163 
583164 
583165 
583166 
583167 
583168 
583169 
583170 
583171 
583172 
583173 
583174 
583175 
583176 
583177 
583178 
583179 
583180 
583181 
583182 
583183 
583184 
583185 
583186 
583187 
583188 
583189 
583190 
583191 
583192 
583193 
583194 
583195 
583196 
583197 
583198 
583199 
583200 
583205 
583209 
583210 
583211 
583213 
58927 
583216 
583218 
321093 
321118 
583265 
583267 
583269 
321142 
321165 
321187 
321189 
321210 
583382 
583383 
583384 
583385 
583386 
583388 
583390 
321247 
583392 
583406 
321265 
321267 
583421 
321284 
583436 
583451 
321313 
583466 
321327 
321329 
583481 
321342 
583496 
321363 
583511 
321373 
321375 
583526 
321384 
583541 
321397 
321403 
321405 
583553 
321410 
583556 
321415 
321417 
321418 
583567 
583570 
583580 
583583 
583592 
583595 
583603 
583606 
583613 
452543 
583616 
321472 
583622 
583625 
583630 
583633 
583637 
583640 
583643 
583652 
583659 
583664 
583665 
583666 
583667 
321523 
583670 
583671 
583672 
583673 
583676 
583679 
583680 
583681 
583683 
583684 
583686 
583687 
583688 
583689 
583690 
583691 
583703 
583704 
583705 
583707 
583709 
583711 
583713 
583715 
583717 
321575 
583719 
583721 
583723 
583725 
321581 
583727 
321585 
583729 
583731 
583733 
321589 
583735 
321592 
583737 
583739 
452668 
321596 
583741 
452670 
583743 
321600 
321602 
321608 
583755 
583756 
583758 
321615 
583761 
583764 
583765 
583767 
583768 
583769 
583770 
583771 
583772 
321629 
321630 
321631 
321632 
321635 
321638 
321640 
321642 
321643 
321644 
321654 
583798 
583799 
321656 
583800 
583801 
321658 
321660 
321662 
321663 
321664 
321665 
321666 
321669 
321674 
321677 
583824 
321682 
583826 
583828 
583830 
321688 
321697 
321703 
321706 
321711 
321714 
583858 
583859 
583860 
583861 
583862 
321718 
583863 
321721 
321724 
321733 
321740 
321745 
583889 
321746 
321747 
321748 
321751 
321752 
321753 
321754 
321757 
321760 
321761 
321762 
321764 
321765 
321767 
321768 
321769 
321770 
321771 
583915 
321772 
321777 
321778 
321779 
321780 
321785 
321786 
321787 
321788 
321789 
321790 
321791 
321792 
321793 
321794 
321795 
321796 
321797 
321798 
321799 
321800 
321801 
321802 
583946 
321803 
321804 
321805 
321806 
321807 
321808 
321809 
321810 
321811 
321812 
321813 
321814 
321815 
321816 
321817 
321818 
321819 
321820 
321821 
190749 
321822 
321823 
321824 
190752 
321825 
321826 
321827 
190755 
321828 
321829 
321830 
190758 
321831 
321832 
321833 
190761 
583977 
321834 
321835 
321836 
190764 
321837 
321838 
190767 
321839 
321840 
321841 
190770 
321842 
321843 
321844 
190773 
321845 
321846 
321847 
190776 
321848 
321849 
321850 
321851 
321852 
321853 
321854 
190783 
321855 
190784 
321856 
190785 
321857 
190786 
321858 
321859 
190788 
321860 
321861 
190790 
321862 
321863 
321864 
321865 
584009 
321866 
321867 
321868 
321869 
321870 
321871 
321872 
321873 
321874 
321875 
321876 
321877 
321878 
321879 
321880 
321881 
321882 
321883 
321884 
321885 
190814 
321886 
321887 
321888 
190816 
321889 
321890 
190818 
321891 
321892 
321893 
321894 
321895 
321896 
321897 
321898 
321899 
321900 
321901 
584045 
321902 
321903 
321904 
321905 
584050 
321906 
321907 
321908 
321909 
321910 
321911 
321912 
321913 
321914 
321915 
321916 
321917 
321918 
321919 
321920 
321921 
321922 
321923 
321924 
321925 
321926 
321927 
321928 
321929 
321930 
321931 
321932 
584077 
321933 
321934 
321935 
584080 
584081 
321937 
584082 
321939 
584085 
321941 
584086 
584087 
321943 
584089 
321945 
584091 
321947 
584093 
321949 
321951 
321953 
321955 
321957 
321959 
321961 
321963 
321965 
321967 
584112 
584113 
321969 
321971 
584116 
584117 
321973 
584136 
584142 
584143 
584144 
584145 
584146 
584147 
584148 
584149 
584150 
584151 
584152 
584153 
584154 
584155 
584156 
584157 
584158 
584159 
584160 
584161 
584162 
584163 
584164 
584165 
584166 
584167 
584168 
584169 
584170 
584171 
584172 
584173 
584174 
584175 
584176 
584177 
584178 
584179 
584180 
584181 
584182 
584183 
584184 
584185 
584186 
584187 
584188 
584189 
584190 
584191 
584192 
584193 
584194 
584195 
584196 
584197 
584198 
584199 
584200 
584205 
584208 
584211 
584213 
584214 
584217 
584227 
584274 
584276 
584278 
191082 
191084 
191086 
191088 
191106 
60051 
191123 
60052 
60053 
60054 
191126 
60055 
60056 
191128 
60057 
60059 
60061 
60063 
191140 
191147 
191150 
191152 
191156 
191157 
584384 
584385 
584386 
584387 
584388 
584390 
584392 
584394 
584408 
584423 
60143 
584438 
584453 
191239 
191243 
60173 
584468 
584483 
60197 
584498 
584513 
584528 
584543 
584555 
584558 
584569 
584572 
60293 
584582 
584585 
584594 
584597 
584605 
60318 
584608 
584615 
584618 
584624 
584627 
60343 
584632 
584635 
584639 
584642 
584645 
60359 
584654 
584661 
584666 
584667 
584668 
584669 
60384 
584672 
584673 
584674 
584675 
584678 
584681 
584682 
584683 
584685 
584686 
584688 
584689 
584690 
584691 
584692 
584693 
60412 
584704 
584705 
584706 
584708 
584710 
584712 
584714 
584716 
584718 
584720 
584722 
584724 
584726 
584728 
453657 
584730 
60443 
584732 
584734 
584736 
584738 
584740 
584742 
584744 
60459 
453682 
584756 
584757 
584759 
584762 
584765 
584766 
584768 
584769 
584770 
584771 
60484 
584772 
584773 
453706 
584799 
60512 
584800 
584801 
453729 
584802 
584803 
453751 
453753 
584827 
584829 
60543 
584831 
453774 
60559 
584859 
584860 
584861 
584862 
584863 
584864 
60584 
453811 
584890 
60612 
453829 
453831 
453848 
584921 
60643 
60659 
453877 
584955 
453891 
453893 
60684 
453906 
584991 
453927 
60712 
60720 
453937 
60722 
453939 
322868 
60724 
60726 
60728 
60730 
453948 
60732 
60734 
585023 
60737 
585026 
60739 
60741 
60743 
453961 
60745 
60747 
60749 
453967 
60751 
453969 
60753 
60755 
60757 
453974 
60759 
60761 
453979 
60763 
453981 
60765 
453982 
60766 
60767 
60769 
60771 
585059 
60772 
585060 
60773 
60774 
585063 
322919 
60775 
60776 
585065 
322921 
60777 
585066 
60778 
322923 
60779 
322924 
60780 
585069 
60781 
60782 
585071 
60783 
60784 
585073 
60785 
60786 
60787 
60788 
60789 
60790 
60791 
60792 
60793 
60794 
60795 
60796 
322941 
60797 
60798 
60799 
60800 
322945 
60801 
60802 
60803 
60804 
322948 
585092 
322949 
60805 
60806 
585095 
60807 
585096 
60808 
60809 
60810 
60811 
60812 
60813 
454030 
60814 
60815 
60816 
60817 
60818 
60819 
60820 
60821 
60822 
60823 
60824 
60825 
60826 
60827 
585115 
60828 
60829 
585118 
60830 
60831 
60832 
60833 
60834 
60835 
60836 
60837 
60838 
322983 
60839 
322984 
60840 
322985 
60841 
322986 
60842 
60843 
60844 
322988 
60845 
60846 
322991 
60847 
60848 
585136 
60849 
322994 
60850 
322995 
60851 
60852 
322997 
585141 
60853 
60854 
322998 
585142 
322999 
60855 
585143 
60856 
323000 
585144 
323001 
585145 
60857 
60858 
323002 
585146 
60859 
585147 
60860 
323004 
585148 
585149 
60861 
60862 
585150 
323007 
60863 
585151 
60864 
585152 
60865 
585153 
60866 
323010 
585154 
60867 
585155 
585156 
60868 
585157 
323013 
60869 
60870 
585158 
60871 
585159 
60872 
585160 
60873 
323017 
585161 
60874 
585162 
60875 
585163 
60876 
585164 
585165 
60877 
60878 
585166 
60879 
585167 
60880 
323024 
585168 
585169 
323025 
60881 
585170 
60882 
585171 
60883 
60884 
585172 
454101 
585173 
60885 
60886 
323030 
585174 
323031 
585175 
60887 
60888 
585176 
323033 
60889 
585177 
60890 
585178 
585179 
60891 
60892 
323036 
585180 
585181 
60893 
60894 
585182 
323039 
585183 
60895 
60896 
585184 
323041 
60897 
585185 
60898 
323042 
585186 
323043 
585187 
60899 
60900 
585188 
585189 
60901 
585190 
60902 
60903 
585191 
60904 
585192 
60905 
585193 
585194 
60906 
585195 
60907 
323052 
60908 
60909 
323054 
60910 
60911 
585200 
323056 
60912 
60913 
323058 
60914 
585203 
60915 
323060 
60916 
323061 
60917 
585206 
323062 
60918 
323063 
60919 
323064 
585210 
585211 
585212 
585213 
585215 
585218 
585220 
323078 
323079 
323080 
323081 
323082 
323083 
323087 
323092 
323095 
323100 
323104 
323107 
323110 
454183 
454184 
454185 
323113 
454186 
454187 
454188 
454189 
454190 
454191 
454192 
454193 
454194 
585267 
454195 
454196 
585269 
454197 
323125 
454198 
323126 
585271 
454199 
454200 
454201 
454202 
454203 
454204 
454205 
454206 
454207 
454208 
454209 
454210 
454211 
454212 
454213 
454214 
454215 
454216 
454217 
454218 
454219 
454220 
454221 
454222 
454223 
454224 
454225 
454226 
454227 
454228 
454229 
454230 
454231 
454232 
454233 
454234 
454235 
454236 
454237 
454238 
454239 
454240 
454241 
454242 
454243 
454244 
454245 
454246 
454247 
454248 
454249 
454250 
454251 
454252 
454253 
454254 
454255 
454256 
454257 
454258 
454259 
454260 
454261 
454262 
454263 
454264 
454265 
454266 
454267 
323195 
454268 
454269 
454270 
454271 
323199 
454272 
454273 
454274 
454275 
454276 
454277 
454278 
454279 
454280 
454281 
454282 
454283 
454284 
454285 
454286 
454287 
454288 
454289 
454290 
454291 
454292 
454293 
454294 
454295 
454296 
585369 
454297 
585370 
454298 
585371 
454299 
585372 
454300 
585373 
454301 
454302 
585375 
454303 
454304 
585377 
454305 
454306 
585379 
454307 
454308 
454309 
454310 
454311 
454312 
454313 
454314 
454315 
454316 
454317 
454318 
454319 
454320 
585393 
454321 
454322 
454323 
454324 
454325 
454326 
454327 
454328 
454329 
454330 
454331 
454332 
454333 
454334 
585408 
454336 
454338 
454340 
454342 
454344 
454346 
454348 
454350 
585423 
454352 
454354 
454356 
454358 
454360 
454362 
454364 
585438 
454366 
454368 
454370 
454372 
585453 
192241 
585468 
192266 
585483 
585498 
192290 
585513 
585528 
192313 
192315 
585540 
585543 
585554 
585557 
585567 
585570 
192356 
585579 
585582 
585590 
192376 
585593 
192378 
585600 
585603 
585609 
585612 
192397 
585617 
585620 
585624 
585627 
585630 
585639 
192430 
585646 
585651 
585652 
585653 
585654 
585657 
585658 
585659 
585660 
192446 
585663 
192448 
585666 
585667 
585668 
585670 
585671 
585673 
585674 
585675 
585676 
585677 
585678 
192463 
585688 
585689 
585690 
585692 
585694 
585696 
585698 
585700 
585702 
585704 
192488 
585706 
585708 
585710 
585712 
585714 
585716 
192500 
585718 
192502 
585720 
585722 
585724 
585726 
585728 
192513 
585740 
585741 
585743 
585746 
192530 
585749 
585750 
585752 
585753 
192538 
585754 
585755 
192540 
585756 
585757 
192547 
192556 
192560 
585783 
585784 
585785 
585786 
585809 
585811 
585813 
585815 
192614 
585843 
585844 
585845 
585846 
585847 
585848 
61571 
61581 
585879 
61593 
192665 
61607 
61622 
585910 
61639 
192716 
192721 
192725 
585942 
192728 
61658 
192731 
192733 
192735 
192737 
192739 
192740 
192741 
192743 
192745 
192748 
192750 
61679 
192752 
192754 
192756 
192758 
192760 
192762 
585978 
192764 
192766 
585983 
192768 
192770 
61702 
586010 
586013 
586014 
61727 
586015 
586018 
586019 
586020 
586022 
586024 
586026 
61754 
586045 
586048 
586049 
192843 
586068 
61783 
586071 
192868 
586089 
586092 
192893 
586109 
586111 
586112 
586113 
586114 
586115 
586116 
586117 
586118 
586119 
586120 
586121 
586122 
586123 
586124 
192909 
586125 
586126 
586127 
586128 
586129 
586130 
586131 
586132 
586133 
586134 
586135 
586136 
586137 
586138 
586139 
586140 
586141 
586142 
586143 
586144 
586145 
586146 
586147 
586148 
586149 
192934 
586150 
586151 
586152 
586153 
586154 
586155 
586156 
586157 
586158 
586159 
586160 
586161 
586166 
586169 
586172 
586175 
586178 
192962 
586180 
586181 
586184 
586194 
192993 
193009 
586241 
586243 
586245 
193034 
193062 
193093 
193109 
586334 
586335 
586336 
455264 
586337 
586338 
586340 
324197 
586342 
586344 
193134 
586358 
324222 
586373 
193162 
586388 
324246 
586403 
193193 
324269 
586418 
193209 
586433 
324291 
193232 
586448 
324312 
455385 
324314 
455387 
586463 
193256 
586478 
324334 
193277 
586493 
193289 
586505 
586508 
324369 
586519 
193304 
586522 
324386 
324388 
586532 
193319 
586535 
586544 
193329 
586547 
324404 
193337 
586555 
586558 
193344 
586565 
193350 
586568 
193355 
586574 
193359 
324431 
586577 
193362 
193364 
193365 
193366 
586582 
586585 
324444 
586589 
324446 
586592 
586595 
324458 
586604 
586611 
586616 
586617 
586618 
586619 
324477 
586622 
586623 
586624 
586625 
586628 
324486 
586631 
324488 
586632 
586633 
586635 
586636 
586638 
586639 
324496 
586640 
586641 
586642 
586643 
324507 
586652 
586653 
586654 
586656 
324512 
586658 
324514 
586660 
586662 
324518 
586664 
324521 
586666 
324522 
586668 
586670 
586672 
586674 
586676 
586678 
586680 
586682 
586684 
586686 
586688 
586690 
586692 
62410 
586704 
586705 
586707 
586710 
586713 
586714 
586716 
586717 
586718 
586719 
324576 
586720 
586721 
193508 
193509 
193525 
193528 
586747 
586748 
586749 
586750 
586751 
193536 
193537 
193538 
193539 
193540 
193542 
193544 
193545 
193547 
193548 
324627 
193556 
193558 
193559 
193560 
193561 
586779 
586781 
586783 
193569 
193578 
193587 
586811 
193596 
586812 
586813 
586814 
586815 
586816 
193605 
324679 
324684 
193614 
324688 
324691 
324694 
193623 
324697 
193632 
586850 
324709 
324710 
193641 
324716 
324720 
324721 
193650 
324722 
324723 
193659 
324737 
324738 
324739 
324740 
586886 
324743 
324746 
324748 
324750 
324751 
324752 
324762 
324764 
324766 
324768 
324770 
324771 
324772 
324773 
324774 
586918 
586921 
324777 
324782 
324785 
324798 
324804 
324808 
324809 
324810 
586954 
586955 
324811 
586958 
324814 
586960 
586961 
324819 
586964 
586966 
324822 
586968 
324826 
324829 
324832 
324841 
586987 
586990 
586991 
324848 
324853 
324854 
324855 
324856 
324859 
324860 
324861 
324862 
324865 
587010 
324868 
587013 
324869 
324870 
324872 
324873 
324875 
324876 
324877 
324878 
324879 
324880 
324882 
324885 
587031 
324888 
587034 
324890 
324891 
324892 
324893 
324894 
324895 
324896 
324897 
324898 
324899 
324900 
324901 
324902 
324903 
324904 
324905 
324906 
324907 
587051 
324908 
324909 
587054 
324910 
324911 
324912 
324913 
324914 
324915 
324916 
324917 
324918 
193846 
324919 
324920 
193849 
324921 
324922 
193851 
324923 
324924 
193853 
324925 
324926 
587070 
587071 
324927 
324928 
587072 
324929 
587073 
324930 
587074 
324931 
587075 
324932 
587076 
324933 
587077 
324934 
587078 
324935 
587079 
324936 
587080 
324937 
587081 
324938 
587082 
324939 
587083 
324940 
587084 
324941 
587085 
587086 
324942 
324943 
587087 
587088 
324944 
587089 
324945 
587090 
324946 
193875 
324947 
587091 
324948 
587092 
324949 
587093 
587094 
324950 
324951 
587095 
324952 
587096 
587097 
324953 
587098 
324954 
324955 
587099 
587100 
324956 
324957 
587101 
324958 
587102 
324959 
587103 
587104 
324960 
324961 
587105 
324962 
587106 
193891 
324963 
587107 
587108 
324964 
193893 
587109 
324965 
324966 
587110 
193895 
324967 
587111 
587112 
324968 
324969 
587113 
324970 
587114 
324971 
587115 
587116 
324972 
587117 
324973 
324974 
324975 
324976 
324977 
587122 
324978 
324979 
193908 
324980 
587125 
324981 
324982 
324983 
587128 
324984 
324985 
324986 
587131 
324987 
324988 
324989 
587134 
193918 
324990 
324991 
193920 
324992 
324993 
587138 
193922 
324994 
587139 
324995 
587140 
324996 
587141 
324997 
324998 
587143 
324999 
193928 
325000 
325001 
587146 
193930 
325002 
193931 
325003 
587148 
325004 
325005 
325006 
325007 
325008 
325009 
325010 
325011 
325012 
325013 
325014 
325015 
325016 
325017 
325018 
325019 
325020 
325021 
325022 
325023 
325024 
325025 
325026 
325027 
325028 
325029 
325030 
325031 
325032 
325033 
325034 
325035 
325036 
325037 
325038 
325039 
325040 
325042 
325044 
325046 
325048 
325050 
587195 
325052 
587197 
325054 
587199 
325056 
325058 
325060 
325062 
325064 
325066 
325068 
325070 
325072 
325074 
325076 
325078 
587278 
587279 
587280 
587281 
587282 
587284 
587286 
587288 
587302 
587317 
194114 
587332 
194116 
194118 
194120 
194123 
194125 
194127 
194129 
587347 
194131 
194134 
194135 
194136 
194137 
194138 
194139 
194140 
194141 
194142 
194143 
194144 
194145 
194146 
587362 
194147 
194148 
194149 
194150 
194151 
194152 
194153 
194154 
194155 
194156 
194157 
194158 
194159 
194160 
194161 
587377 
194162 
194163 
194164 
194165 
194166 
194167 
194168 
194169 
194170 
194171 
194172 
194173 
194174 
194175 
194176 
587392 
194177 
194178 
194179 
194180 
194181 
194182 
194183 
194184 
194185 
194186 
194187 
194188 
194189 
194190 
587407 
194191 
194192 
194193 
194194 
194195 
194196 
194197 
194198 
194199 
194200 
194201 
194202 
194203 
194204 
194205 
587422 
194206 
194207 
194208 
194209 
194210 
194211 
194212 
194213 
194214 
194215 
194216 
194217 
194218 
194219 
194220 
587437 
194221 
194222 
194223 
194224 
456368 
194225 
194226 
194227 
194228 
194229 
194230 
194231 
194232 
194233 
587449 
194234 
194235 
587452 
194236 
194237 
194238 
194239 
194240 
194241 
194242 
194243 
194244 
194245 
194246 
194247 
587463 
194248 
456393 
194249 
587466 
194250 
194251 
194252 
194253 
194254 
194255 
194256 
194257 
194258 
194259 
194260 
587476 
194261 
194262 
587479 
194263 
194264 
194265 
194266 
194267 
194268 
194269 
194270 
194271 
194272 
587488 
456417 
194273 
194274 
587491 
194275 
194276 
194277 
194278 
194279 
194280 
194281 
194282 
587499 
194283 
194284 
194285 
587502 
194286 
194287 
194288 
194289 
194290 
194291 
194292 
194293 
587509 
194294 
194295 
587512 
194296 
456440 
194297 
194298 
194299 
194300 
194301 
194302 
587518 
194303 
194304 
587521 
194305 
194306 
194307 
194308 
194309 
194310 
587526 
194311 
194312 
587529 
194313 
194314 
194315 
194316 
194317 
587533 
456462 
194318 
194319 
587536 
194320 
194321 
194322 
587539 
194323 
194324 
194325 
194326 
194327 
194328 
194329 
194330 
194331 
587548 
194332 
194333 
194334 
194335 
194336 
194337 
194338 
456483 
587555 
194339 
194340 
194341 
456485 
194342 
194343 
587560 
194344 
587561 
587562 
587563 
194347 
194349 
587566 
587567 
194351 
587568 
587569 
194353 
194355 
587572 
194357 
587575 
194359 
587576 
587577 
194361 
456505 
587579 
194363 
587580 
194365 
587582 
587583 
194367 
587584 
587585 
194369 
587586 
587587 
194371 
194373 
194375 
194376 
194378 
587595 
587596 
194380 
587597 
194382 
587599 
587601 
587603 
587605 
587607 
587609 
587611 
456540 
587613 
587615 
587617 
587619 
587621 
587623 
587625 
587627 
587629 
456557 
587631 
456559 
587633 
587635 
587647 
456575 
587648 
587650 
587653 
587656 
587657 
587659 
587660 
587661 
587662 
587663 
587664 
456602 
456615 
456617 
587690 
587691 
587692 
587693 
456629 
587720 
456648 
587722 
587724 
587726 
456657 
456659 
456667 
456678 
587754 
587755 
456683 
587756 
587757 
456685 
587758 
587759 
456689 
456692 
456693 
587791 
456737 
587827 
587832 
63564 
63565 
63566 
63567 
63568 
63569 
63570 
587859 
63572 
63574 
587862 
587863 
63576 
587864 
587867 
587868 
587869 
587871 
587873 
587875 
456820 
587894 
587897 
587898 
587917 
587920 
587938 
587941 
63656 
456881 
587958 
587961 
63676 
587977 
587980 
456917 
456918 
456919 
456920 
456921 
456922 
456923 
587995 
456924 
587996 
63709 
456925 
587997 
456926 
587998 
456927 
587999 
456928 
588000 
456929 
588001 
456930 
588002 
456931 
588003 
456932 
588004 
456933 
588005 
456934 
588006 
456935 
588007 
456936 
588008 
456937 
588009 
456938 
588010 
588011 
456939 
588012 
456940 
456941 
588013 
456942 
588014 
456943 
588015 
456944 
588016 
456945 
588017 
456946 
588018 
456947 
588019 
456948 
588020 
456949 
588021 
456950 
588022 
456951 
588023 
456952 
588024 
456953 
588025 
456954 
588026 
456955 
588027 
456956 
588028 
456957 
588029 
456958 
588030 
456959 
588031 
456960 
588032 
456961 
588033 
456962 
588034 
588035 
456963 
588036 
456964 
456965 
456966 
456967 
456968 
588041 
456969 
456970 
456971 
588044 
456972 
456973 
456974 
588047 
456975 
456976 
456977 
588050 
456978 
456979 
456980 
588053 
456981 
456982 
456983 
588056 
456984 
456985 
456986 
588059 
456987 
456988 
588061 
456989 
588062 
456990 
456991 
456992 
588065 
456993 
456994 
456995 
456996 
456997 
456998 
456999 
457000 
457001 
457002 
588075 
457003 
457004 
457005 
457006 
457007 
457008 
457009 
457010 
457011 
457012 
457013 
457014 
457015 
457016 
457017 
457018 
457019 
457020 
457021 
63806 
457022 
457023 
457024 
457025 
457026 
457027 
457028 
457029 
457030 
457031 
457032 
457033 
457034 
457035 
457036 
457037 
63822 
457038 
457039 
457040 
457041 
457042 
457043 
457044 
457045 
325973 
457046 
457047 
457048 
457049 
588122 
457050 
457051 
588124 
457052 
457053 
588126 
457054 
457055 
457056 
457057 
457058 
457059 
457060 
457061 
457062 
457063 
457064 
457065 
457066 
457067 
457069 
457071 
63856 
457073 
457075 
457077 
457079 
457081 
457083 
457085 
457087 
457089 
457091 
457093 
457095 
326024 
63881 
457097 
326025 
326026 
457099 
326028 
457101 
326029 
457103 
457105 
63897 
326041 
326042 
326049 
588194 
588195 
588196 
588197 
588198 
326055 
588200 
588202 
326058 
326059 
588204 
63922 
588218 
588233 
326093 
63950 
326094 
326095 
326096 
326098 
326101 
588248 
326104 
326105 
326107 
326108 
326109 
326110 
326111 
326112 
326114 
326117 
588263 
326120 
326124 
63981 
326131 
326132 
588278 
326137 
326138 
326140 
63997 
326143 
326146 
326148 
588293 
326149 
326150 
326159 
326161 
326163 
588308 
326165 
64022 
326167 
326168 
326169 
326170 
326171 
588323 
326184 
326185 
326186 
326187 
326188 
326189 
326193 
64050 
588338 
326197 
326200 
326204 
326208 
588353 
326210 
326216 
588365 
326223 
588368 
64081 
326228 
326229 
326230 
326231 
588379 
326236 
588382 
64097 
588392 
588395 
588404 
588407 
64122 
588415 
588418 
588425 
588428 
588434 
588437 
64150 
588442 
588445 
326305 
588449 
588452 
326309 
588455 
588464 
64181 
588471 
588476 
588477 
588478 
588479 
588482 
588483 
588484 
64197 
588485 
588488 
588491 
588492 
588493 
195277 
588495 
588496 
588498 
588499 
588500 
588501 
588502 
588503 
588508 
588509 
64222 
588510 
588512 
588514 
588516 
588518 
588520 
588522 
588524 
588526 
588528 
588530 
588532 
588534 
588536 
64250 
588538 
588540 
588542 
195326 
588544 
195328 
588546 
195330 
64258 
588548 
195332 
64260 
195334 
64262 
195336 
64264 
195338 
64266 
64268 
195341 
64270 
195343 
588560 
64272 
588561 
195345 
588563 
195347 
64275 
195349 
64277 
588566 
195351 
64279 
588569 
195353 
64281 
588570 
195355 
64283 
588572 
195357 
588573 
64285 
588574 
588575 
195359 
64287 
588576 
588577 
195361 
64289 
195363 
64291 
195365 
64293 
195367 
64295 
195369 
64297 
195371 
64299 
195372 
64301 
195374 
195375 
64303 
64304 
64305 
195377 
195378 
64307 
64309 
64310 
64311 
64312 
64313 
64314 
64315 
64316 
64317 
588606 
64318 
64319 
588607 
588608 
64320 
64321 
588609 
588610 
64322 
64323 
64324 
64325 
64326 
64327 
64328 
64329 
64330 
64331 
64332 
64333 
64334 
64335 
64336 
64337 
64338 
64339 
64340 
64341 
64342 
64343 
64344 
64345 
64346 
64347 
64348 
64349 
588638 
64350 
64351 
64352 
588640 
64353 
64354 
588642 
64355 
64356 
64357 
64358 
64359 
64360 
64361 
64362 
64363 
64364 
64365 
64366 
64367 
64368 
64369 
64370 
64371 
64372 
64373 
64374 
64375 
64376 
64377 
64378 
64379 
64380 
64381 
64382 
588670 
588671 
64383 
64384 
588672 
588673 
64385 
64386 
588674 
588675 
64387 
64388 
64389 
64390 
64391 
64392 
64393 
64394 
64395 
64396 
64397 
64398 
64399 
64400 
64401 
64402 
64403 
64404 
64405 
64406 
64407 
64408 
64409 
64410 
64411 
64412 
64413 
64414 
64415 
64416 
64417 
64418 
64419 
64420 
64421 
588709 
64422 
64423 
588712 
64424 
64425 
64426 
64427 
64428 
64429 
64430 
64431 
64432 
64433 
64434 
64435 
64436 
64437 
64438 
64439 
64440 
64441 
64442 
64443 
64444 
64445 
64446 
64447 
64448 
64449 
64450 
64451 
64452 
64453 
64454 
64455 
64456 
64457 
588745 
588746 
64458 
64459 
64460 
588749 
588751 
588752 
588755 
588757 
588759 
588778 
588781 
588782 
588801 
588804 
588822 
588825 
588842 
588845 
588861 
588864 
588879 
588882 
588896 
588897 
588898 
588899 
588900 
588901 
588902 
588903 
588904 
588905 
588906 
588907 
588908 
588909 
588910 
588911 
588912 
588913 
588914 
588915 
588916 
588917 
588918 
588919 
588920 
588921 
588922 
588923 
588924 
588925 
588926 
588927 
588928 
588929 
588930 
588931 
588936 
588939 
588942 
588945 
588948 
588951 
588954 
588958 
588959 
588960 
588961 
588963 
588966 
588968 
589019 
589021 
589023 
457992 
589074 
589075 
589076 
589077 
589078 
589080 
589082 
589084 
589098 
589113 
589128 
589143 
589158 
589173 
458108 
458110 
589188 
589203 
589218 
589233 
589245 
589248 
589259 
589262 
589272 
589275 
589284 
589287 
589295 
589298 
589305 
589308 
589314 
589317 
589322 
589325 
589329 
589332 
589335 
589344 
589351 
589356 
589357 
589358 
589359 
589362 
589363 
589364 
589365 
589368 
589371 
589372 
589373 
589375 
589376 
589378 
589379 
589380 
589381 
589382 
589383 
589387 
589388 
589389 
589391 
589393 
589395 
589397 
589399 
589401 
589403 
589405 
589407 
589409 
589411 
589413 
589415 
589417 
589419 
65132 
589421 
589423 
589425 
589428 
196213 
65142 
196216 
196219 
196222 
589440 
589441 
196225 
65154 
589443 
196228 
589446 
196231 
589449 
196234 
589450 
327307 
589452 
196237 
589453 
589454 
589455 
65168 
196240 
589456 
589457 
196243 
196250 
196251 
196252 
196253 
65183 
196255 
196258 
327332 
65200 
589489 
589490 
589491 
589492 
196281 
589498 
196283 
327356 
196285 
65219 
589516 
589518 
589520 
327379 
327381 
65240 
589548 
589549 
589550 
65263 
589551 
589552 
589553 
589562 
327422 
65288 
327442 
327444 
589589 
589592 
589593 
589594 
589597 
589598 
589599 
589601 
65315 
589603 
589605 
327463 
589624 
589627 
589628 
65344 
327496 
589647 
589650 
327512 
327514 
589668 
589671 
327529 
589688 
589691 
327554 
589707 
589710 
327566 
327568 
327579 
589725 
589728 
327596 
196526 
589742 
196528 
589745 
196529 
196531 
327604 
327606 
327613 
589758 
589759 
589760 
589761 
589762 
589763 
589764 
589765 
327622 
589766 
589767 
589768 
196553 
589769 
327626 
589770 
589771 
589772 
196556 
327628 
589773 
589774 
327631 
589775 
589776 
327632 
589777 
589778 
589779 
589780 
589781 
589782 
589783 
589784 
589785 
589786 
589787 
589792 
196577 
589795 
196580 
589798 
196582 
589801 
589804 
589807 
589810 
589813 
196598 
589816 
589818 
589819 
589822 
196611 
196614 
327686 
589832 
196616 
196625 
196629 
196632 
196634 
196635 
589880 
327737 
589882 
589884 
589917 
589918 
589919 
589920 
589921 
589923 
589925 
589927 
327789 
196717 
196721 
327793 
589941 
327797 
327799 
327805 
589956 
327812 
327817 
327818 
327819 
327820 
327825 
589971 
327829 
327832 
327834 
327835 
589986 
327849 
327850 
327851 
327852 
327855 
590001 
327858 
327860 
327862 
327863 
327864 
590016 
327874 
327876 
327878 
327880 
327882 
327883 
327884 
327885 
327886 
590031 
327889 
327894 
327900 
590046 
327911 
327912 
327913 
327914 
590061 
327919 
327923 
327926 
327928 
327929 
327932 
590076 
327936 
327939 
327942 
590088 
590091 
327951 
590102 
327958 
590105 
327963 
327964 
327965 
327966 
327969 
327970 
590115 
327971 
327972 
590118 
327975 
327978 
327979 
327980 
327982 
327983 
590127 
327985 
327986 
590130 
327987 
327988 
327989 
327990 
327992 
590138 
327994 
327996 
590141 
327998 
327999 
328000 
328001 
328002 
328003 
328004 
590148 
328005 
328006 
328007 
590151 
328008 
328009 
328010 
328011 
328012 
459084 
328013 
590157 
328014 
328015 
328016 
590160 
328017 
328018 
328019 
328020 
328021 
590165 
328022 
328023 
328024 
590168 
328025 
328026 
328027 
328028 
590172 
328029 
328030 
328031 
590175 
328032 
328033 
328034 
590178 
328035 
328036 
328037 
459109 
328038 
328039 
328040 
328041 
328042 
328043 
590187 
328044 
328045 
328046 
328047 
328048 
328049 
590194 
328050 
328051 
328052 
328053 
328054 
590199 
328055 
590200 
328056 
590201 
328057 
590202 
328058 
328059 
328060 
459133 
590205 
328061 
590206 
328062 
590207 
328063 
590208 
328064 
328065 
328066 
590211 
328067 
328068 
328069 
590214 
328070 
590215 
328071 
590216 
328072 
328073 
590218 
328074 
590219 
328075 
328076 
328077 
590221 
590222 
328078 
328079 
590223 
590224 
328080 
328081 
590225 
590226 
328082 
328083 
328084 
459156 
328085 
328086 
590230 
459158 
328087 
590231 
590232 
328088 
328089 
328090 
590234 
328091 
328092 
590236 
328093 
328094 
590238 
328095 
328096 
590240 
328097 
328098 
590242 
328099 
328100 
590244 
328101 
328102 
590246 
328103 
328104 
590248 
328105 
328106 
590250 
328107 
328108 
590252 
328109 
328110 
590254 
328111 
328112 
590256 
328113 
328114 
590258 
328115 
328116 
590260 
328117 
328118 
590262 
328119 
328120 
590264 
328121 
328122 
590266 
328123 
328124 
590269 
328125 
328126 
590270 
590271 
459199 
328127 
328128 
328129 
328130 
328131 
328132 
328133 
328134 
328135 
328136 
328137 
328138 
590283 
328139 
590284 
328140 
65997 
328141 
590286 
328142 
328143 
328144 
590289 
328145 
328146 
459219 
328147 
590292 
328148 
590293 
459221 
328150 
590295 
590296 
328152 
590297 
590298 
328154 
590299 
590300 
328156 
328158 
328160 
328162 
328164 
328166 
459240 
328168 
328170 
328172 
328174 
328176 
328178 
328180 
328182 
328184 
328186 
590331 
590332 
590335 
590339 
590342 
459273 
459289 
459291 
590373 
590377 
459306 
459331 
590404 
590405 
590406 
590407 
590408 
590409 
590410 
459343 
590416 
459345 
590422 
590423 
590424 
590425 
590428 
459356 
590430 
590432 
459373 
590451 
459381 
590454 
590455 
459383 
459390 
459399 
590474 
459403 
590477 
459405 
459408 
459409 
590495 
590498 
590515 
590518 
459451 
590534 
590537 
590552 
590555 
590569 
590572 
590585 
590588 
459524 
590600 
590601 
590602 
590603 
590604 
590605 
590606 
590607 
590608 
590609 
590610 
590611 
590612 
590613 
590614 
590615 
590616 
590617 
590618 
590619 
590620 
459549 
590621 
590622 
590623 
590628 
590631 
590634 
590637 
590640 
590643 
590646 
590649 
590652 
590656 
590657 
590658 
590659 
590661 
590664 
590666 
459612 
459613 
590717 
590719 
590721 
590732 
590733 
590734 
590735 
590736 
590738 
590740 
590742 
459670 
459671 
459672 
459673 
459674 
459675 
459676 
459677 
459678 
459679 
459680 
459681 
459682 
459683 
459684 
590756 
459685 
459686 
459687 
459688 
459689 
459690 
459691 
459692 
459693 
459694 
459695 
459696 
459697 
459698 
459699 
590771 
459700 
459701 
459702 
459703 
459704 
459705 
459706 
459707 
459708 
459709 
459710 
459711 
459712 
459713 
459714 
590786 
459715 
459716 
459717 
459718 
459719 
459720 
459721 
459722 
459723 
459724 
459725 
459726 
459727 
459728 
590801 
459729 
459730 
459731 
459732 
459733 
459734 
459735 
459736 
459737 
459738 
459739 
459740 
459741 
459742 
459743 
590816 
459744 
459745 
459746 
459747 
459748 
459749 
459750 
459751 
459752 
459753 
459754 
459755 
459756 
459757 
459758 
590831 
459759 
459760 
459761 
459762 
459763 
459764 
459765 
459766 
459767 
459768 
459769 
459770 
459771 
459772 
459773 
590846 
459774 
459775 
459776 
459777 
459778 
459779 
459780 
459781 
459782 
459783 
459784 
459785 
459786 
459787 
459788 
590861 
459789 
459790 
459791 
459792 
459793 
459794 
459795 
459796 
459797 
459798 
459799 
459800 
459801 
459802 
459803 
590876 
459804 
459805 
459806 
459807 
459808 
459809 
459810 
459811 
459812 
459813 
459814 
459815 
459816 
459817 
459818 
590891 
459819 
459821 
459823 
459825 
459827 
459829 
459831 
590903 
459833 
590906 
459835 
459837 
459839 
459841 
459843 
459845 
590917 
459847 
590920 
459849 
459851 
459853 
459855 
459857 
590930 
590933 
197719 
590942 
590945 
590953 
590956 
197744 
590963 
590966 
590972 
590975 
590980 
590983 
197768 
590987 
590990 
590993 
591002 
197791 
197793 
591009 
591014 
591015 
591016 
591017 
591020 
591021 
591022 
591023 
591026 
591029 
591030 
197815 
591031 
591033 
591034 
591036 
591037 
591038 
591039 
591040 
591041 
591045 
591046 
591047 
591049 
591051 
591053 
591055 
591057 
591059 
591061 
591063 
591065 
591067 
591069 
197854 
591071 
591073 
591075 
591077 
591079 
591082 
591083 
591084 
197873 
197875 
591096 
591097 
591099 
591102 
591105 
591106 
591108 
197893 
591109 
591110 
591111 
591112 
591113 
197924 
591141 
591142 
591145 
591149 
591153 
197939 
591157 
197941 
591160 
591164 
197955 
591184 
591186 
591187 
591188 
591190 
197978 
197989 
197991 
591216 
591217 
198001 
591218 
591219 
591220 
591221 
329081 
591227 
591230 
591231 
198016 
591236 
591237 
591238 
591239 
198023 
198025 
198031 
198038 
198041 
591258 
591261 
329132 
329133 
329134 
329135 
591279 
591282 
329147 
329148 
329150 
329153 
591299 
591302 
329160 
329162 
329164 
198095 
329169 
329170 
591318 
591321 
591336 
591339 
329204 
329205 
329206 
329207 
329209 
591353 
591356 
329212 
329215 
329216 
329218 
198146 
329219 
329220 
329221 
329222 
329223 
329225 
591369 
591372 
329228 
329232 
329239 
329240 
591384 
591387 
329245 
329246 
329248 
329251 
329254 
591398 
591399 
329256 
591400 
329257 
591401 
329258 
591402 
591403 
591404 
591405 
591406 
591407 
591408 
591409 
591410 
591411 
329267 
591412 
329269 
198197 
591413 
591414 
329271 
591415 
591416 
329273 
198201 
329275 
329276 
198204 
591421 
329277 
329278 
198206 
329279 
591424 
198208 
198210 
591427 
198212 
591430 
198214 
198216 
591433 
198218 
329291 
591436 
329292 
198220 
329293 
329294 
198222 
591439 
329295 
329296 
198225 
591442 
198227 
329300 
591445 
198229 
198231 
329303 
591448 
198233 
329306 
198235 
329309 
198237 
198239 
591457 
198241 
591459 
198243 
591460 
198245 
198247 
329321 
198249 
329322 
67181 
67182 
591470 
67183 
67184 
329328 
67185 
67186 
67187 
329332 
67189 
329333 
329334 
67191 
329335 
67193 
329337 
591482 
329340 
329343 
329345 
591497 
591498 
591499 
591500 
591501 
591505 
591512 
591514 
198299 
591527 
591529 
591531 
198315 
591543 
591558 
329414 
329418 
198349 
67283 
591573 
67293 
591588 
198374 
67315 
591603 
198390 
591618 
198415 
591633 
591648 
198443 
591663 
591678 
198474 
591690 
591693 
591704 
198490 
591707 
67423 
591717 
591720 
591729 
198515 
591732 
67448 
591740 
591743 
591750 
67464 
591753 
198543 
591759 
591762 
591767 
591770 
591774 
591777 
591780 
67498 
591789 
198574 
591796 
591801 
591802 
591803 
591804 
198590 
591807 
591808 
460737 
591809 
591810 
67523 
591813 
591816 
591817 
591818 
591820 
591821 
591823 
591824 
591825 
591826 
67539 
591827 
591828 
198615 
591832 
591833 
591834 
591836 
591838 
591840 
591842 
591844 
591846 
591848 
591850 
67564 
591852 
591854 
591856 
591858 
198643 
591860 
591862 
591864 
591867 
591868 
591869 
67592 
591881 
591882 
591884 
591887 
198672 
591890 
591891 
591893 
591894 
591895 
591896 
591897 
591898 
198687 
67623 
460846 
460848 
198708 
591926 
67639 
591927 
591929 
591932 
591935 
591938 
591942 
198729 
591946 
591949 
591951 
591952 
67664 
198746 
591973 
198757 
591974 
591977 
67692 
591981 
591982 
591983 
198770 
198781 
198789 
592008 
592009 
592010 
67723 
592011 
198796 
592012 
592013 
198802 
592019 
592023 
198807 
592024 
592025 
592026 
67739 
198811 
592029 
592030 
198814 
198816 
198817 
592048 
592051 
67764 
592068 
592071 
67792 
592087 
592090 
592105 
592108 
67823 
592122 
592125 
67839 
592138 
592141 
67864 
592153 
592156 
592167 
592170 
67892 
592180 
198964 
198965 
592181 
592182 
592183 
592184 
592185 
592186 
592187 
67900 
592188 
592189 
592190 
67902 
592191 
67904 
592192 
592193 
67906 
67908 
198981 
592198 
67910 
67912 
198984 
592201 
67914 
592204 
67917 
592207 
67919 
198992 
198993 
67921 
592210 
198994 
198995 
67923 
198996 
592213 
67925 
198998 
67927 
592216 
199000 
67929 
199001 
592219 
199003 
67931 
199004 
67933 
592222 
67935 
592225 
67937 
67939 
199012 
67941 
199014 
592231 
199015 
67943 
199016 
199017 
67945 
67946 
67947 
67949 
592237 
592238 
67951 
592239 
67952 
592240 
67953 
592241 
199025 
67954 
67955 
67956 
67957 
67958 
67959 
67960 
592249 
67961 
199034 
67962 
67963 
592252 
67964 
67965 
67966 
67967 
67968 
592257 
67969 
67970 
199043 
67971 
67972 
592261 
67973 
67974 
67975 
67976 
67977 
67978 
67979 
67980 
199052 
67981 
67982 
67983 
592272 
67984 
592273 
67985 
592274 
67986 
592275 
67987 
67988 
199061 
67989 
67990 
592278 
67991 
67992 
592281 
67993 
67994 
67995 
67996 
67997 
199070 
67998 
67999 
68000 
68001 
592290 
68002 
592291 
68003 
68004 
68005 
68006 
199079 
68007 
68008 
68009 
592298 
68010 
68011 
592300 
68012 
68013 
592302 
68014 
68015 
199088 
68016 
68017 
68018 
68019 
68020 
68021 
68022 
68023 
68024 
199097 
68025 
68026 
592315 
68027 
68028 
68029 
68030 
68031 
68032 
68033 
199106 
68034 
68035 
68036 
68037 
68038 
68039 
68040 
68041 
592330 
68042 
199115 
68043 
68044 
68045 
68046 
68047 
68048 
68049 
68050 
68051 
199124 
68052 
68053 
68054 
68055 
68056 
592345 
68057 
68058 
68059 
68060 
68061 
68062 
68063 
68064 
68065 
68066 
68067 
68068 
68069 
68070 
68071 
592360 
68072 
68073 
68074 
68075 
68076 
68077 
68078 
68079 
68080 
68081 
68082 
68083 
68084 
68085 
68086 
592375 
68087 
68088 
68089 
68090 
68091 
68092 
68093 
68094 
68095 
68096 
68097 
68098 
68099 
68100 
68101 
592390 
68102 
68103 
68104 
68105 
592405 
592420 
592435 
592447 
592450 
592461 
592464 
592474 
592477 
592486 
592489 
592497 
199282 
199284 
592500 
199286 
199287 
592507 
592510 
592516 
592519 
592524 
592527 
199315 
592531 
199317 
592534 
592537 
592546 
199336 
592553 
199338 
199340 
592558 
592559 
592560 
330416 
592561 
592564 
592565 
592566 
592567 
592570 
592573 
592574 
199359 
592575 
592577 
592578 
592580 
592581 
592582 
592583 
592584 
592585 
330441 
199372 
592589 
199374 
592590 
592591 
199376 
592593 
592595 
592597 
592599 
592601 
199387 
592603 
592605 
592607 
199393 
592609 
330465 
199395 
592611 
199397 
592613 
592615 
199400 
199401 
592617 
592619 
592622 
592623 
592624 
330488 
330490 
592636 
592637 
592639 
592642 
592645 
592646 
592648 
592649 
592650 
592651 
592652 
592653 
330512 
592679 
592680 
592683 
592686 
592689 
592692 
592695 
330551 
592698 
592700 
592702 
592703 
592704 
592706 
592707 
592709 
592710 
330570 
330572 
592726 
592728 
592730 
592731 
330590 
592755 
592756 
592757 
592758 
592759 
592760 
330621 
592766 
592769 
592770 
592773 
592774 
592775 
592776 
592777 
592778 
330636 
330638 
592795 
330652 
592798 
199593 
199595 
199597 
592814 
199599 
592817 
199602 
330675 
199604 
199606 
199608 
199610 
199613 
330686 
199614 
199615 
330688 
592832 
199616 
199617 
199618 
592835 
199619 
199620 
199621 
199622 
199623 
199624 
199625 
199626 
330698 
199627 
199628 
199629 
199630 
199631 
199632 
199633 
592849 
199634 
199635 
592852 
199636 
199637 
199638 
199639 
199640 
199641 
330713 
199642 
199643 
199644 
199645 
199646 
199647 
330720 
199648 
592865 
199649 
199650 
330722 
199651 
592868 
199652 
199653 
199654 
199655 
199656 
330728 
199657 
199658 
199659 
199660 
199661 
199662 
330735 
199663 
199664 
592880 
199665 
199666 
330738 
592883 
461811 
199667 
199668 
330740 
330741 
199669 
199670 
199671 
199672 
199673 
199674 
199675 
199676 
199677 
199678 
592894 
199679 
199680 
592897 
199681 
199682 
199683 
199684 
199685 
199686 
199687 
199688 
199689 
199690 
592907 
199691 
199692 
461836 
199693 
592910 
199694 
199695 
199696 
199697 
199698 
199699 
199700 
199701 
199702 
199703 
592919 
199704 
592920 
199705 
592921 
199706 
592922 
199707 
592923 
199708 
592924 
592925 
199709 
592926 
199710 
199711 
592927 
199712 
592928 
199713 
199714 
199715 
199716 
461860 
592933 
199717 
199718 
199719 
592936 
199720 
199721 
199722 
592939 
199723 
330795 
199724 
199725 
592942 
199726 
199727 
199728 
592945 
199729 
199730 
199731 
592948 
199732 
199733 
199734 
592951 
199735 
199736 
199737 
592954 
199738 
199739 
461883 
199740 
592957 
199741 
461885 
199742 
199743 
592960 
199744 
199745 
199746 
199747 
199748 
199749 
199750 
199751 
199752 
592969 
199753 
199754 
199755 
199756 
199757 
199758 
199759 
199760 
199761 
199762 
461907 
199763 
199764 
199765 
199766 
592983 
199767 
592984 
199768 
199769 
199770 
199771 
199772 
199773 
592990 
199774 
330846 
592991 
199775 
592992 
199776 
199777 
199778 
199779 
199780 
199781 
199782 
199783 
199784 
593001 
199785 
199786 
199787 
199788 
199789 
199790 
593007 
199791 
199792 
199793 
199794 
199795 
199796 
199797 
199798 
199799 
199800 
199801 
593018 
461946 
199802 
593019 
199803 
593020 
199804 
593021 
199805 
593022 
199806 
593023 
199807 
199808 
199809 
593026 
199810 
199811 
199812 
593029 
199813 
593030 
199814 
199815 
199816 
199817 
199818 
199819 
199820 
461965 
199821 
199822 
593039 
461967 
199823 
593040 
593042 
330898 
199826 
593043 
199828 
593045 
330901 
199830 
199832 
199834 
199836 
199838 
199840 
330913 
461985 
330914 
199842 
593059 
199844 
199846 
330920 
199848 
199850 
199852 
330924 
330925 
330926 
199854 
330927 
199855 
330929 
199857 
593074 
199859 
330932 
199861 
330935 
330937 
330939 
68797 
330941 
330944 
462016 
593089 
330945 
68807 
330959 
462031 
330960 
593104 
330961 
462033 
330962 
68819 
330965 
330968 
330970 
330972 
330973 
330974 
593119 
462047 
68833 
330984 
330986 
330988 
593134 
330990 
68848 
330992 
330993 
330994 
330995 
330996 
462070 
330999 
593149 
68865 
462081 
462083 
331012 
331018 
593164 
462093 
331022 
331023 
331024 
331025 
331027 
68884 
331030 
593176 
331033 
593179 
331035 
462108 
331037 
331039 
331042 
462115 
331043 
462117 
331046 
593190 
68905 
593193 
331049 
462123 
331058 
462130 
593203 
462133 
593206 
462135 
462136 
331065 
331070 
331071 
593215 
68928 
331072 
331073 
593218 
331076 
331077 
331078 
331079 
331082 
593226 
331085 
593229 
331086 
331087 
331089 
331090 
593236 
331092 
331093 
331094 
331095 
593239 
331096 
68953 
331097 
331098 
331099 
331100 
331101 
593245 
331102 
331103 
593248 
462176 
331104 
331105 
331106 
331107 
331108 
331109 
593253 
331110 
331111 
331112 
593256 
331113 
331114 
331115 
331116 
593260 
331117 
331118 
331119 
593263 
331120 
331121 
331122 
593266 
331123 
68980 
331124 
331125 
331126 
331127 
331128 
331129 
331130 
331131 
593275 
331132 
331133 
331134 
331135 
331136 
331137 
331138 
593282 
331139 
331140 
331141 
331142 
331143 
593287 
593288 
331144 
593289 
331145 
593290 
331146 
331147 
331148 
331149 
593293 
331150 
593294 
331151 
593295 
331152 
593296 
69009 
331153 
331154 
593299 
331155 
331156 
331157 
593302 
331158 
593303 
331159 
593304 
331160 
331161 
593306 
331162 
593307 
331163 
331164 
593309 
331165 
593310 
331166 
593311 
331167 
593312 
331168 
593313 
331169 
593314 
331170 
331171 
331172 
331173 
593318 
331174 
593319 
331175 
593320 
331176 
331177 
593322 
331178 
331179 
593324 
331180 
331181 
593326 
331182 
331183 
593328 
331184 
331185 
462257 
593330 
331186 
462258 
331187 
593332 
331188 
331189 
593334 
331190 
331191 
593336 
331192 
331193 
593338 
331194 
331195 
593340 
331196 
331197 
593342 
331198 
331199 
593344 
331200 
331201 
593346 
331202 
331203 
331204 
593349 
331205 
593350 
331206 
593351 
331207 
331208 
331209 
331210 
331211 
331212 
331213 
331214 
331215 
331216 
331217 
331218 
593363 
331219 
593364 
331220 
331221 
593366 
331222 
331223 
331224 
593369 
331225 
331226 
462298 
331227 
593372 
331228 
331229 
593373 
331230 
593375 
331231 
593376 
331232 
593377 
331233 
593378 
331234 
593379 
331235 
593380 
331236 
331237 
331238 
331239 
331240 
331241 
331242 
331243 
331244 
331245 
331246 
331247 
331248 
331249 
331250 
331251 
331252 
331253 
331255 
331257 
331259 
331261 
593406 
593407 
331263 
593409 
331265 
331267 
593412 
331269 
593415 
331271 
331273 
593418 
331275 
593421 
331277 
331279 
593424 
331281 
593427 
331283 
593429 
331285 
593430 
593431 
331287 
593432 
593433 
331289 
462361 
593434 
462362 
593435 
331291 
593458 
593459 
593460 
593461 
593484 
593485 
593486 
593487 
593488 
593489 
593495 
593499 
593500 
593501 
593502 
593504 
593505 
593506 
593507 
593508 
593509 
462440 
462441 
462442 
462443 
462444 
462445 
462446 
462447 
462448 
462449 
462450 
462451 
462452 
462453 
593525 
462454 
462455 
593528 
462456 
462457 
462458 
462459 
462460 
462461 
462462 
462463 
462464 
462465 
462466 
462467 
462468 
462469 
462470 
462471 
593543 
462472 
462473 
593546 
462474 
462475 
462476 
462477 
462478 
462479 
462480 
462481 
462482 
462483 
462484 
462485 
462486 
462487 
462488 
593560 
462489 
462490 
593563 
462491 
462492 
462493 
462494 
462495 
462496 
462497 
462498 
462499 
462500 
462501 
462502 
462503 
593576 
462504 
462505 
462506 
593579 
462507 
462508 
462509 
462510 
462511 
462512 
462513 
462514 
462515 
462516 
462517 
462518 
462519 
593591 
462520 
462521 
593594 
462522 
462523 
462524 
462525 
462526 
462527 
462528 
462529 
462530 
462531 
462532 
462533 
593605 
462534 
462535 
593608 
462536 
462537 
462538 
462539 
462540 
462541 
462542 
462543 
462544 
462545 
462546 
593618 
462547 
462548 
593621 
462549 
462550 
462551 
462552 
462553 
462554 
462555 
462556 
462557 
462558 
593630 
462559 
462560 
593633 
462561 
462562 
462563 
462564 
462565 
462566 
462567 
462568 
593641 
462569 
462570 
593642 
462571 
593643 
462572 
593644 
462573 
593645 
593646 
462574 
462575 
593647 
462576 
462577 
462578 
462579 
593652 
462580 
462581 
462582 
593655 
462583 
462584 
462585 
593658 
462586 
462587 
462588 
593661 
462589 
462591 
593664 
462593 
593667 
462595 
462597 
593670 
462599 
593673 
462601 
462603 
593676 
462605 
593679 
462607 
462609 
462611 
593685 
462613 
462615 
462617 
593691 
462619 
593692 
462621 
462623 
462625 
462627 
593705 
593706 
593711 
593712 
593713 
593717 
593719 
593721 
593724 
593726 
593737 
593738 
593739 
593740 
593741 
593744 
593747 
593750 
593756 
593758 
593759 
593760 
593774 
593789 
593804 
593819 
593834 
593849 
593864 
593876 
593879 
593890 
593893 
593903 
593906 
593915 
593918 
593926 
593929 
593936 
593939 
593945 
593948 
593953 
593956 
593960 
593963 
593966 
200756 
593975 
69688 
593982 
593987 
593988 
593989 
593990 
593993 
593994 
593995 
593996 
593999 
594002 
594003 
594004 
594006 
594007 
594009 
594010 
594011 
594012 
594013 
594014 
594018 
594019 
594020 
200805 
594022 
200807 
594024 
200809 
594026 
200811 
594028 
200813 
594030 
200815 
594032 
200817 
594034 
594036 
200820 
594038 
200822 
594040 
200824 
594042 
200826 
594044 
200828 
200830 
594047 
594048 
200832 
594049 
200834 
200836 
200838 
200840 
200842 
200844 
594061 
594062 
200846 
594064 
200848 
200850 
594067 
200852 
594070 
200854 
594071 
200855 
594073 
594074 
594075 
594076 
594077 
594078 
594102 
594103 
594106 
594109 
594112 
594115 
594118 
594121 
594124 
594126 
594127 
594128 
594143 
594144 
594166 
594167 
594168 
594169 
594170 
594171 
594177 
594180 
594181 
594184 
594185 
594186 
594187 
594188 
594189 
594190 
594191 
594206 
594209 
594223 
594226 
594239 
594242 
594254 
594257 
594268 
594271 
594281 
594284 
594293 
594296 
594304 
594307 
594314 
594315 
594316 
594317 
594322 
594325 
594328 
332186 
594331 
594334 
594337 
594340 
594343 
594346 
594349 
594358 
594372 
594373 
594379 
594380 
332236 
332237 
332238 
594391 
594392 
332249 
332250 
332252 
594397 
594398 
594399 
332255 
594401 
594402 
332258 
594403 
594404 
332260 
594406 
594407 
332266 
332268 
332270 
332272 
594418 
332274 
594419 
594420 
594421 
332277 
594422 
594423 
594425 
594427 
594428 
594430 
594431 
594436 
594438 
594439 
594440 
594454 
332311 
332312 
332313 
332314 
332316 
332319 
332322 
332323 
594469 
332325 
332326 
332327 
332328 
332329 
332330 
332332 
332336 
594484 
332343 
332344 
332349 
332350 
332352 
594499 
332355 
332358 
332360 
332361 
332362 
594514 
332371 
332373 
332375 
332377 
332379 
332380 
332381 
332382 
332383 
594529 
332394 
332395 
332396 
332397 
594541 
332398 
332399 
594544 
332403 
332405 
332411 
594555 
594558 
332418 
332423 
594568 
332424 
332425 
332426 
594571 
463501 
332431 
332435 
594580 
332438 
594583 
332440 
332441 
332443 
332445 
332447 
594591 
332449 
594594 
594601 
594604 
594610 
594613 
594618 
594621 
594625 
594628 
594631 
594640 
594647 
594652 
594653 
594654 
594655 
594658 
594659 
594660 
594661 
332518 
594664 
332522 
594667 
594668 
594669 
594671 
594672 
594674 
594675 
594676 
594677 
463606 
594678 
594679 
463608 
594683 
594684 
594685 
594687 
594689 
594691 
594693 
594695 
594697 
594699 
594701 
594703 
594705 
594707 
594710 
594711 
594712 
594724 
594725 
594727 
594730 
594733 
594734 
594736 
594737 
594738 
594739 
594740 
594741 
594765 
594766 
594768 
594771 
594774 
594777 
594780 
594783 
594786 
594788 
594789 
594790 
594832 
594833 
594834 
594835 
594836 
594837 
594843 
594847 
594848 
594849 
594850 
594852 
594853 
594854 
594855 
594856 
594857 
594871 
594874 
201667 
201670 
594887 
201673 
594890 
201676 
201679 
201682 
201685 
594902 
201688 
594905 
201691 
201694 
201697 
201700 
594916 
594919 
201707 
201708 
201709 
201710 
201712 
594929 
201714 
594932 
594941 
594944 
594952 
201738 
594955 
201740 
201742 
594962 
594965 
594971 
594972 
594973 
594978 
594981 
594984 
594987 
594990 
594993 
594996 
594999 
595002 
595005 
595011 
595017 
595018 
595031 
595032 
595037 
595038 
595042 
595044 
595049 
595050 
595052 
595054 
595055 
595056 
595057 
595058 
595059 
595070 
595071 
595072 
595073 
595074 
595077 
595078 
595079 
595080 
595081 
595082 
595085 
595086 
595087 
595088 
595102 
595117 
595132 
595147 
595162 
595174 
595177 
595188 
70902 
70903 
595191 
70904 
70905 
70906 
70907 
70908 
70910 
70912 
595201 
70914 
595204 
595213 
595216 
595224 
595227 
595234 
595237 
202025 
202027 
595243 
202029 
595246 
202031 
595251 
595254 
595258 
595261 
595264 
202050 
595273 
595280 
595285 
595286 
202070 
595287 
595288 
202073 
71003 
202075 
595291 
595292 
595293 
595294 
595297 
595300 
595301 
595302 
202088 
595304 
595305 
595307 
595308 
595309 
595310 
595311 
595312 
71025 
202098 
595316 
202101 
595317 
595318 
202103 
595320 
595322 
71036 
202108 
595324 
595326 
202111 
202112 
595328 
202113 
595330 
595332 
595334 
595336 
595338 
595341 
595342 
595343 
595355 
595356 
595358 
595361 
595364 
595365 
595367 
595368 
595369 
595370 
595371 
595372 
595394 
595395 
595398 
595401 
595404 
595407 
595410 
202195 
595413 
202199 
595416 
595418 
595419 
595420 
71144 
595454 
595455 
595456 
71169 
595457 
595458 
595459 
595465 
595468 
595469 
595472 
595473 
71185 
595474 
595475 
595476 
595477 
595478 
595479 
595492 
595495 
71210 
595507 
595510 
595521 
595524 
71244 
595534 
595537 
595546 
595549 
71269 
595557 
595560 
595567 
595570 
71285 
595576 
595579 
595584 
595585 
595590 
595593 
595596 
71310 
595599 
595602 
595605 
595608 
595611 
595614 
595617 
595626 
71338 
464559 
595640 
595641 
595647 
595648 
464584 
71369 
595659 
595660 
333520 
595665 
595666 
595668 
595669 
595670 
595672 
71385 
595674 
595675 
595676 
595677 
595678 
464608 
595689 
333545 
595690 
595691 
595692 
595693 
595694 
595696 
71410 
595699 
595700 
464631 
333569 
595714 
464653 
71438 
464655 
595729 
333592 
595744 
464676 
71469 
333614 
595759 
333616 
595771 
71485 
595774 
333637 
464713 
595785 
595788 
71510 
595798 
595801 
464731 
464733 
595810 
595813 
333674 
595821 
464750 
595824 
71538 
595831 
595834 
333692 
333694 
595840 
595843 
595848 
595851 
464779 
333711 
595855 
71569 
595858 
595861 
464793 
464795 
595870 
71585 
595877 
464808 
595882 
595883 
595884 
333740 
595885 
595888 
595889 
595890 
595891 
595894 
595897 
71610 
595898 
333754 
595899 
333756 
464829 
595901 
595902 
595904 
595905 
595906 
595907 
595908 
595909 
464839 
595913 
464841 
333769 
595914 
595915 
595917 
595919 
595921 
464850 
595923 
595925 
71638 
595927 
595929 
595931 
595933 
333790 
71646 
464863 
595936 
71648 
595937 
595938 
71650 
71652 
464869 
71654 
464871 
333800 
71656 
333802 
71658 
464876 
71660 
595950 
595951 
71663 
595953 
464881 
71665 
333811 
464883 
71667 
595956 
464884 
71669 
595959 
71671 
595960 
71673 
595962 
595963 
71675 
595964 
595965 
71677 
595966 
595967 
71679 
333824 
71681 
71683 
71685 
333830 
71687 
333832 
71689 
71691 
71692 
71693 
333837 
71695 
71696 
71697 
71698 
333842 
71699 
71700 
333844 
595989 
333845 
71701 
595990 
71702 
71703 
71704 
595992 
464920 
71705 
71706 
595995 
71707 
71708 
71709 
595998 
71710 
71711 
71712 
71713 
596001 
71714 
71715 
596004 
71716 
71717 
71718 
71719 
596007 
71720 
71721 
596010 
71722 
71723 
596012 
71724 
71725 
596013 
596014 
71726 
71727 
71728 
71729 
71730 
71731 
71732 
71733 
71734 
71735 
71736 
71737 
71738 
71739 
71740 
71741 
71742 
71743 
71744 
71745 
71746 
71747 
71748 
71749 
71750 
71751 
71752 
71753 
71754 
71755 
333899 
71756 
71757 
71758 
71759 
71760 
71761 
71762 
71763 
71764 
71765 
71766 
596054 
596055 
71767 
71768 
596056 
596057 
71769 
71770 
596058 
596059 
71771 
71772 
71773 
71774 
71775 
71776 
596065 
71777 
71778 
71779 
71780 
596069 
71781 
596070 
71782 
596071 
71783 
596072 
71784 
71785 
596074 
71786 
596075 
71787 
596076 
71788 
596077 
71789 
596078 
71790 
596079 
71791 
71792 
465009 
71793 
71794 
465010 
71795 
71796 
71797 
71798 
71799 
71800 
71801 
71802 
71803 
596091 
71804 
71805 
596094 
71806 
333950 
71807 
71808 
71809 
71810 
71811 
71812 
71813 
71814 
71815 
71816 
71817 
596105 
71818 
71819 
596108 
71820 
71821 
71822 
71823 
71824 
71825 
71826 
71827 
71828 
71829 
596118 
71830 
71831 
71832 
596121 
71833 
71834 
71835 
71836 
71837 
71838 
71839 
71840 
71841 
596130 
71842 
71843 
71844 
596133 
71845 
71846 
465063 
71847 
71848 
71849 
71850 
71851 
71852 
596141 
71853 
71854 
596144 
334005 
596151 
596154 
334012 
596160 
334017 
334018 
596163 
334019 
334020 
596168 
334025 
596171 
334029 
596175 
334032 
334034 
334035 
596180 
334037 
596183 
334039 
334041 
596186 
334043 
334044 
596189 
334045 
334046 
334047 
596192 
334048 
334049 
596195 
465125 
596198 
465126 
596201 
596204 
596207 
334063 
334064 
334065 
334066 
465140 
596213 
334069 
334072 
334074 
596219 
596220 
334076 
334077 
334078 
334088 
596233 
596234 
334090 
334092 
334094 
596239 
596240 
334096 
334097 
334098 
334099 
596244 
334100 
596246 
334106 
596251 
596252 
596254 
596256 
596257 
596258 
596259 
596260 
596261 
334117 
334118 
334119 
334120 
334125 
596272 
596273 
334129 
596274 
596275 
596276 
334132 
334134 
596279 
334135 
596280 
334137 
334139 
334141 
334143 
334144 
334145 
334146 
334147 
334148 
334149 
596295 
465229 
334158 
465230 
465231 
465232 
465233 
465234 
465235 
465236 
465237 
334165 
465238 
596310 
465239 
465240 
465241 
334170 
465242 
334171 
465243 
465244 
334172 
334173 
465245 
465246 
465247 
465248 
334176 
465249 
334177 
465250 
334178 
465251 
334179 
465252 
465253 
596325 
334182 
465254 
465255 
465256 
334185 
465257 
465258 
334186 
465259 
334187 
465260 
465261 
334189 
334190 
465262 
465263 
465264 
334192 
465265 
334193 
596337 
465266 
334194 
334195 
465267 
465268 
596340 
334196 
465269 
334197 
465270 
334198 
465271 
334199 
465272 
334200 
465273 
334201 
334202 
465274 
334203 
465275 
465276 
334204 
334205 
465277 
334206 
465278 
334207 
465279 
596351 
334208 
465280 
334209 
465281 
334210 
596354 
465282 
334211 
465283 
334212 
465284 
334213 
465285 
334214 
465286 
334215 
465287 
334216 
465288 
334217 
465289 
334218 
465290 
334219 
465291 
334220 
596364 
465292 
334221 
465293 
334222 
465294 
334223 
596367 
465295 
334224 
465296 
334225 
465297 
334226 
465298 
334227 
465299 
334228 
465300 
334229 
465301 
334230 
465302 
334231 
465303 
334232 
596376 
465304 
334233 
465305 
334234 
465306 
334235 
596379 
465307 
334236 
465308 
334237 
465309 
334238 
465310 
334239 
465311 
334240 
465312 
334241 
465313 
334242 
465314 
334243 
465315 
596387 
334244 
465316 
334245 
465317 
334246 
596390 
465318 
334247 
465319 
334248 
465320 
465321 
334249 
465322 
334250 
465323 
334251 
465324 
334252 
465325 
596397 
334253 
465326 
334254 
465327 
334255 
596400 
465328 
334256 
465329 
334257 
465330 
334258 
465331 
334259 
465332 
334260 
465333 
334261 
465334 
596406 
334262 
465335 
334263 
465336 
334264 
596409 
465337 
334265 
465338 
334266 
465339 
334267 
465340 
334268 
465341 
203197 
334269 
465342 
596414 
334270 
465343 
334271 
465344 
334272 
596417 
465345 
334273 
465346 
334274 
465347 
334275 
334276 
465348 
465349 
334277 
596421 
334278 
465350 
465351 
334279 
596424 
334280 
465352 
465353 
334281 
334282 
465354 
465355 
334283 
596427 
334284 
465356 
334285 
465357 
334286 
465358 
334287 
465359 
334288 
465360 
334289 
465361 
334290 
465362 
334291 
465363 
596436 
334292 
465364 
334293 
465365 
334294 
203222 
465366 
334295 
465367 
334296 
465368 
334297 
465369 
334298 
465370 
334299 
596443 
465371 
334300 
465372 
334301 
465373 
334302 
465374 
334303 
465375 
596448 
334304 
465376 
596449 
334305 
465377 
596450 
334306 
596451 
334307 
465379 
334308 
334309 
465381 
334310 
596454 
334311 
596455 
465383 
334312 
596456 
334313 
596457 
465385 
334314 
334315 
465387 
596460 
334316 
334317 
465389 
334318 
203246 
596463 
334319 
465391 
334320 
596464 
334321 
596465 
465393 
334322 
334323 
596467 
465395 
596468 
334324 
334325 
465397 
596470 
334326 
596471 
465399 
334327 
596472 
334328 
596473 
465401 
334329 
596474 
334330 
596475 
465403 
334331 
334332 
465405 
334333 
334334 
596479 
465407 
334335 
596480 
334336 
596481 
465409 
334337 
334338 
596483 
465411 
334339 
334340 
596485 
203269 
465413 
334341 
334342 
596487 
465415 
334343 
334344 
596489 
334345 
334346 
596491 
334347 
596493 
334349 
596495 
334351 
596497 
334353 
334355 
596500 
596501 
334357 
596502 
334359 
334361 
334363 
203291 
203293 
334365 
334367 
334369 
596514 
596515 
334371 
596517 
334373 
334375 
596520 
334377 
596523 
334379 
596524 
334381 
596526 
334383 
596527 
596528 
596529 
334385 
203314 
596530 
596531 
596551 
596552 
596555 
596558 
596561 
596564 
596567 
203351 
596570 
596573 
596575 
596576 
596577 
203369 
203371 
203388 
596609 
596610 
596611 
596612 
596613 
596614 
596620 
596623 
596624 
596627 
596628 
596629 
596630 
596631 
596632 
596633 
203417 
596634 
596645 
203431 
596648 
203433 
596658 
596661 
203446 
596670 
596673 
596681 
203467 
596684 
596691 
203477 
596694 
203479 
596700 
596703 
203488 
596708 
596711 
596715 
203501 
596718 
596721 
203507 
203509 
596729 
203514 
596732 
596735 
203519 
203521 
596738 
596741 
596744 
596747 
596750 
596753 
596756 
596765 
596779 
596780 
596786 
596787 
203575 
596798 
596799 
596804 
596805 
596807 
596808 
596809 
596811 
596813 
596814 
596815 
596816 
596817 
596828 
596829 
596830 
596831 
596832 
596833 
596835 
203626 
596853 
72566 
72576 
596868 
72588 
596880 
596883 
72602 
203677 
596894 
203680 
596897 
203681 
203683 
203685 
203687 
72617 
203689 
203691 
596907 
203693 
596910 
203695 
203697 
203699 
203702 
596919 
203704 
72634 
596922 
203706 
203708 
203710 
203712 
596930 
203714 
203716 
596933 
203718 
203720 
203722 
596940 
203724 
72653 
203726 
596943 
203728 
596949 
596952 
596957 
596960 
72674 
596964 
596967 
203754 
596970 
596979 
72697 
596986 
596991 
596992 
596993 
596994 
203779 
596997 
596998 
596999 
597000 
597003 
597006 
597007 
597008 
72722 
597010 
597011 
203795 
597013 
597014 
597015 
597016 
597017 
597018 
597022 
597023 
597024 
597026 
597028 
597030 
597032 
597034 
597036 
72749 
597038 
597041 
597042 
597043 
203829 
597055 
597056 
597058 
597061 
597064 
597065 
72778 
597067 
597068 
597069 
203854 
597070 
597071 
597072 
203870 
597092 
597093 
597095 
597098 
597101 
597104 
597107 
597110 
203895 
597113 
597115 
597116 
597117 
203923 
597155 
597156 
597157 
597158 
597159 
597160 
597166 
597170 
203954 
597171 
597172 
597173 
597175 
597176 
597177 
597178 
597179 
597180 
203970 
597190 
597193 
597202 
597205 
203995 
597213 
597216 
597223 
597226 
597232 
597235 
204023 
597240 
597243 
597247 
597253 
597258 
204054 
597271 
597278 
597284 
204070 
597289 
597292 
597295 
597298 
597301 
597304 
597307 
597310 
204095 
597313 
597319 
597325 
597326 
204121 
597339 
597340 
597345 
597346 
597350 
466278 
597352 
597357 
597358 
597360 
597362 
204146 
597363 
597364 
597365 
597366 
597367 
204160 
597378 
597379 
597380 
597381 
597382 
597385 
597386 
204177 
597408 
204195 
597420 
597423 
204208 
335280 
204218 
597434 
597437 
204227 
597447 
597450 
466378 
204235 
466380 
204241 
597459 
597462 
204247 
204251 
597470 
204255 
335328 
204257 
597473 
335329 
204259 
204260 
335334 
335335 
597480 
335337 
597483 
335340 
335343 
335345 
597489 
335346 
335347 
597492 
335352 
597497 
335354 
597500 
335356 
335358 
335360 
597504 
335361 
335362 
597507 
335363 
335364 
597510 
597519 
597526 
597531 
597532 
597533 
597534 
597537 
597538 
597539 
597540 
335398 
597543 
335399 
335400 
335401 
597546 
335403 
597547 
597548 
335406 
597550 
597551 
335409 
597553 
597554 
335410 
597555 
597556 
335412 
335413 
597557 
597558 
335414 
335415 
335416 
335417 
597562 
597563 
597564 
335420 
597566 
597568 
597570 
335427 
335428 
597572 
597574 
597576 
335433 
335434 
597579 
597580 
335436 
597581 
335439 
335442 
335444 
335445 
335446 
597593 
597594 
597596 
335455 
597599 
335457 
597602 
335459 
597603 
335461 
597605 
597606 
335463 
597607 
335464 
597608 
335465 
597609 
335466 
597610 
335467 
335477 
335478 
335479 
335480 
335481 
335482 
597628 
204412 
597629 
204413 
597632 
597635 
335494 
597638 
335495 
597641 
597644 
335501 
204429 
597647 
204432 
335505 
597650 
335506 
335507 
597652 
335508 
597653 
597654 
335510 
204440 
204441 
335513 
204442 
204443 
204444 
335516 
204446 
335518 
204448 
335520 
204449 
335522 
204451 
204452 
335525 
335526 
335527 
335528 
335529 
335530 
335531 
204460 
335532 
204462 
204463 
204464 
204465 
597684 
597685 
597686 
597687 
597688 
204473 
597689 
597695 
597698 
204482 
597699 
597702 
597703 
597704 
597705 
597706 
597707 
204491 
597708 
597709 
204500 
597718 
597721 
204509 
597729 
597732 
204518 
597739 
597742 
204527 
335601 
597748 
335605 
597751 
204536 
597756 
597759 
204545 
597763 
597766 
597769 
204554 
73483 
597774 
204563 
597784 
204572 
597797 
204581 
597798 
597801 
597802 
597803 
597804 
597810 
597816 
597817 
597833 
597836 
597839 
597842 
597845 
597848 
597851 
597854 
597863 
597877 
597878 
597884 
597885 
597896 
597897 
597902 
597903 
597905 
597906 
597907 
597909 
597911 
597912 
597913 
597914 
597915 
597926 
597927 
597928 
597929 
597930 
597931 
597933 
597956 
597957 
597958 
597959 
597962 
597973 
597976 
597986 
597989 
204782 
597998 
204785 
598001 
204787 
204789 
598009 
598012 
598019 
598022 
598028 
204814 
598031 
598036 
598039 
598043 
598046 
204833 
598049 
204835 
204837 
598058 
598065 
204853 
598070 
598071 
598072 
598073 
598076 
598077 
598078 
598079 
204865 
598082 
204867 
204869 
598085 
598086 
598087 
598089 
598090 
598092 
598093 
204878 
598094 
598095 
598096 
598097 
204882 
204883 
204885 
598101 
204886 
598102 
598103 
598105 
598107 
598109 
598111 
598113 
598116 
598117 
598118 
598130 
598131 
598133 
598136 
598139 
598140 
598142 
598143 
598144 
598145 
598146 
598147 
598165 
598166 
598168 
598171 
598174 
598177 
598180 
598183 
598186 
598188 
598189 
598190 
598226 
598227 
598228 
598229 
598230 
598231 
598237 
598241 
598242 
598243 
598244 
598246 
598247 
598248 
598249 
598250 
598251 
598259 
598262 
598269 
598272 
598278 
598281 
598286 
598289 
598293 
598299 
598304 
205090 
205092 
205094 
205096 
205099 
598316 
205101 
205103 
205105 
598323 
205107 
205110 
205111 
205112 
598329 
205113 
598330 
205114 
205115 
205116 
205117 
205118 
205119 
205120 
598336 
205121 
598337 
205122 
598338 
205123 
598339 
205124 
205125 
205126 
205127 
205128 
205129 
205130 
205131 
205132 
205133 
598350 
205134 
598351 
205135 
205136 
598352 
205137 
598353 
205138 
205139 
205140 
205141 
205142 
598359 
205143 
205144 
205145 
205146 
205147 
598364 
205148 
598365 
205149 
205150 
205151 
205152 
205153 
205154 
598371 
205155 
598372 
205156 
205157 
205158 
205159 
205160 
205161 
205162 
205163 
205164 
205165 
205166 
205167 
598384 
205168 
205169 
205170 
598387 
205171 
205172 
205173 
598390 
205174 
205175 
205176 
467320 
598393 
205177 
205178 
205179 
598396 
205180 
205181 
205182 
598399 
205183 
205184 
205185 
598402 
205186 
205187 
205188 
205189 
205190 
205191 
598408 
205192 
205193 
205194 
205195 
205196 
205197 
598414 
205198 
598415 
205199 
205200 
205201 
467345 
205202 
205203 
205204 
205205 
205206 
205207 
205208 
205209 
205210 
205211 
598428 
205212 
598429 
205213 
205214 
205215 
205216 
205217 
598434 
205218 
598435 
205219 
205220 
205221 
205222 
598439 
205223 
205224 
598441 
205225 
467369 
205226 
205227 
205228 
205229 
598446 
205230 
598447 
205231 
205232 
598449 
205233 
205234 
598451 
205235 
598452 
205236 
598453 
205237 
598454 
205238 
598455 
205239 
598456 
205240 
205241 
205242 
205243 
205244 
205245 
205246 
205247 
467392 
205248 
205249 
205250 
598467 
205251 
598468 
205252 
598469 
205253 
598470 
205254 
598471 
205255 
205256 
205257 
598474 
205258 
598475 
205259 
205260 
205261 
205262 
205263 
205264 
205265 
205266 
205267 
205268 
205269 
205270 
467414 
205271 
205272 
205273 
205274 
205275 
205276 
205277 
205278 
598494 
205279 
598495 
205280 
598496 
205281 
598497 
205282 
205283 
598499 
205284 
205285 
205286 
598502 
205287 
205288 
205289 
598506 
205290 
205291 
467435 
205292 
205293 
467437 
205294 
205295 
205296 
205297 
205298 
205299 
598516 
205300 
205301 
205302 
598519 
205303 
205304 
205305 
205306 
205307 
205308 
205309 
205310 
205311 
598528 
205312 
467457 
205313 
205314 
598531 
205315 
205316 
205317 
205318 
205321 
205323 
598539 
205325 
598542 
205327 
205329 
205331 
205333 
598549 
205335 
598552 
205337 
205339 
205341 
598558 
205343 
598561 
205345 
205347 
467492 
205349 
598566 
205350 
205352 
598569 
205354 
205356 
598573 
598576 
598579 
467509 
467511 
598588 
598595 
467527 
598600 
598601 
598602 
598603 
598606 
598607 
598608 
598609 
598612 
598615 
598616 
598617 
598619 
598620 
598622 
598623 
598624 
598625 
467554 
598626 
598627 
598631 
598632 
598633 
598635 
598637 
598639 
467567 
598641 
467569 
598644 
598645 
598646 
467581 
598658 
598659 
598661 
598664 
598667 
598668 
598670 
598671 
598672 
467600 
598673 
598674 
598675 
467609 
467611 
598691 
467619 
598692 
598695 
598698 
598701 
467630 
598704 
598707 
467635 
467637 
598710 
598713 
467641 
598715 
598716 
467644 
598717 
467645 
598745 
598746 
598747 
336603 
598748 
598749 
598750 
467679 
598756 
598759 
598760 
598763 
598764 
598765 
598766 
598767 
598768 
598769 
598770 
336628 
598777 
598780 
598786 
598789 
598794 
336652 
598797 
598801 
598804 
598807 
598812 
336675 
598822 
598833 
598834 
598837 
598838 
598839 
598840 
336697 
598846 
467774 
598847 
467775 
598849 
598852 
598857 
467786 
598861 
598862 
336718 
598863 
336720 
598869 
598875 
598876 
598881 
598882 
336740 
598887 
598888 
74603 
598910 
598913 
598916 
467846 
598919 
336775 
598922 
598925 
598934 
336792 
336794 
598948 
598949 
336810 
598955 
598956 
598967 
598968 
598973 
598974 
598976 
598977 
598978 
467907 
598980 
467908 
336837 
598982 
598983 
598984 
598985 
598986 
336850 
467923 
336852 
598997 
598998 
467926 
598999 
599000 
599001 
599002 
599004 
336864 
74727 
74728 
74729 
74730 
74731 
74732 
74733 
74735 
599024 
74737 
599025 
599026 
74739 
599027 
336883 
599028 
599029 
599031 
599033 
599036 
336892 
336894 
599045 
336902 
599048 
599056 
336913 
599059 
336918 
336920 
599066 
336924 
599069 
336927 
336928 
599075 
599078 
599083 
599086 
599090 
599093 
599096 
599105 
74819 
599112 
599117 
599118 
599119 
468047 
599120 
468048 
468049 
468050 
468051 
599123 
468052 
599124 
468053 
599125 
468054 
599126 
336982 
468055 
468056 
599129 
468057 
468058 
468059 
468060 
599132 
468061 
599133 
468062 
599134 
468063 
468064 
599136 
74849 
599137 
468065 
468066 
468067 
599139 
468068 
599140 
468069 
599141 
468070 
599142 
468071 
599143 
468072 
599144 
468073 
468074 
468075 
468076 
599148 
468077 
599149 
468078 
599150 
468079 
468080 
599152 
468081 
468082 
599154 
468083 
468084 
599156 
468085 
468086 
468087 
599159 
468088 
599160 
74873 
468089 
599161 
468090 
468091 
468092 
468093 
468094 
468095 
468096 
468097 
468098 
468099 
468100 
599173 
468101 
599174 
468102 
468103 
599176 
468104 
337033 
468105 
468106 
599179 
468107 
468108 
468109 
599182 
468110 
599183 
468111 
468112 
599185 
468113 
599186 
468114 
599187 
468115 
599188 
468116 
599189 
468117 
599190 
468118 
468119 
468120 
468121 
468122 
468123 
468124 
468125 
468126 
468127 
468128 
468129 
468130 
468131 
468132 
468133 
468134 
599206 
599207 
468135 
468136 
468137 
599209 
468138 
468139 
468140 
599212 
468141 
468142 
468143 
599215 
468144 
468145 
468146 
599218 
468147 
468148 
468149 
599221 
468150 
468151 
468152 
599224 
468153 
468154 
468155 
599227 
468156 
468157 
599229 
468158 
599230 
468159 
599231 
337088 
468160 
468161 
468162 
468163 
468164 
337092 
468165 
337093 
468166 
337094 
468167 
337095 
468168 
468169 
337097 
468170 
468171 
468172 
337100 
468173 
468174 
337103 
468175 
468176 
337105 
468177 
468178 
337107 
468179 
468180 
337109 
468181 
468182 
468183 
337112 
468184 
74969 
337113 
468185 
337114 
468186 
337115 
468187 
337116 
468188 
337117 
468189 
337118 
468190 
337119 
468191 
468192 
599265 
468193 
599266 
468194 
599267 
468195 
599268 
468197 
599269 
599270 
468199 
468201 
468203 
599276 
468205 
468207 
599280 
337136 
599281 
337137 
468209 
599282 
337138 
74994 
599283 
337139 
468211 
599285 
468213 
599286 
337142 
599287 
468215 
599288 
599289 
337145 
468217 
599290 
337147 
468219 
337149 
468221 
337150 
337151 
468223 
599296 
468225 
599299 
468227 
468229 
468231 
599304 
468233 
599307 
75019 
599311 
337171 
599317 
337173 
337175 
337177 
599322 
75035 
337179 
337180 
337181 
337182 
337183 
337189 
599334 
337193 
337194 
337195 
337196 
599341 
337198 
337201 
599347 
599348 
75060 
337204 
337206 
337208 
337210 
599354 
599355 
599356 
337213 
599357 
337214 
337215 
337216 
337217 
337218 
337219 
337220 
599367 
599368 
337225 
599369 
337226 
599370 
337227 
337228 
599375 
337231 
599376 
75088 
337232 
337233 
599378 
337234 
599380 
337237 
599383 
337240 
337241 
337242 
599386 
599387 
599388 
337244 
337245 
337247 
337248 
337249 
599394 
337250 
337251 
337252 
337253 
337254 
599399 
337255 
599400 
337256 
337257 
337258 
337259 
337260 
337261 
599406 
337262 
599407 
75119 
337263 
337264 
337265 
337266 
337267 
599412 
337268 
599413 
337269 
337270 
337271 
337272 
337273 
599418 
337274 
599419 
337275 
337276 
337277 
337278 
75135 
337279 
599423 
337280 
337281 
599425 
337282 
337283 
337284 
337285 
337286 
337287 
337288 
337289 
337290 
337291 
337292 
599437 
337293 
337294 
337295 
599440 
337296 
337297 
337298 
599443 
337299 
337300 
337301 
599446 
337302 
337303 
75160 
337304 
599449 
337305 
337306 
337307 
337308 
337309 
337310 
599455 
337311 
337312 
337313 
337314 
337315 
337316 
599461 
337317 
599462 
337318 
337319 
337320 
337321 
337322 
206251 
337323 
337324 
337325 
337326 
337327 
337328 
337329 
337330 
599475 
337331 
599476 
75188 
337332 
337333 
337334 
337335 
337336 
599481 
337337 
599482 
337338 
337339 
337340 
337341 
599486 
337342 
337343 
599488 
337344 
337345 
337346 
337347 
337348 
599493 
337349 
599494 
337350 
337351 
599496 
337352 
337353 
599498 
337354 
599499 
337355 
599500 
337356 
599501 
337357 
599502 
337358 
599503 
337359 
337360 
337361 
337362 
75219 
337363 
337364 
337365 
337366 
337367 
337368 
337369 
599514 
337370 
599515 
337371 
599516 
337372 
206300 
599517 
337373 
599518 
337374 
206302 
337375 
337376 
206304 
599521 
337377 
599522 
337378 
206306 
75235 
337379 
337380 
206308 
337381 
206310 
337382 
337383 
206312 
337384 
337385 
337386 
206315 
337387 
337388 
206317 
337389 
337390 
206319 
337391 
337392 
206321 
337393 
337394 
599539 
206323 
337395 
599540 
337396 
206325 
599541 
337397 
599542 
337398 
599543 
206327 
337399 
337400 
599545 
206329 
337401 
337402 
599547 
206331 
75260 
337404 
599548 
206333 
337406 
599551 
206335 
337408 
206337 
337410 
206339 
337412 
206341 
337414 
206343 
599559 
337416 
206344 
599562 
206346 
337418 
206348 
337420 
206350 
337422 
337424 
599569 
337426 
599572 
337428 
337430 
75288 
337432 
337434 
599578 
337436 
599581 
337438 
337440 
599586 
599589 
599593 
599596 
599599 
75319 
599608 
599615 
599620 
599621 
599622 
599623 
75335 
599626 
599627 
599628 
599629 
599632 
599635 
599636 
599637 
599639 
599640 
599642 
599643 
599644 
599645 
599646 
599647 
75360 
599651 
599652 
599653 
599655 
599657 
599660 
599661 
599662 
599674 
599675 
75388 
599677 
599680 
599683 
599684 
599686 
599687 
599688 
599689 
599690 
599691 
599705 
599706 
75419 
599709 
599712 
599715 
599718 
599721 
75435 
599724 
599727 
599729 
599730 
599731 
75460 
599757 
599758 
599759 
599760 
599761 
599762 
599768 
599771 
599772 
599775 
599776 
75488 
599777 
599778 
599779 
599780 
599781 
599782 
75496 
75498 
599787 
75500 
599790 
75502 
75504 
599794 
75506 
75508 
599797 
75510 
599800 
75513 
75515 
599805 
75517 
75519 
75521 
75523 
75525 
599815 
75527 
75529 
75531 
75533 
75535 
75537 
599826 
599827 
75539 
75541 
599830 
75542 
75543 
599831 
75544 
599832 
75545 
599833 
75546 
75547 
75548 
75549 
75550 
599839 
75551 
599840 
75552 
75553 
599842 
75554 
75555 
75556 
599845 
75557 
75558 
75559 
75560 
75561 
75562 
599850 
75563 
75564 
75565 
75566 
599854 
599855 
75567 
599856 
75568 
75569 
75570 
75571 
75572 
599861 
75573 
599862 
75574 
599863 
75575 
75576 
599864 
75577 
75578 
599866 
75579 
75580 
599868 
599869 
75581 
599870 
75582 
75583 
75584 
75585 
75586 
75587 
599876 
75588 
75589 
75590 
75591 
75592 
75593 
599882 
75594 
599883 
75595 
75596 
75597 
75598 
75599 
599888 
75600 
599889 
75601 
75602 
75603 
75604 
75605 
599894 
75606 
599895 
75607 
75608 
75609 
75610 
75611 
599900 
75612 
599901 
75613 
75614 
599903 
75615 
75616 
599905 
75617 
599906 
75618 
599907 
75619 
75620 
599909 
75621 
75622 
599910 
599911 
75623 
75624 
75625 
75626 
75627 
75628 
75629 
75630 
75631 
75632 
75633 
75634 
75635 
75636 
75637 
75638 
75639 
75640 
75641 
75642 
75643 
75644 
599933 
75645 
75646 
75647 
599936 
75648 
75649 
75650 
599939 
75651 
75652 
75653 
599942 
75654 
75655 
75656 
75657 
75658 
75659 
75660 
75661 
75662 
599951 
75663 
75664 
75665 
75666 
75667 
75668 
75669 
75670 
75671 
75672 
75673 
75674 
75675 
75676 
599965 
75677 
599966 
75678 
75679 
75680 
75681 
75682 
75683 
599972 
75684 
599973 
75685 
75686 
75687 
75688 
75689 
75690 
75691 
75692 
75693 
75694 
75695 
599984 
75696 
599985 
75697 
75698 
75699 
75700 
75701 
599990 
75702 
599991 
75703 
75704 
599993 
75705 
599994 
599995 
599997 
599999 
600000 
600001 
600002 
600003 
600014 
600015 
600016 
600017 
600018 
600019 
600021 
600039 
600040 
600041 
600042 
600043 
600044 
600046 
600049 
600056 
600059 
600065 
600068 
600073 
600076 
600080 
600083 
600086 
600095 
600102 
600107 
600108 
600109 
600110 
600113 
600114 
600115 
600116 
600119 
600122 
600123 
600124 
600126 
600127 
600129 
600130 
600131 
600132 
600133 
600134 
600138 
600139 
600140 
600142 
600145 
600146 
600147 
469083 
600159 
600160 
600162 
600165 
600168 
600169 
600171 
600172 
600173 
600174 
600175 
600176 
600190 
600191 
600193 
600196 
600199 
600202 
600205 
600208 
600211 
600213 
600214 
600215 
600247 
600248 
469176 
600249 
600250 
469178 
600251 
600252 
600258 
600262 
600263 
600264 
600265 
600267 
600268 
600269 
600270 
600271 
600272 
600276 
600282 
600287 
600299 
600306 
600312 
600313 
600319 
600320 
600321 
600322 
600332 
600333 
600334 
600335 
600340 
600341 
600343 
600345 
600348 
600351 
600352 
600353 
600355 
600357 
600358 
600359 
600360 
600361 
207147 
207150 
600367 
207153 
600372 
207156 
600373 
207159 
207162 
600379 
600380 
207165 
207168 
600385 
600386 
207171 
207174 
600391 
600392 
207177 
600394 
207180 
600396 
600397 
600398 
207183 
600399 
600400 
600401 
600405 
207190 
207191 
600407 
207192 
207193 
207195 
207198 
600419 
600422 
600425 
600431 
600437 
207221 
600438 
207223 
207225 
600451 
600452 
600457 
600458 
600462 
600464 
600469 
600470 
600472 
600474 
600475 
600476 
600477 
600478 
600479 
338335 
600490 
600491 
600492 
600493 
600494 
600497 
600498 
600513 
600514 
600515 
600516 
600517 
600519 
600521 
600524 
338384 
600530 
338387 
600533 
338390 
338392 
338393 
600538 
338394 
338396 
600541 
338398 
338400 
600545 
338402 
338403 
600548 
338404 
338405 
338406 
600551 
600560 
600567 
600572 
600573 
600574 
600575 
600578 
600579 
600580 
600581 
600584 
600587 
338443 
338444 
600588 
338445 
600589 
338446 
600591 
600592 
338448 
600594 
600595 
338451 
600596 
600597 
338454 
600598 
600599 
338455 
338457 
338458 
600603 
338459 
338460 
600604 
600605 
338461 
338462 
338463 
338464 
600608 
600609 
600610 
338469 
338470 
338472 
338475 
338478 
600622 
600623 
338480 
338481 
600625 
338482 
600628 
600631 
600632 
600634 
600635 
600636 
600637 
338494 
600638 
600639 
338496 
338498 
338500 
338502 
338503 
338504 
338505 
338506 
600651 
600652 
600655 
600658 
600661 
338517 
338518 
338519 
600664 
338520 
338521 
338522 
600667 
600670 
338527 
338528 
600673 
338529 
338530 
600675 
600676 
600677 
338535 
338539 
338542 
338544 
338545 
338547 
207477 
338549 
338551 
207479 
207480 
338553 
207482 
338554 
338555 
338556 
338557 
600701 
600702 
338558 
338559 
600703 
600704 
600705 
600706 
600712 
600715 
600716 
600719 
600720 
600721 
600722 
600723 
207507 
600724 
76437 
600725 
600726 
207510 
600729 
600734 
76447 
600744 
76459 
207535 
207538 
600755 
600756 
207540 
600759 
600760 
76473 
600761 
600762 
600768 
600769 
600771 
338628 
207558 
600774 
76488 
338632 
600779 
600783 
600784 
600785 
600790 
600791 
207575 
600792 
76505 
600793 
207578 
600795 
207580 
600797 
600798 
600799 
600800 
600801 
600807 
207592 
76524 
600813 
600814 
207599 
207602 
600819 
600820 
207604 
207608 
600825 
207609 
600826 
600831 
600832 
76545 
600834 
600836 
600837 
600838 
600839 
600840 
600842 
600843 
600844 
76568 
600866 
600869 
600878 
76593 
600892 
600893 
600899 
600900 
207691 
76620 
600911 
207695 
600912 
600917 
600918 
600920 
600921 
600922 
600924 
600926 
600927 
600928 
600929 
600930 
76649 
600941 
600942 
600943 
600944 
600945 
600946 
600948 
600964 
600965 
600966 
600967 
600968 
600969 
600971 
600974 
600979 
600982 
600986 
600989 
600992 
601001 
601008 
601013 
601014 
601015 
601016 
601019 
601020 
601021 
601022 
601025 
601028 
601029 
601030 
601032 
601033 
601035 
601036 
601037 
601038 
601039 
601040 
601045 
601046 
601047 
601048 
601049 
601061 
601062 
601064 
601067 
601070 
601071 
601073 
601074 
601075 
601076 
601077 
601078 
601090 
601091 
601093 
601096 
601099 
601102 
601105 
601108 
601111 
601113 
601114 
601115 
601145 
601146 
601147 
601148 
601149 
601150 
601164 
601168 
601169 
601170 
601171 
601173 
470101 
601174 
601175 
601176 
601177 
601178 
601185 
601191 
601192 
601198 
470126 
601199 
601200 
601201 
601211 
601212 
601213 
601214 
601219 
601220 
470150 
601222 
601224 
601227 
601230 
601231 
601232 
601234 
601236 
601237 
601238 
601239 
601240 
470173 
601246 
470175 
601251 
601252 
601258 
601259 
601264 
601265 
601270 
601271 
601273 
601275 
601276 
601277 
601278 
601279 
601280 
601284 
601286 
470216 
601298 
601304 
470236 
601310 
470238 
601311 
601324 
601325 
470257 
601330 
601331 
601335 
601337 
601342 
601343 
601345 
601347 
601348 
601349 
601350 
601351 
601352 
470290 
601363 
601364 
601365 
601366 
601367 
601370 
601371 
470306 
470308 
601384 
601385 
601386 
601387 
601388 
601390 
601392 
601395 
470323 
601399 
601402 
601405 
601414 
470348 
601421 
601426 
601427 
601428 
601429 
470360 
601432 
601433 
470362 
601434 
601435 
601438 
601441 
601442 
601443 
470373 
601445 
601446 
601448 
601449 
601450 
601451 
601452 
601453 
601455 
601456 
601457 
601458 
470390 
470398 
470400 
601474 
601475 
601477 
470407 
601480 
601483 
601484 
601486 
601487 
601488 
470416 
601489 
601490 
601491 
470420 
470422 
601496 
601497 
470425 
470426 
601500 
601503 
601506 
601509 
601512 
601515 
601518 
601520 
601521 
601522 
470458 
601547 
601548 
601549 
601550 
601551 
601552 
601566 
601567 
601568 
601569 
601572 
601573 
601574 
601575 
601576 
601577 
601578 
601579 
601582 
601583 
601584 
601585 
601591 
601592 
601594 
601597 
601602 
601606 
601607 
601608 
601613 
601614 
601615 
601616 
601618 
601620 
601621 
601622 
601623 
601624 
601630 
470563 
601636 
470564 
601637 
601642 
601643 
470574 
601648 
601649 
470577 
601654 
601655 
601657 
601659 
601660 
601661 
601662 
601663 
601665 
601666 
601667 
77380 
601695 
601709 
601710 
601716 
601717 
601728 
601729 
470660 
601734 
601735 
601737 
601738 
601739 
77452 
601741 
601743 
601744 
601745 
601746 
601747 
601758 
601759 
601760 
601761 
601762 
601763 
601765 
339630 
601779 
601780 
601781 
601782 
601783 
601784 
601786 
601789 
601792 
470722 
470723 
339655 
601801 
601808 
470740 
601813 
601814 
601815 
470743 
601816 
601819 
601820 
601821 
601822 
339679 
601825 
601828 
601829 
601830 
601832 
601833 
601835 
601836 
601837 
601838 
601839 
601840 
601841 
339702 
339704 
601853 
601854 
601855 
601857 
601860 
601863 
601864 
601866 
601867 
601868 
601869 
601870 
601871 
601873 
601876 
601879 
601882 
601885 
601888 
339745 
601891 
601893 
601894 
601895 
339765 
208693 
339767 
601912 
601913 
601914 
601915 
601916 
601917 
601929 
601930 
339786 
601931 
601932 
601933 
208718 
601935 
601936 
601937 
601938 
601939 
601940 
601941 
601942 
601947 
601948 
601950 
601952 
601955 
208742 
601958 
601959 
601960 
601962 
339819 
601964 
601965 
601966 
601967 
470895 
470896 
601968 
470897 
470898 
470899 
470900 
470901 
470902 
470903 
470904 
601977 
470905 
470906 
470907 
339835 
470908 
470909 
208765 
339837 
601982 
470910 
601983 
470911 
470912 
470913 
470914 
470915 
470916 
601989 
470917 
601990 
470918 
470919 
470920 
470921 
470922 
601995 
470923 
601996 
470924 
339852 
470925 
470926 
470927 
470928 
602001 
470929 
602002 
470930 
470931 
208787 
470932 
602004 
470933 
470934 
602006 
602007 
470935 
602008 
470936 
470937 
602009 
470938 
602010 
470939 
602011 
470940 
470941 
470942 
470943 
602015 
470944 
470945 
602017 
470946 
470947 
470948 
339877 
470949 
470950 
470951 
208808 
470952 
470953 
208810 
470954 
470955 
470956 
470957 
470958 
470959 
470960 
602033 
339889 
470961 
602034 
470962 
339891 
470963 
470964 
470965 
470966 
470967 
470968 
470969 
470970 
470971 
470972 
470973 
470974 
339902 
208830 
602047 
470975 
602048 
470976 
470977 
470978 
470979 
470980 
602053 
470981 
602054 
470982 
470983 
470984 
470985 
602058 
470986 
470987 
602060 
470988 
470989 
470990 
470991 
339919 
470992 
602065 
470993 
602066 
470994 
470995 
602068 
470996 
470997 
602070 
470998 
602071 
470999 
339927 
602072 
471000 
602073 
471001 
339929 
602074 
471002 
602075 
471003 
471004 
471005 
471006 
471007 
471008 
339936 
471009 
208865 
471010 
471011 
471012 
471013 
602086 
471014 
602087 
471015 
602088 
471016 
602089 
471017 
339945 
602090 
471018 
471019 
471020 
602093 
471021 
339949 
602094 
471022 
339951 
471023 
471024 
471025 
339954 
208882 
471026 
339955 
471027 
208884 
471028 
471029 
471030 
471031 
471032 
471033 
471034 
471035 
602108 
471036 
602109 
471037 
602110 
471038 
602111 
471039 
602112 
471040 
471041 
602114 
471042 
471043 
208900 
602116 
471045 
471047 
471049 
471051 
602125 
471053 
471055 
471057 
471059 
602132 
471061 
471063 
602137 
471065 
602138 
602139 
471067 
602140 
471069 
602143 
208927 
471071 
602144 
471073 
602145 
602146 
471075 
602149 
471077 
471079 
602152 
471081 
602153 
340009 
602154 
602156 
208940 
602157 
208942 
602159 
602160 
602161 
602162 
602163 
602164 
602169 
208954 
602174 
602177 
602180 
602183 
602184 
602186 
602187 
602188 
602189 
208973 
602190 
602191 
602193 
602196 
208982 
602199 
208984 
602202 
340060 
602205 
602207 
602208 
208992 
602209 
602217 
602219 
209003 
602221 
602224 
209008 
209010 
602229 
209014 
209017 
602234 
209018 
602236 
602237 
602238 
602239 
602240 
602241 
602242 
602243 
602244 
602245 
602250 
602251 
602252 
602253 
602255 
340113 
602257 
602258 
602259 
340116 
602260 
602261 
340118 
340119 
340121 
340123 
340125 
340127 
340128 
340129 
602274 
340130 
602275 
340131 
602276 
340132 
602277 
340133 
602282 
602283 
602288 
340144 
209072 
602289 
340145 
340146 
340147 
602294 
340150 
602295 
340153 
602297 
340155 
602299 
602300 
602301 
340157 
340158 
602302 
340159 
602303 
602305 
602306 
602307 
340167 
340168 
340169 
340170 
602322 
602323 
340180 
340182 
340184 
340186 
340188 
340189 
602334 
340190 
602335 
340191 
340192 
209123 
602340 
340196 
602341 
602343 
340199 
602344 
602345 
340201 
340202 
602347 
340204 
602349 
602350 
340206 
602351 
602352 
340208 
602353 
340210 
340211 
340212 
340213 
340214 
340215 
340216 
340219 
340222 
340223 
340224 
602369 
602370 
340226 
340227 
602371 
602372 
602373 
340229 
602374 
340230 
340231 
340232 
602376 
340233 
340234 
340235 
340236 
340237 
340238 
340239 
340240 
340241 
340242 
340243 
340244 
340245 
340246 
209174 
340247 
602391 
209175 
340248 
602392 
340249 
602393 
209177 
340250 
602394 
340251 
209179 
602395 
340252 
602396 
340253 
209181 
340254 
602398 
340255 
209183 
340256 
340257 
209185 
340258 
340259 
602403 
209187 
602404 
340260 
340261 
602405 
209189 
602406 
340262 
340263 
209191 
340264 
340265 
209193 
602409 
340266 
602410 
340267 
602411 
340268 
602412 
209196 
340269 
340270 
209198 
340271 
602415 
340272 
209200 
340273 
340274 
602418 
209202 
340275 
602419 
340276 
602420 
209204 
340277 
340278 
602422 
209206 
340279 
602423 
340280 
209208 
340281 
602425 
340282 
602426 
209210 
340283 
602427 
340284 
602428 
209212 
340285 
602429 
602430 
209214 
340286 
340287 
209216 
340288 
340289 
209218 
340290 
602435 
340291 
209220 
340292 
602437 
340293 
209222 
340294 
602439 
340295 
209224 
340296 
209225 
340297 
340298 
602443 
340299 
602444 
340300 
340301 
602446 
340302 
340303 
340304 
602449 
340305 
340306 
602451 
340307 
602452 
340308 
602453 
340309 
602454 
340310 
340311 
602456 
340312 
340313 
340314 
340315 
602459 
340316 
340317 
340318 
602462 
340319 
340320 
602464 
602465 
340321 
209250 
340322 
602466 
340323 
340324 
340325 
340326 
340327 
602471 
340328 
340329 
340330 
602474 
340331 
340332 
340333 
602477 
340334 
340335 
340336 
340337 
602481 
209266 
340338 
340339 
340340 
340341 
602485 
602486 
340342 
602487 
340343 
602488 
340344 
602489 
340345 
602490 
340346 
602491 
340347 
602492 
340348 
602493 
340349 
602494 
340350 
340351 
340352 
602496 
340353 
340354 
602498 
602499 
340355 
602500 
340356 
340357 
602501 
340358 
602502 
340359 
340360 
340361 
340362 
209291 
340363 
340364 
340365 
340366 
340367 
340368 
340369 
340370 
340371 
340372 
340373 
602518 
340374 
602519 
340375 
602520 
340376 
602521 
340377 
602522 
340378 
340379 
340380 
340381 
340382 
602527 
340383 
602528 
340384 
340386 
340388 
602533 
602534 
340390 
340392 
602536 
340394 
602538 
602539 
602540 
340396 
209325 
602541 
340398 
602542 
602543 
340400 
340402 
602547 
340404 
340406 
602550 
340408 
340410 
602556 
340412 
602557 
340414 
340416 
602561 
340418 
602563 
340420 
209350 
340422 
602568 
602569 
602571 
602573 
602574 
602575 
602576 
602577 
602578 
209366 
602590 
602591 
602592 
602593 
602594 
602597 
602598 
209391 
602607 
602608 
602609 
602610 
602612 
602614 
602616 
602619 
602622 
602623 
602624 
602626 
602627 
602629 
602630 
602631 
602632 
602633 
602634 
209419 
602638 
602639 
602641 
602643 
602645 
602648 
602649 
602651 
602654 
602657 
602659 
602660 
602661 
602664 
209450 
602667 
602670 
602673 
602675 
602676 
602677 
602678 
602679 
602680 
602681 
602682 
209466 
602683 
602684 
602685 
602701 
602702 
602703 
602704 
602705 
602706 
209491 
602711 
602712 
602714 
602716 
602717 
602718 
602719 
602720 
602722 
602723 
602724 
602729 
602730 
602732 
602733 
602734 
209519 
602736 
602738 
602739 
602740 
602741 
602742 
602750 
602753 
602756 
602759 
602761 
602764 
209550 
602766 
602768 
602771 
602774 
602776 
602777 
602779 
602780 
602781 
209566 
602782 
602783 
602784 
602787 
602788 
602790 
602792 
602794 
602798 
602799 
602801 
602802 
602803 
209589 
602805 
602808 
602809 
602811 
602812 
602813 
78525 
602814 
602815 
602816 
78529 
209613 
602832 
602833 
602834 
602835 
602836 
602837 
602838 
602840 
602842 
602843 
602844 
602845 
602846 
602847 
602849 
209634 
602851 
602852 
602853 
602854 
602855 
602856 
209646 
602863 
602866 
602868 
602870 
602871 
602873 
602874 
602875 
209661 
602877 
602880 
602883 
602884 
602885 
602886 
602887 
602888 
602890 
602891 
209676 
602893 
602895 
602897 
602899 
602900 
602901 
209686 
602902 
602904 
602905 
602906 
602907 
602908 
209694 
602910 
209701 
602917 
602921 
602923 
209707 
602924 
602925 
602926 
602927 
602928 
209712 
602929 
602930 
602931 
209716 
602932 
602933 
602934 
209719 
602935 
209721 
209722 
209723 
78652 
78653 
602941 
78654 
78655 
78656 
602944 
78657 
78658 
602946 
78659 
602947 
602948 
78661 
602949 
602950 
78663 
602951 
602952 
78665 
602954 
602957 
602959 
602961 
602962 
602964 
602965 
602966 
602968 
602969 
602970 
602971 
602972 
602974 
602977 
602978 
602979 
602980 
602981 
602982 
602983 
602984 
602985 
602991 
602993 
471921 
602995 
602996 
602997 
602998 
603000 
603003 
603005 
603006 
603007 
603008 
603009 
603010 
603011 
603012 
603013 
603014 
603015 
603016 
603019 
603022 
603024 
603025 
603026 
603027 
603029 
603030 
603031 
603032 
78745 
603033 
603034 
603035 
603036 
603038 
603039 
603041 
603043 
603044 
603045 
603046 
603047 
603049 
603050 
603051 
603052 
78765 
603053 
603054 
603055 
472010 
472012 
78798 
209880 
209881 
209897 
209900 
209908 
209909 
209910 
209911 
209912 
209914 
209916 
209917 
209919 
209920 
209928 
209930 
209931 
209932 
209933 
209941 
209950 
209959 
78895 
209968 
209977 
78911 
209986 
209995 
210004 
210013 
78945 
210022 
210031 
210040 
78970 
210049 
78986 
210058 
79011 
210090 
210099 
210101 
210102 
210105 
79039 
79070 
79086 
79111 
79139 
210222 
210224 
210226 
210227 
79170 
341317 
210257 
79186 
210259 
210282 
79211 
210284 
210286 
341366 
341368 
341369 
341370 
341372 
341374 
341375 
341376 
341377 
341378 
210307 
79239 
210324 
210326 
210328 
341409 
341410 
341411 
341412 
210341 
79270 
341414 
341417 
341420 
341421 
210351 
341423 
341424 
210353 
341425 
341426 
210355 
341427 
341428 
79286 
341430 
210361 
341433 
210363 
210364 
341436 
341438 
341439 
341440 
210368 
210378 
341451 
210380 
210381 
341454 
79311 
210383 
341456 
341458 
341460 
341461 
341462 
341463 
341464 
341470 
341471 
341472 
341473 
210402 
341474 
341475 
210405 
341477 
210406 
341480 
79339 
341483 
341485 
341487 
341489 
341492 
341493 
341494 
341495 
341496 
341497 
341498 
341499 
79370 
79386 
79411 
341568 
341572 
79439 
79447 
79449 
79451 
79453 
79455 
79457 
79459 
79461 
79464 
79466 
79468 
79470 
79472 
79474 
79476 
79478 
79480 
79482 
79484 
79486 
79488 
79490 
79492 
79493 
79494 
79495 
79496 
210568 
79497 
79498 
210570 
79499 
79500 
210572 
79501 
79502 
210574 
79503 
79504 
79505 
210577 
79506 
79507 
210579 
79508 
79509 
210581 
79510 
79511 
210583 
79512 
79513 
210585 
79514 
79515 
79516 
210588 
79517 
210589 
210590 
79518 
79519 
210591 
210592 
79520 
79521 
210593 
210594 
79522 
210595 
79523 
210596 
79524 
79525 
210597 
210598 
79526 
210599 
79527 
210600 
79528 
79529 
210601 
210602 
79530 
210603 
79531 
210604 
79532 
79533 
210605 
210606 
79534 
210607 
79535 
210608 
79536 
79537 
210609 
210610 
79538 
210611 
79539 
210612 
79540 
210613 
79541 
210614 
79542 
210615 
79543 
210616 
79544 
79545 
210617 
210618 
79546 
79547 
210619 
210620 
79548 
79549 
210621 
79550 
210622 
79551 
210623 
210624 
79552 
79553 
210625 
79554 
210626 
210627 
79555 
79556 
210628 
210629 
79557 
79558 
210630 
210631 
79559 
79560 
210632 
210633 
79561 
79562 
210634 
210635 
79563 
79564 
210636 
210637 
79565 
79566 
210638 
210639 
79567 
79568 
210640 
210641 
79569 
79570 
210642 
210643 
79571 
79572 
210644 
210645 
79573 
79574 
210646 
210647 
79575 
79576 
210648 
210649 
79577 
79578 
210650 
210651 
79579 
79580 
210652 
210653 
79581 
79582 
210654 
210655 
79583 
79584 
210656 
210657 
79585 
79586 
210658 
210659 
79587 
210660 
79588 
210661 
79589 
210662 
79590 
79591 
210663 
79592 
210664 
210665 
79593 
79594 
210666 
210667 
79595 
210668 
79596 
79597 
210669 
79598 
210670 
210671 
79599 
210672 
79600 
210673 
79601 
210674 
79602 
210675 
79603 
210676 
79604 
210677 
79605 
79606 
210678 
210679 
79607 
210680 
79608 
210681 
79609 
79610 
210682 
210683 
79611 
210684 
79612 
210685 
79613 
210686 
79614 
79615 
210687 
210688 
79616 
210689 
79617 
210690 
79618 
79619 
210691 
210692 
79620 
210693 
79621 
210694 
79622 
79623 
210695 
210696 
79624 
210697 
79625 
210698 
79626 
79627 
210699 
210700 
79628 
210701 
79629 
210702 
79630 
79631 
210703 
210704 
79632 
210705 
79633 
79634 
210706 
79635 
210707 
210708 
79636 
210709 
79637 
79638 
210710 
210711 
79639 
79640 
210712 
210713 
79641 
79642 
210714 
210715 
79643 
79644 
210716 
210717 
79645 
79646 
210718 
210719 
79647 
79648 
210720 
210721 
79649 
79650 
210722 
210723 
79651 
79652 
210724 
210725 
79653 
79654 
210726 
210727 
79655 
79656 
210728 
210729 
210730 
210731 
210732 
210733 
210734 
210735 
210736 
210737 
210738 
210739 
210740 
210741 
210742 
210743 
210744 
210745 
210746 
210747 
210748 
210749 
210750 
210751 
210752 
210753 
210754 
210755 
210756 
210757 
210758 
210759 
210760 
210761 
210762 
210763 
210764 
210765 
210766 
210767 
210768 
210769 
210770 
210771 
210772 
472917 
210773 
210774 
210775 
210776 
210777 
210778 
210779 
210780 
210781 
210782 
210783 
210784 
210785 
210786 
210787 
210788 
210789 
210790 
210791 
210792 
210793 
210794 
210797 
472942 
210799 
210801 
210803 
210805 
210807 
210809 
210811 
210813 
210815 
210817 
210819 
210821 
472966 
210823 
210825 
210826 
210828 
210830 
210832 
472989 
472991 
473013 
473052 
473071 
473073 
473091 
473122 
473137 
473139 
473153 
473176 
473187 
473189 
473199 
473214 
473221 
473223 
473229 
473236 
473239 
473241 
473242 
473270 
473382 
473383 
473397 
473400 
473502 
473567 
473568 
473569 
473586 
473589 
473608 
80408 
80418 
342570 
80430 
80444 
342595 
80459 
342619 
80476 
80495 
342642 
342644 
80516 
342666 
80539 
473774 
473775 
473776 
473777 
342705 
473778 
473779 
80564 
473780 
473781 
473782 
473783 
473784 
473785 
473786 
473787 
473788 
473789 
473790 
473791 
473792 
473793 
473794 
473795 
473796 
342724 
473797 
473798 
342726 
473799 
473800 
473801 
473802 
473803 
473804 
473805 
473806 
80591 
473807 
473808 
473809 
473810 
473811 
473812 
473813 
473814 
473815 
473816 
342744 
473817 
473818 
473819 
473820 
473821 
473822 
473823 
473824 
473825 
473826 
473827 
473828 
473829 
473830 
473831 
473832 
473833 
473834 
473835 
80620 
473836 
473837 
473838 
473839 
473840 
473841 
473842 
473843 
473844 
473845 
473846 
342775 
473847 
473848 
473849 
473850 
473851 
473852 
473853 
473854 
473855 
473856 
473857 
473858 
473859 
473860 
473861 
473862 
342790 
473863 
473864 
342792 
473865 
473866 
473867 
473868 
473869 
473870 
473871 
211727 
473872 
473873 
473874 
473875 
473876 
473877 
473878 
342806 
473879 
473880 
473881 
473882 
473883 
473884 
473885 
473886 
473887 
473888 
473889 
473890 
473891 
473892 
473893 
473894 
473895 
473896 
473897 
473898 
473899 
473900 
342829 
473901 
473902 
473903 
473904 
473905 
473906 
473907 
473908 
473909 
473910 
473911 
342840 
473912 
473913 
342842 
473914 
473915 
473916 
473917 
473918 
473919 
211776 
473920 
473921 
211778 
473923 
342852 
211780 
473925 
211782 
473927 
211784 
473929 
211786 
473931 
211788 
473933 
473935 
211791 
211793 
473937 
342867 
211795 
473939 
473941 
211797 
473943 
211799 
211801 
473945 
342874 
211803 
473947 
342876 
211805 
473949 
473951 
211807 
211809 
473953 
342882 
211811 
473955 
473957 
211813 
211815 
473959 
342889 
211817 
211819 
342892 
211820 
342894 
211822 
342895 
211824 
211826 
342949 
343000 
343051 
343053 
343056 
343057 
343058 
343059 
343060 
343061 
343062 
343063 
343069 
343072 
343075 
343078 
343080 
343082 
343083 
343084 
343085 
343087 
343090 
343093 
343098 
343100 
343102 
343104 
343106 
343108 
343109 
343110 
343111 
343112 
343114 
343116 
343119 
343120 
343121 
343122 
343123 
343124 
343125 
343126 
343128 
343129 
343131 
343132 
343133 
343134 
343135 
343136 
343137 
343138 
343139 
343140 
343141 
343142 
343143 
343144 
343145 
343146 
343147 
343148 
343149 
343150 
343151 
343152 
343153 
343154 
343155 
343156 
343157 
343158 
343159 
343160 
343161 
343162 
343163 
343164 
343165 
343166 
343167 
343168 
343169 
343170 
343171 
343172 
343173 
343174 
343175 
343176 
343177 
343178 
343179 
343180 
343181 
343182 
343183 
343184 
343185 
343186 
343187 
343188 
343189 
343190 
343191 
343192 
343193 
343194 
343195 
343196 
343197 
343198 
343199 
343200 
343201 
343202 
343203 
343204 
343205 
343206 
343207 
343208 
343209 
343210 
343211 
343212 
343213 
343214 
343215 
343216 
343217 
343218 
343219 
343220 
343221 
343222 
343223 
343224 
343225 
343226 
343227 
343228 
343229 
343230 
343231 
343232 
343233 
343234 
343235 
343236 
343237 
343238 
343239 
343240 
343241 
343242 
343243 
343244 
343245 
343246 
343247 
343248 
343249 
343250 
343251 
343252 
343253 
343254 
343255 
343256 
343257 
343258 
343259 
343260 
343261 
343262 
343263 
343264 
343265 
343266 
343267 
343268 
343269 
343270 
343271 
343272 
343273 
343274 
343275 
343276 
343277 
343278 
343279 
343280 
343281 
343282 
343283 
343284 
343285 
343286 
343288 
343290 
343292 
343294 
343296 
343298 
343300 
343302 
343304 
343306 
343308 
343310 
343312 
343314 
343316 
343318 
343320 
343322 
343324 
212436 
212438 
212439 
212442 
81377 
81446 
81450 
212591 
212594 
212597 
212600 
212603 
212606 
212609 
212612 
212615 
212618 
212621 
212624 
212627 
212630 
212637 
212638 
474782 
212639 
212640 
212642 
212644 
212668 
212670 
212672 
474866 
474868 
212971 
212973 
212975 
212977 
212999 
213022 
213025 
213027 
213043 
213056 
213059 
213061 
213070 
213074 
213077 
213079 
213080 
344219 
213162 
213166 
344267 
344268 
344269 
344270 
344271 
344272 
344294 
344298 
344303 
344306 
344309 
344310 
344312 
344313 
344314 
344315 
344316 
344317 
344319 
344321 
344322 
344323 
344330 
344333 
344335 
344337 
344340 
344342 
344343 
344344 
344345 
344346 
344347 
344349 
344350 
344351 
344353 
344355 
344357 
344359 
344360 
344361 
344362 
344363 
344364 
344365 
344434 
344438 
82448 
475758 
82549 
82553 
475783 
475807 
475830 
475852 
475854 
475875 
82675 
82676 
82677 
82678 
82679 
82680 
82681 
82683 
82685 
82687 
475912 
475930 
475932 
475949 
475978 
475992 
82777 
475994 
82787 
476007 
82809 
476028 
476038 
476040 
476049 
476062 
476068 
476070 
476075 
476080 
476082 
476083 
476109 
82917 
82942 
82958 
82992 
476232 
83017 
476233 
476245 
476248 
83033 
476263 
83058 
83086 
214164 
83117 
214189 
83133 
214213 
83158 
476374 
214236 
214238 
83186 
214279 
83217 
214299 
214301 
83233 
476452 
476455 
476458 
476462 
214320 
83258 
476482 
476485 
214353 
83286 
345436 
214369 
214371 
214386 
83317 
345461 
83333 
214411 
345485 
214423 
214425 
83358 
214436 
345508 
214453 
83386 
345530 
345532 
214461 
214463 
214470 
214479 
345553 
214483 
214485 
214488 
83417 
214489 
83433 
345590 
83458 
345608 
345610 
214543 
476693 
476694 
476695 
476696 
476697 
476698 
476699 
345627 
476700 
83484 
476701 
476702 
476703 
476704 
476705 
476706 
476707 
476708 
476709 
476710 
476711 
476712 
476713 
476714 
476715 
476716 
476717 
83501 
476718 
476719 
83503 
476720 
476721 
83505 
476722 
476723 
83507 
476724 
476725 
83509 
476726 
476727 
83511 
476728 
345656 
476729 
83513 
476730 
83514 
476731 
476732 
476733 
83517 
476734 
476735 
83519 
476736 
476737 
83521 
476738 
214594 
476739 
83523 
476740 
476741 
83525 
476742 
345670 
476743 
83527 
345672 
476744 
83529 
476745 
476746 
476747 
83531 
476748 
476749 
83533 
476750 
476751 
83535 
476752 
83537 
476753 
476754 
476755 
83539 
476756 
345685 
83541 
476757 
476758 
83543 
476759 
476760 
83545 
476761 
476762 
83546 
83547 
476763 
83548 
476764 
83549 
476765 
83550 
476766 
83551 
476767 
83552 
476768 
83553 
476769 
83554 
476770 
83555 
476771 
476772 
83556 
83557 
476773 
476774 
83558 
476775 
83559 
83560 
476776 
476777 
83561 
83562 
476778 
345706 
476779 
83563 
83564 
476780 
476781 
83565 
83566 
476782 
476783 
83567 
83568 
476784 
476785 
83569 
83570 
476786 
476787 
83571 
83572 
476788 
345716 
214644 
476789 
214645 
83573 
83574 
214646 
476790 
345718 
476791 
83575 
83576 
476792 
214648 
476793 
83577 
83578 
476794 
214650 
476795 
83579 
83580 
476796 
214652 
476797 
83581 
83582 
476798 
214654 
476799 
345727 
83583 
83584 
476800 
214656 
476801 
83585 
83586 
476802 
214658 
476803 
83587 
83588 
476804 
214660 
476805 
83589 
83590 
476806 
214662 
476807 
83591 
83592 
476808 
83593 
476809 
214665 
476810 
83594 
83595 
476811 
214667 
476812 
345740 
83596 
476813 
214669 
83597 
83598 
476814 
476815 
214671 
83599 
83600 
476816 
476817 
214673 
83601 
83602 
476818 
345746 
83603 
476819 
214675 
83604 
345748 
476820 
214677 
476821 
83605 
83606 
476822 
83607 
214679 
476823 
83608 
476824 
83609 
214681 
345753 
476825 
83610 
476826 
83611 
214683 
476827 
83612 
476828 
83613 
214685 
476829 
83614 
345758 
476830 
83615 
214687 
476831 
83616 
345760 
476832 
214689 
345761 
476833 
83617 
83618 
476834 
214691 
83619 
476835 
83620 
476836 
214693 
83621 
476837 
83622 
214694 
476838 
214695 
83623 
476839 
83624 
476840 
83625 
476841 
83626 
476843 
83627 
83628 
476845 
83629 
83630 
476847 
83631 
83632 
476849 
83633 
83634 
476851 
83635 
83636 
476853 
83637 
83638 
476855 
83639 
83640 
476857 
83641 
83642 
476859 
83643 
83644 
476861 
83645 
83646 
476863 
83647 
214720 
83648 
476865 
83649 
83650 
476867 
83651 
83652 
476869 
83653 
83654 
83655 
476871 
83656 
83657 
476873 
83658 
83659 
476875 
83660 
83661 
476877 
83662 
83663 
476879 
214736 
83664 
83665 
83666 
83667 
83668 
83669 
83670 
345815 
83671 
83672 
83673 
83674 
83675 
83676 
83677 
83678 
83679 
83680 
83681 
83682 
83683 
83684 
83685 
83686 
83687 
83688 
214761 
83689 
83690 
83691 
83692 
83693 
83694 
83695 
83696 
83697 
83698 
83699 
83700 
83701 
83702 
83703 
83704 
83705 
83706 
83707 
83708 
83709 
83710 
83711 
214789 
345866 
214820 
214836 
345916 
345917 
345918 
345919 
345920 
345921 
345926 
345929 
345931 
214861 
345933 
345934 
345936 
345937 
345938 
345939 
345941 
345944 
345946 
345949 
345951 
345953 
345955 
345957 
345958 
345959 
345960 
214889 
345961 
345962 
345963 
345964 
345965 
345966 
345967 
345968 
345969 
345970 
345971 
345972 
345973 
345974 
345975 
345976 
345977 
345978 
345979 
345980 
345981 
345982 
345983 
345984 
345985 
345986 
345987 
345988 
345989 
345990 
345991 
214920 
345992 
345993 
345994 
345995 
345996 
345997 
345998 
345999 
346000 
346001 
346002 
346003 
346004 
346005 
346006 
346007 
214936 
346008 
346009 
346010 
346011 
346012 
346013 
346014 
346015 
346016 
346017 
346018 
346019 
346020 
346021 
346022 
346023 
346024 
346025 
346026 
346027 
346028 
346029 
346030 
346031 
346032 
214961 
346033 
346034 
346035 
346036 
346037 
346038 
346039 
346040 
346041 
346042 
346043 
346044 
346045 
346046 
346047 
346048 
346049 
346050 
346051 
346052 
346053 
346054 
346055 
346056 
346057 
346058 
346059 
346060 
214989 
346061 
346062 
346063 
346064 
346065 
346066 
346067 
346068 
346069 
346070 
346071 
346072 
346073 
346074 
346075 
346076 
346077 
346078 
346079 
346080 
346081 
346082 
346083 
346084 
346085 
346086 
346087 
346088 
346089 
215018 
346090 
346091 
346092 
346093 
346094 
346095 
346096 
346097 
346098 
346099 
346100 
346101 
346102 
346103 
346104 
215033 
346105 
346106 
346107 
346108 
346109 
346110 
346111 
346112 
346113 
346114 
346115 
346116 
346117 
346118 
346119 
346120 
346121 
346123 
346125 
215054 
346127 
346129 
346131 
346133 
346135 
346137 
346139 
346141 
346143 
346145 
215075 
346147 
346149 
346151 
346153 
346155 
346157 
346159 
215092 
215103 
215116 
215127 
215135 
215142 
215148 
215153 
215157 
215160 
215162 
215163 
215283 
215325 
215326 
215342 
215345 
215353 
215354 
215355 
215356 
215357 
215359 
215361 
215362 
215364 
215365 
215373 
215375 
215376 
215377 
215378 
215386 
215395 
215404 
215413 
215422 
215431 
215440 
215449 
215458 
215467 
215476 
215485 
215494 
215503 
215512 
215518 
477683 
215544 
215552 
215554 
84483 
215557 
215559 
84493 
84505 
84519 
84534 
477760 
477762 
84551 
84570 
84591 
84614 
215710 
84639 
215713 
215715 
215717 
84666 
215745 
215765 
84695 
215767 
215769 
215788 
215801 
215803 
215805 
215816 
215822 
215824 
215826 
215829 
215830 
215832 
215841 
215845 
215847 
215849 
215885 
347054 
216039 
216041 
216043 
216045 
216048 
216050 
347123 
347124 
216052 
216054 
347127 
216056 
347129 
216059 
216060 
347133 
216061 
216062 
216063 
347135 
216064 
216065 
347137 
216066 
347138 
216067 
347139 
216068 
347140 
216069 
347141 
216070 
347142 
216071 
347143 
216072 
216073 
216074 
216075 
347147 
216076 
216077 
216078 
347150 
216079 
216080 
347152 
216081 
216082 
216083 
347155 
216084 
216085 
347157 
216086 
216087 
347159 
216088 
347160 
216089 
347161 
216090 
347162 
347163 
216091 
347164 
216092 
216093 
347165 
216094 
347166 
347167 
216095 
216096 
347168 
347169 
216097 
347170 
216098 
216099 
347171 
216100 
216101 
216102 
216103 
216104 
216105 
216106 
216107 
216108 
216109 
216110 
216111 
216112 
216113 
216114 
216115 
216116 
216117 
216118 
216119 
216120 
216121 
216122 
216123 
216124 
216125 
216126 
216127 
216128 
216129 
216130 
216131 
216132 
216133 
216134 
216135 
216136 
216137 
216138 
216139 
216140 
216141 
216142 
216143 
216144 
216145 
216146 
216147 
216148 
216149 
216150 
216151 
216152 
216153 
216154 
216155 
216156 
216157 
216158 
216159 
216160 
216161 
216162 
216163 
216164 
216165 
216166 
216167 
216168 
347240 
216169 
216170 
216171 
216172 
347244 
216173 
216174 
216175 
216176 
216177 
216178 
216179 
216180 
216181 
216182 
216183 
216184 
216185 
216186 
216187 
216188 
216189 
216190 
216191 
216192 
216193 
216194 
216195 
216196 
216197 
216198 
216199 
216200 
216201 
216202 
216203 
216204 
216205 
216206 
216207 
216208 
216209 
216210 
216211 
216212 
216213 
216214 
216215 
216216 
216217 
216218 
216219 
216220 
216221 
216222 
216223 
216224 
216225 
216226 
216227 
216228 
216229 
216230 
216231 
216232 
216233 
216234 
216235 
216236 
216237 
216238 
216239 
216240 
216241 
216242 
216243 
216244 
216245 
216246 
216247 
216248 
216249 
216250 
216251 
216252 
216253 
216254 
216255 
216256 
216257 
216258 
216259 
216260 
216261 
216262 
216263 
216266 
216268 
216270 
216272 
216274 
216276 
216278 
216280 
216282 
216284 
216286 
216288 
216290 
216292 
216294 
216295 
216297 
216299 
216301 
85405 
478629 
478654 
478678 
85478 
478701 
478723 
478744 
478746 
85547 
478766 
85551 
478801 
478818 
478820 
478836 
478863 
478876 
478878 
478890 
478909 
478918 
478920 
478928 
478939 
478944 
478946 
478950 
478953 
478954 
478978 
479115 
479116 
479130 
479133 
479147 
479150 
479293 
348242 
479330 
348267 
217196 
348291 
348314 
479388 
217245 
217247 
217249 
479394 
217251 
479396 
217253 
479397 
479399 
217255 
479400 
217257 
479403 
217260 
217262 
479407 
217264 
348336 
217266 
217268 
217270 
217272 
217274 
217276 
217278 
217279 
217281 
217283 
217285 
348357 
217287 
348359 
217289 
217291 
217293 
217295 
348379 
348414 
348431 
348433 
348449 
348476 
348489 
348491 
348503 
348522 
348531 
348533 
348541 
348552 
348557 
348559 
348563 
348566 
348567 
479653 
479654 
479655 
479656 
479657 
479658 
479659 
479660 
479661 
479662 
479663 
479664 
479665 
479666 
479667 
479668 
479669 
479670 
479671 
479672 
479673 
479674 
479675 
479676 
479677 
479678 
479679 
479680 
479681 
479682 
479683 
479684 
479685 
479686 
479687 
479688 
479689 
479690 
479691 
479692 
479693 
348621 
479694 
479695 
479696 
479697 
479698 
479699 
479700 
479701 
479702 
479703 
479704 
479705 
479706 
479707 
479708 
479709 
479710 
479711 
479712 
479713 
479714 
479715 
479716 
479717 
479718 
479719 
479720 
479721 
479722 
479723 
479724 
479725 
479726 
479727 
479728 
479729 
479730 
479731 
479732 
479733 
479734 
479735 
479736 
479737 
479738 
479739 
479740 
479741 
479742 
479743 
479744 
348672 
479745 
479746 
479747 
479748 
479749 
479750 
479751 
479752 
479753 
479754 
479755 
479756 
479757 
479758 
479759 
479760 
479761 
479762 
479763 
479764 
479765 
86549 
479766 
479767 
479768 
479769 
479770 
479771 
479772 
479773 
479774 
479775 
479776 
479777 
479778 
479779 
479780 
479781 
479782 
479783 
479784 
479785 
479786 
479787 
479788 
479789 
86574 
479790 
479791 
479792 
479793 
479794 
479795 
479796 
479797 
348726 
479798 
348727 
479799 
479800 
348729 
479801 
348730 
479802 
348731 
348732 
479804 
348733 
479806 
348734 
348735 
479808 
348737 
479810 
348738 
348739 
479812 
348741 
348742 
479814 
348744 
479816 
348746 
479818 
348747 
348748 
479820 
348749 
348750 
479822 
348751 
348752 
479824 
348753 
348754 
479826 
348755 
348756 
479828 
348757 
348758 
479830 
348759 
348760 
479832 
348761 
348762 
479834 
348763 
348764 
479836 
348765 
348766 
479838 
348767 
348768 
479840 
348769 
348770 
348771 
348772 
348773 
348774 
348775 
348776 
348777 
348778 
348779 
348780 
348781 
348782 
348783 
348784 
348785 
348786 
348787 
348788 
348789 
348790 
348791 
348792 
348793 
348794 
348795 
348796 
348797 
348798 
348799 
348800 
348801 
348802 
348803 
348804 
348805 
348806 
348807 
348808 
348809 
348810 
348811 
348812 
348813 
348814 
348815 
348816 
348817 
348818 
86675 
348819 
348820 
348821 
348822 
86679 
348823 
348824 
348825 
348826 
348827 
348828 
348829 
348830 
348831 
348832 
348833 
348834 
348835 
348836 
348837 
348838 
348839 
348840 
348841 
348842 
348843 
348844 
348845 
348846 
348847 
348848 
348849 
348850 
348851 
348852 
217780 
348853 
348854 
348855 
348856 
348857 
348858 
348859 
348860 
348861 
348862 
348863 
348864 
348865 
348866 
348867 
348868 
348869 
348870 
348871 
348872 
348873 
348874 
348875 
348876 
348877 
348878 
348879 
348880 
348881 
348882 
348883 
348884 
348885 
348886 
348887 
348888 
348889 
348890 
348891 
348892 
348893 
348894 
348895 
348896 
348897 
348898 
348899 
348900 
348901 
348902 
348904 
348906 
348908 
348910 
348912 
348914 
348916 
348918 
348920 
348922 
348924 
348926 
348928 
348930 
348932 
348934 
348936 
348938 
348940 
86799 
86800 
86801 
86802 
86803 
217875 
86804 
86805 
217877 
86807 
217879 
86809 
217881 
86811 
217884 
217886 
86900 
86922 
86933 
218038 
218041 
218044 
218047 
218050 
218053 
218056 
218059 
218062 
218065 
218068 
218071 
218074 
218077 
218080 
218087 
218088 
218089 
218090 
218092 
218095 
87041 
218118 
218120 
218122 
87066 
87082 
87107 
87141 
87166 
87182 
218258 
218269 
218271 
218272 
218274 
87207 
218293 
218296 
87235 
87266 
87282 
87307 
218383 
218385 
218386 
218388 
87335 
218414 
218417 
87366 
218445 
218448 
218450 
87382 
218469 
87407 
480630 
218489 
218492 
218494 
87435 
218507 
218517 
218520 
218522 
218527 
218530 
218531 
218532 
87466 
87482 
480703 
480705 
87507 
87535 
218614 
218618 
87566 
87582 
87605 
87629 
87648 
87652 
87654 
87656 
87658 
87660 
87662 
87663 
87667 
87669 
87671 
87673 
87675 
87677 
87679 
87681 
87683 
87685 
87687 
87689 
349835 
87691 
87693 
87695 
87696 
87697 
87698 
87699 
87700 
87701 
87702 
87703 
87704 
87705 
87706 
87707 
87708 
87709 
87710 
87711 
87712 
87713 
87714 
87715 
87716 
87717 
87718 
87719 
87720 
87721 
87722 
87723 
87724 
87725 
87726 
87727 
87728 
87729 
87730 
87731 
87732 
87733 
87734 
87735 
87736 
87737 
87738 
87739 
87740 
87741 
87742 
87743 
87744 
87745 
87746 
87747 
87748 
87749 
87750 
87751 
87752 
87753 
87754 
87755 
87756 
87757 
87758 
87759 
349903 
87760 
349904 
87761 
87762 
87763 
349907 
87764 
87765 
349909 
87766 
349910 
87767 
349911 
87768 
87769 
349913 
87770 
87771 
349915 
349916 
87772 
87773 
349918 
87774 
87775 
349919 
87776 
87777 
349922 
87778 
87779 
349924 
87780 
87781 
349925 
349926 
87782 
87783 
349927 
349928 
87784 
349929 
87785 
349930 
87786 
349931 
87787 
349932 
87788 
349933 
87789 
87790 
87791 
87792 
87793 
87794 
87795 
87796 
87797 
87798 
87799 
87800 
87801 
87802 
87803 
87804 
87805 
87806 
87807 
87808 
87809 
87810 
87811 
87812 
87813 
87814 
87815 
87816 
87817 
87818 
87819 
87820 
87821 
87822 
87823 
87824 
87825 
87826 
87827 
87828 
87829 
87830 
87831 
87832 
87833 
87834 
87835 
87836 
87837 
87838 
87839 
87840 
87841 
87842 
87843 
87844 
87845 
87846 
87847 
87848 
87849 
87850 
87851 
87852 
87853 
87854 
87855 
87856 
87857 
87858 
350002 
87859 
87860 
87861 
350006 
87862 
87863 
481548 
481573 
481597 
481620 
481622 
481663 
481683 
481685 
481704 
481737 
481753 
481755 
219616 
481770 
219641 
481795 
481807 
219665 
481809 
481820 
219688 
219690 
481837 
481845 
481847 
481854 
219712 
481863 
481867 
481869 
88655 
481872 
481873 
88665 
88677 
481893 
219751 
88691 
219770 
219772 
88706 
219790 
88723 
88742 
219821 
88763 
219836 
219838 
219852 
88786 
219875 
88811 
219886 
219888 
219898 
482043 
482044 
482045 
88838 
219913 
482057 
482060 
219920 
219922 
219928 
351004 
482078 
219935 
482081 
219938 
88867 
219940 
219941 
351029 
351053 
219995 
351076 
351078 
220046 
351119 
351139 
351141 
351160 
220097 
220099 
220101 
220103 
482248 
220105 
220107 
220109 
220111 
220114 
220116 
220118 
220120 
351193 
220122 
220124 
220126 
220128 
220130 
220132 
220134 
220136 
351209 
482282 
220138 
351211 
220140 
482285 
220142 
220143 
220144 
351226 
220169 
482318 
482319 
482320 
482321 
482322 
351251 
482324 
482326 
482328 
220185 
351263 
351265 
351276 
220210 
482360 
482364 
482365 
351293 
482371 
351301 
482374 
351303 
482377 
482378 
482379 
482380 
482381 
220238 
351310 
482382 
351319 
351323 
351325 
351328 
351329 
220269 
220285 
220310 
351383 
220338 
351434 
220369 
220385 
220410 
351485 
351488 
351489 
351490 
351491 
351492 
351494 
351495 
351497 
351498 
351499 
351500 
351501 
351502 
351503 
351504 
351505 
351506 
351507 
351508 
220436 
351509 
351510 
351511 
351512 
351513 
351514 
351515 
351516 
351517 
351518 
351519 
351520 
351521 
351522 
351523 
351524 
351525 
351526 
351527 
351528 
351529 
351530 
351531 
351532 
351533 
220461 
351534 
351535 
351536 
351537 
351538 
351539 
351540 
351541 
351542 
351543 
351544 
351545 
351546 
220475 
351547 
351548 
351549 
351550 
351551 
351552 
351553 
351554 
351555 
351556 
351557 
351558 
351559 
351560 
351561 
351562 
351563 
220492 
351564 
351565 
351566 
351567 
351568 
351569 
351570 
351571 
351572 
351573 
351574 
482646 
482647 
351575 
482648 
351576 
482649 
351577 
482650 
351578 
482651 
351579 
482652 
351580 
482653 
351581 
482654 
220510 
351582 
482655 
351583 
482656 
351584 
482657 
351585 
482658 
351586 
482659 
351587 
482660 
351588 
482661 
351589 
482662 
351590 
482663 
351591 
482664 
351592 
482665 
351593 
482666 
351594 
482667 
220523 
351595 
482668 
351596 
482669 
351597 
482670 
351598 
482671 
351599 
482672 
351600 
482673 
351601 
482674 
351602 
482675 
351603 
482676 
351604 
482677 
220533 
351605 
482678 
351606 
482679 
351607 
482680 
351608 
482681 
351609 
482682 
351610 
482683 
351611 
482684 
351612 
482685 
351613 
482686 
220542 
351614 
482687 
351615 
482688 
351616 
482689 
351617 
482690 
351618 
482691 
351619 
482692 
351620 
482693 
351621 
220550 
482694 
351622 
482695 
351623 
482696 
351624 
351625 
482697 
351626 
482698 
351627 
482699 
220556 
351628 
482700 
351629 
482701 
351630 
482702 
482703 
351631 
351632 
482704 
351633 
482705 
220562 
351634 
482706 
351635 
482707 
351636 
482708 
351637 
482709 
220566 
351638 
482710 
351639 
482711 
351640 
482712 
351641 
482713 
220570 
351642 
482714 
482715 
351643 
220572 
482716 
351644 
482717 
351645 
220574 
351646 
482718 
220575 
482719 
351647 
351648 
482720 
351649 
482721 
482722 
482723 
351651 
482724 
482725 
351653 
482726 
482727 
351655 
482728 
482729 
351657 
482730 
482731 
351659 
482732 
482733 
351661 
482734 
482735 
351663 
482736 
482737 
351665 
482738 
482739 
351667 
482740 
482741 
351669 
482742 
482743 
351671 
482744 
482745 
351673 
482746 
482747 
351675 
482748 
482749 
351677 
482750 
482751 
351679 
482752 
482753 
351681 
482754 
482755 
351683 
482756 
482757 
351685 
482758 
482759 
351687 
482760 
482761 
482762 
482763 
482764 
482765 
482766 
482767 
482768 
482769 
482770 
482771 
482772 
482773 
482774 
482775 
482776 
482777 
482778 
482779 
482780 
482781 
482782 
482783 
482784 
482785 
482786 
482787 
482788 
482789 
482790 
482791 
482792 
482793 
482794 
482795 
482797 
482799 
482801 
482803 
482805 
482807 
482809 
482811 
482813 
482815 
482817 
89601 
220673 
482819 
482821 
482823 
482825 
482827 
482829 
482831 
482833 
220699 
220741 
220742 
89678 
220758 
220761 
220769 
220770 
220771 
220772 
220773 
220775 
220777 
220778 
220780 
220781 
220789 
220791 
220792 
220793 
220794 
220802 
220811 
89747 
220820 
89751 
220829 
220838 
220847 
220856 
220865 
220874 
220883 
220892 
220901 
220910 
220919 
220928 
220934 
220937 
220942 
220968 
220975 
220977 
220980 
220982 
220983 
220993 
220995 
220996 
220999 
221088 
221090 
221092 
221093 
221123 
221125 
221151 
221153 
221155 
221179 
221199 
221201 
221203 
221219 
221231 
221233 
221235 
221244 
221248 
221249 
221251 
221252 
221254 
221262 
221264 
221267 
221269 
221271 
221284 
221286 
221287 
221289 
221314 
221450 
221452 
221454 
483600 
221456 
221460 
221462 
221464 
221466 
221468 
221471 
221472 
221473 
221474 
221475 
221476 
221477 
221478 
221479 
221480 
221481 
221482 
221483 
221484 
221485 
221486 
221487 
221488 
221489 
221490 
221491 
221492 
221493 
221494 
221495 
221496 
221497 
221498 
221499 
221500 
221501 
221502 
221503 
221504 
221505 
221506 
221507 
221508 
221509 
352582 
221510 
221511 
221512 
221513 
221514 
221515 
221516 
221517 
221518 
221519 
221520 
221521 
221522 
221523 
221524 
483668 
221525 
221526 
483670 
221527 
221528 
221529 
221530 
221531 
221532 
221533 
221534 
221535 
221536 
221537 
221538 
221539 
221540 
221541 
221542 
221543 
221544 
221545 
221546 
221547 
221548 
221549 
221550 
221551 
221552 
221553 
221554 
221555 
221556 
221557 
221558 
221559 
221560 
221561 
221562 
221563 
221564 
221565 
221566 
221567 
221568 
221569 
221570 
221571 
221572 
221573 
221574 
221575 
221576 
221577 
221578 
221579 
352651 
221580 
352652 
221581 
352654 
221582 
221583 
352655 
221584 
221585 
352657 
221586 
352658 
221587 
221588 
352660 
352661 
221589 
221590 
352663 
221591 
352664 
221592 
352665 
221593 
221594 
221595 
221596 
221597 
221598 
221599 
221600 
221601 
221602 
221603 
221604 
221605 
221606 
221607 
221608 
221609 
221610 
221611 
221612 
221613 
221614 
221615 
221616 
221617 
221618 
221619 
221620 
221621 
221622 
221623 
221624 
221625 
221626 
221627 
221628 
221629 
221630 
221631 
221632 
221633 
221634 
221635 
221636 
221637 
221638 
221639 
221640 
221641 
221642 
221643 
221644 
221645 
221646 
221647 
221648 
221649 
221650 
221651 
221652 
221653 
221654 
221655 
221656 
221657 
221658 
221659 
221660 
221661 
352734 
221662 
221663 
221664 
221665 
352738 
221666 
221667 
221668 
221669 
221670 
221671 
221672 
221673 
221674 
221676 
221678 
221680 
221682 
221684 
221686 
221688 
221690 
221692 
221694 
221696 
221698 
221700 
221702 
221704 
221706 
221708 
221710 
221712 
90749 
90774 
90798 
90852 
90903 
91021 
91022 
91023 
91024 
91025 
91026 
91028 
91030 
91032 
91112 
91142 
91166 
91262 
484494 
91287 
484519 
91312 
484543 
91328 
484566 
484568 
91353 
484590 
91381 
91412 
484629 
91428 
484648 
484650 
484668 
91453 
91481 
484699 
484714 
484716 
91512 
484730 
91528 
222607 
484753 
484764 
484766 
91553 
484776 
484791 
91581 
484798 
484800 
222656 
222658 
222660 
484806 
222662 
353736 
222664 
222666 
222668 
484813 
222671 
484816 
222673 
484818 
222675 
484819 
222677 
222679 
222681 
222683 
91612 
222685 
222686 
222688 
353761 
222690 
222692 
484837 
222694 
222696 
222698 
91628 
222700 
222702 
222704 
222706 
353785 
91653 
353808 
353810 
91681 
353832 
91712 
353871 
91728 
353890 
353892 
91753 
353910 
91781 
485012 
353941 
485015 
485018 
485022 
91810 
353956 
353958 
485038 
91825 
485041 
353972 
485060 
91846 
353995 
354006 
354008 
91868 
354018 
354033 
91895 
354040 
91897 
354042 
91899 
91901 
91903 
354048 
91905 
91906 
91910 
354055 
91912 
354058 
91914 
354060 
91916 
354061 
91918 
91920 
91922 
91924 
91926 
91928 
91930 
91932 
91934 
91936 
91938 
91940 
91941 
91942 
91943 
91944 
91945 
91946 
91947 
91948 
91949 
91950 
91951 
91952 
91953 
91954 
91955 
91956 
91957 
91958 
91959 
91960 
91961 
91962 
91963 
91964 
91965 
91966 
91967 
91968 
91969 
91970 
354115 
91971 
91972 
91973 
91974 
91975 
91976 
91977 
91978 
91979 
91980 
91981 
91982 
91983 
91984 
91985 
91986 
91987 
91988 
91989 
91990 
91991 
91992 
91993 
91994 
91995 
91996 
91997 
91998 
91999 
92000 
92001 
92002 
92003 
92004 
92005 
92006 
92007 
92008 
92009 
92010 
92011 
92012 
92013 
92014 
92015 
92016 
92017 
92018 
92019 
92020 
485237 
92021 
92022 
354166 
92023 
92024 
92025 
92026 
92027 
92028 
92029 
92030 
92031 
92032 
92033 
92034 
92035 
92036 
92037 
92038 
92039 
92040 
92041 
92042 
92043 
92044 
92045 
92046 
92047 
92048 
92049 
92050 
485267 
92051 
92052 
92053 
92054 
485271 
92055 
92056 
92057 
92058 
92059 
92060 
92061 
92062 
92063 
92064 
92065 
92066 
92067 
485283 
485284 
92068 
485285 
92069 
485286 
92070 
485287 
92071 
92072 
354217 
92073 
92074 
354218 
354219 
92075 
354220 
92076 
92077 
92078 
354222 
354223 
92079 
354224 
92080 
354225 
92081 
92082 
354226 
354227 
92083 
354228 
92084 
354229 
92085 
354230 
92086 
223158 
354231 
92087 
354232 
92088 
223160 
354233 
92089 
354234 
92090 
354235 
92091 
354236 
92092 
354237 
92093 
354238 
92094 
354239 
92095 
485311 
354240 
92096 
354241 
485313 
92097 
354242 
92098 
354243 
485315 
92099 
354244 
92100 
354245 
92101 
354246 
485318 
92102 
354247 
92103 
354248 
92104 
354249 
92105 
354250 
92106 
354251 
92107 
354252 
92108 
354253 
92109 
354254 
485326 
92110 
354255 
92111 
354256 
354257 
354258 
354259 
354260 
354261 
354262 
354263 
354264 
354265 
354266 
354267 
354268 
354269 
354270 
354271 
354272 
354273 
354274 
354275 
354276 
354277 
354278 
354279 
354280 
354281 
354282 
354283 
485356 
354284 
354285 
354286 
354287 
485360 
354288 
485361 
354289 
354290 
354291 
354292 
354293 
485366 
354294 
354295 
354296 
354297 
354298 
354299 
485372 
354300 
485373 
354301 
354302 
485375 
354303 
354304 
354305 
354306 
485378 
354307 
485379 
354308 
354309 
354310 
354311 
354312 
354313 
354314 
354315 
354316 
354317 
354318 
354319 
354320 
354321 
354322 
354323 
354324 
354325 
354326 
354327 
223255 
354328 
354329 
223257 
354330 
354331 
223259 
354332 
354333 
354334 
223262 
354335 
354336 
223264 
354337 
223265 
354338 
354339 
354340 
354341 
354342 
354343 
354344 
354345 
354346 
354347 
223275 
354348 
354349 
223277 
354350 
223278 
354351 
354352 
354353 
223281 
354354 
354355 
354356 
354357 
354358 
354359 
354360 
354361 
354362 
354363 
354364 
354365 
354366 
354367 
354368 
354369 
354370 
354371 
354372 
354373 
354374 
354375 
354377 
354379 
354381 
354383 
354385 
354387 
354389 
354391 
354393 
354395 
354397 
354399 
354401 
354403 
354405 
354407 
354409 
354411 
354413 
223409 
223412 
223415 
223418 
223421 
223424 
223427 
223430 
223433 
223436 
223439 
223442 
223445 
223448 
223451 
223454 
223461 
223462 
223463 
223464 
223466 
223468 
223492 
223494 
223496 
485670 
485671 
485672 
485673 
485674 
485675 
485676 
485677 
485678 
485679 
485680 
485681 
485682 
485683 
485684 
485685 
485686 
485687 
485688 
485689 
485690 
485691 
485692 
485693 
485694 
485695 
485696 
485697 
485698 
485699 
485700 
485701 
485702 
485703 
485704 
485705 
485706 
485707 
485708 
485709 
485710 
485711 
485712 
485713 
485714 
485715 
485716 
485717 
485718 
485719 
485720 
485721 
485722 
485723 
485724 
485725 
485726 
485727 
485728 
485729 
485730 
485731 
485732 
485733 
485734 
485735 
485736 
485737 
485738 
485739 
485740 
485741 
485742 
485743 
485744 
485745 
485746 
485747 
485748 
485749 
485750 
485751 
485752 
485753 
485754 
485755 
223611 
485756 
485757 
485758 
485759 
485760 
485761 
485762 
485763 
485764 
485765 
485766 
485767 
485768 
485769 
485770 
485771 
485772 
485773 
485774 
485775 
485776 
485777 
485778 
485779 
485780 
485781 
223637 
485782 
485783 
485784 
485785 
485786 
485787 
485788 
485789 
223645 
485790 
485791 
485792 
485793 
223649 
485794 
485795 
223651 
485796 
223653 
485797 
485798 
485799 
485800 
485801 
485802 
485803 
485804 
485805 
485806 
485807 
485808 
485809 
485810 
485811 
485812 
485813 
485814 
485815 
485816 
485817 
485818 
485820 
485822 
485824 
485826 
485828 
485830 
485832 
223689 
485834 
485836 
485838 
485840 
485842 
485844 
485846 
485848 
485850 
485852 
485854 
485856 
223793 
223795 
223797 
223799 
223824 
223851 
223854 
223856 
223874 
223891 
223894 
223896 
223908 
223915 
223918 
223920 
223924 
223925 
92901 
92923 
92933 
224008 
224012 
92945 
92959 
92974 
92991 
93010 
93031 
93054 
93079 
93106 
93135 
355308 
355377 
355378 
355379 
355380 
355382 
355383 
355384 
355385 
355454 
355458 
486598 
486661 
486663 
93817 
225010 
225035 
93972 
225059 
225082 
225104 
225106 
94041 
94045 
225127 
225164 
225182 
225184 
225201 
225230 
225244 
225246 
225259 
225280 
225290 
225292 
225301 
225314 
487458 
225320 
225322 
225327 
225332 
225334 
225335 
487483 
487507 
356456 
487530 
225389 
487552 
356481 
487554 
487575 
356505 
225440 
356528 
487612 
356550 
356552 
487630 
487632 
225491 
225493 
225495 
225497 
225499 
225501 
356573 
225503 
225505 
487649 
225508 
225510 
225512 
225514 
225516 
225518 
225520 
225522 
225524 
225526 
225528 
225530 
225532 
487678 
225534 
225536 
225537 
225538 
356610 
487692 
487694 
356628 
356630 
225563 
487707 
356647 
225579 
487728 
487738 
487740 
225604 
356676 
487749 
487762 
356690 
356692 
487768 
487770 
487775 
225632 
356705 
487780 
487782 
487783 
356726 
487799 
225663 
356736 
356738 
356747 
225679 
356760 
356766 
356768 
356773 
225704 
356778 
356780 
356781 
225732 
225763 
356835 
225779 
225802 
356886 
225826 
487986 
487987 
487988 
487989 
487990 
225847 
225859 
488005 
356936 
356937 
488010 
356938 
356939 
488011 
356940 
356941 
356942 
488014 
356943 
356944 
488016 
356945 
488017 
225874 
356946 
356947 
356948 
488020 
356949 
356950 
356951 
356952 
488024 
356953 
356954 
356955 
356956 
356957 
356958 
356959 
356960 
356961 
225889 
356962 
356963 
356964 
356965 
356966 
356967 
356968 
356969 
356970 
488042 
356971 
225899 
356972 
356973 
488045 
356974 
356975 
356976 
356977 
356978 
225907 
356979 
356980 
356981 
356982 
356983 
356984 
356985 
225914 
356986 
356987 
356988 
356989 
356990 
356991 
225920 
356992 
356993 
356994 
356995 
356996 
225925 
356997 
356998 
356999 
357000 
225929 
357001 
357002 
357003 
225932 
357004 
357005 
225934 
357006 
225935 
357007 
225936 
357008 
357009 
357010 
357011 
357012 
357013 
357014 
357015 
357016 
357017 
357018 
357019 
357020 
357021 
357022 
357023 
357024 
357025 
357026 
357027 
357028 
357029 
357030 
357031 
357032 
357033 
357034 
357035 
357036 
357037 
357038 
357039 
357040 
357041 
357042 
357043 
357044 
357045 
357046 
357047 
357048 
357049 
357050 
357051 
357052 
357053 
357054 
357055 
357056 
357057 
357058 
357059 
357060 
357061 
357062 
357063 
357064 
357065 
357066 
357067 
357068 
357069 
357070 
357071 
357072 
357073 
357074 
357075 
357076 
357077 
357078 
357079 
357080 
357081 
357082 
226011 
357083 
357084 
357085 
357086 
357087 
357088 
357089 
357090 
357092 
357094 
357096 
357098 
357100 
357102 
357104 
357106 
357108 
226037 
357110 
357112 
357114 
357116 
357118 
357120 
357122 
357124 
357126 
357128 
226063 
226105 
226106 
95043 
488260 
226122 
226125 
226133 
226134 
226135 
226136 
226137 
226139 
95068 
226141 
226142 
226144 
488288 
226145 
488292 
488296 
226153 
226155 
226156 
226157 
226158 
488305 
488306 
488307 
488308 
95092 
226166 
226175 
226184 
488331 
95115 
488333 
488335 
226193 
488337 
488341 
226202 
488346 
488348 
226211 
226220 
226229 
226238 
95169 
488386 
488387 
488388 
226247 
488394 
226256 
488401 
488405 
488406 
488408 
226265 
488409 
226274 
226283 
226292 
95220 
226298 
226301 
226306 
226309 
226313 
226344 
226351 
226354 
226356 
226357 
226367 
226369 
226372 
226374 
95315 
95317 
95338 
95339 
95340 
95342 
95344 
95346 
226489 
226492 
226494 
226496 
95426 
95446 
226526 
226550 
95479 
226552 
226554 
488718 
226575 
488719 
488720 
488721 
488722 
488723 
488724 
488725 
488726 
488727 
488728 
488729 
488730 
488731 
488732 
488733 
488734 
488735 
226592 
488736 
488737 
488738 
226594 
488739 
226596 
488740 
488741 
488742 
488743 
488744 
488745 
488746 
488747 
488748 
488749 
488750 
488751 
488752 
226609 
488753 
488754 
488755 
488756 
488757 
488758 
488759 
488760 
488761 
488762 
226619 
488763 
488764 
226621 
488765 
488766 
226623 
488767 
488768 
488769 
488770 
488771 
488772 
226629 
488773 
488774 
226631 
488775 
226632 
488776 
488777 
226634 
488778 
488779 
488780 
488781 
488782 
488783 
488784 
488785 
226642 
488786 
488787 
226644 
488788 
488789 
488790 
488791 
95576 
226648 
488792 
488793 
226650 
488794 
488795 
488796 
488797 
488798 
488799 
488800 
488801 
488802 
488803 
488804 
226660 
488805 
488806 
488807 
95592 
488808 
226664 
488809 
488810 
226666 
488811 
488812 
226668 
488813 
488814 
488815 
488816 
488817 
488818 
488819 
488820 
488821 
488822 
488823 
488824 
488825 
488826 
488827 
488828 
488829 
488830 
488831 
488832 
488833 
488834 
488835 
488836 
488837 
488838 
488839 
488840 
488841 
95626 
488842 
488843 
488844 
226700 
488845 
488846 
488847 
488848 
488849 
488850 
488851 
488852 
488853 
488854 
488855 
488856 
488857 
488858 
488859 
488860 
488861 
488862 
488863 
488864 
488865 
488866 
95651 
488868 
488870 
488872 
488874 
488876 
488878 
488880 
488882 
95667 
488884 
488886 
488888 
488890 
488892 
488894 
488896 
488898 
488900 
488902 
488904 
95692 
95720 
226819 
226821 
95751 
226823 
226826 
226830 
226831 
226832 
226834 
226836 
226838 
95767 
226841 
226842 
226843 
226844 
226845 
226846 
226847 
226848 
226849 
226850 
226851 
226852 
226853 
226854 
226855 
226856 
226857 
226858 
226859 
226860 
226861 
226862 
226863 
95792 
226864 
226865 
226866 
226867 
226868 
226869 
226870 
226871 
226872 
226873 
226874 
226875 
226876 
226877 
226878 
226879 
226880 
226881 
226882 
226883 
226884 
226885 
226886 
226887 
226888 
226889 
226890 
226891 
95820 
226892 
226893 
226894 
226895 
226896 
226897 
226898 
226899 
226900 
226901 
226902 
226903 
226904 
226905 
226906 
226907 
226908 
226909 
226910 
226911 
226912 
226913 
226914 
226915 
226916 
226917 
226918 
226919 
226920 
226921 
226922 
95851 
226923 
226924 
226925 
226926 
226927 
226928 
226929 
226930 
226931 
226932 
226933 
226934 
226935 
226936 
226937 
226938 
95867 
226939 
226940 
226941 
226942 
226943 
226944 
226945 
226946 
226947 
226948 
226949 
226950 
226951 
358023 
226952 
226953 
226954 
226955 
226956 
226957 
226958 
226959 
226960 
226961 
226962 
226963 
95892 
226964 
226965 
226966 
226967 
226968 
226969 
226970 
226971 
226972 
226973 
226974 
226975 
226976 
226977 
226978 
226979 
226980 
226981 
226982 
226983 
226984 
226985 
226986 
226987 
226988 
226989 
226990 
226991 
95920 
226992 
226993 
226994 
226995 
226996 
226997 
226998 
226999 
227000 
227001 
227002 
227003 
227004 
227005 
227006 
227007 
227008 
227009 
227010 
227011 
227012 
227013 
227014 
227015 
227016 
227017 
227018 
358091 
227019 
358092 
227020 
358093 
227021 
358094 
227022 
95951 
358095 
227023 
227024 
227025 
227026 
227027 
227028 
227029 
227030 
227031 
227032 
227033 
227034 
227035 
227036 
227037 
227038 
95967 
227039 
227040 
227041 
227042 
227043 
227044 
227045 
227047 
227049 
227051 
227053 
227055 
227057 
227059 
227061 
227063 
95992 
227065 
227067 
227069 
227071 
227073 
227075 
227077 
227079 
227081 
227083 
96020 
358164 
358168 
96051 
96067 
96092 
96118 
96143 
96157 
96175 
96195 
96251 
96253 
96255 
96257 
96258 
96259 
96262 
96265 
96267 
96269 
96271 
96272 
96274 
96276 
96278 
96280 
96282 
96284 
96286 
96288 
96290 
96292 
96294 
96295 
96296 
96297 
96298 
96299 
96300 
96301 
96302 
96303 
96304 
96305 
96306 
96307 
96308 
96309 
96310 
96311 
96312 
96313 
96314 
96315 
96316 
96317 
96318 
96319 
96320 
96321 
96322 
96323 
96324 
96325 
96326 
96327 
96328 
96329 
96330 
96331 
96332 
96333 
96334 
96335 
96336 
96337 
96338 
96339 
96340 
96341 
96342 
96343 
96344 
96345 
96346 
96347 
96348 
96349 
96350 
96351 
96352 
96353 
96354 
96355 
96356 
96357 
96358 
96359 
96360 
96361 
96362 
96363 
96364 
96365 
96366 
96367 
96368 
96369 
96370 
96371 
96372 
96373 
96374 
96375 
96376 
96377 
96378 
96379 
96380 
96381 
96382 
96383 
96384 
96385 
96386 
96387 
96388 
96389 
96390 
96391 
96392 
96393 
96394 
96395 
96396 
96397 
96398 
96399 
96400 
96401 
96402 
96403 
96404 
96405 
96406 
96407 
96408 
96409 
96410 
96411 
96412 
489628 
96413 
96414 
96415 
96416 
96417 
96418 
96419 
96420 
96421 
96422 
96423 
96424 
96425 
96426 
96427 
96428 
96429 
96430 
96431 
96432 
96433 
96434 
96435 
96436 
96437 
96438 
96439 
96440 
96441 
96442 
96443 
96444 
96445 
96446 
96447 
96448 
96449 
96450 
96451 
96452 
96453 
96454 
96455 
96456 
96457 
96458 
96459 
96460 
96461 
96462 
96463 
96464 
96465 
96466 
96467 
96468 
96469 
489687 
489689 
227978 
228027 
228029 
228031 
228033 
228035 
228037 
228039 
228042 
228044 
228046 
228048 
228050 
228052 
228054 
228056 
228057 
228059 
228061 
228063 
228065 
228067 
228069 
228071 
228073 
228075 
228077 
359166 
359191 
359215 
359238 
359260 
359281 
359283 
359303 
359338 
359355 
97212 
359357 
359373 
490454 
359400 
97261 
490479 
359413 
359415 
359427 
490503 
97300 
359446 
97310 
490526 
359455 
359457 
359465 
97322 
359476 
490548 
97336 
359481 
359483 
359487 
359490 
359491 
97351 
490569 
490571 
97368 
490591 
97387 
359545 
97408 
490626 
228489 
228491 
228493 
490643 
490645 
97431 
490661 
359596 
97456 
490688 
97483 
490701 
490703 
490715 
359646 
359647 
359648 
359649 
359650 
359651 
359652 
359653 
359654 
359655 
97512 
359656 
359657 
359658 
359659 
228587 
359660 
359661 
359662 
228590 
490734 
359663 
359664 
359665 
228593 
359666 
359667 
228595 
359668 
228596 
359669 
359670 
359671 
490743 
359672 
359673 
490745 
359674 
359675 
359676 
359677 
359678 
228606 
359679 
359680 
228608 
359681 
490753 
359682 
359683 
228611 
359684 
359685 
228613 
359686 
359687 
359688 
359689 
359690 
359691 
359692 
490764 
359693 
359694 
359695 
359696 
490769 
359697 
359698 
490771 
359699 
359700 
359701 
359702 
490775 
359703 
359704 
359705 
490778 
359706 
490779 
359707 
359708 
359709 
359710 
359711 
359712 
359713 
359714 
359715 
359716 
359717 
359718 
490791 
359719 
359720 
359721 
359722 
359723 
359724 
359725 
359726 
359727 
359728 
359729 
359730 
359731 
359732 
359733 
359734 
359735 
359736 
359737 
359738 
359739 
359740 
359741 
359742 
359743 
359744 
359745 
359746 
359747 
359748 
359749 
359750 
359751 
359752 
359753 
359754 
359755 
359756 
359757 
359758 
359759 
359760 
359761 
359762 
359763 
359764 
359765 
359766 
359767 
359768 
359769 
359770 
359771 
359772 
359773 
359774 
359775 
359776 
359777 
359778 
359779 
359780 
359781 
359782 
359783 
359784 
359785 
359786 
359787 
359788 
359789 
359790 
359791 
359792 
359793 
359794 
359795 
359797 
359799 
359801 
359803 
228733 
359805 
359807 
228736 
359809 
228739 
359811 
359813 
228742 
359815 
228745 
359817 
359819 
228748 
359821 
228751 
359823 
359825 
228754 
359827 
228757 
359829 
359831 
228760 
359833 
228763 
228766 
228769 
228772 
228775 
228778 
228781 
228788 
228789 
228790 
228791 
228793 
228796 
490958 
490959 
490960 
490961 
490962 
228819 
490964 
228821 
490966 
228823 
490968 
490985 
491001 
491002 
491003 
491004 
491007 
491011 
491034 
491035 
491036 
491037 
491040 
491041 
491042 
491045 
491049 
228916 
228942 
228968 
228975 
228977 
228980 
228982 
228984 
228997 
228999 
229000 
229002 
229028 
229071 
229073 
229074 
229076 
229102 
229105 
229136 
229139 
229141 
491294 
229163 
491321 
491324 
491327 
491329 
229186 
229189 
229191 
491339 
491340 
491341 
491342 
491343 
229207 
229220 
491367 
229223 
491369 
229225 
491371 
491376 
229234 
491379 
229238 
491383 
229241 
229243 
229244 
491392 
491422 
491426 
491427 
491433 
98218 
491441 
491445 
491447 
491448 
491449 
229329 
229333 
98376 
98445 
98449 
491776 
491777 
491778 
491779 
491780 
491781 
491782 
491783 
491784 
491785 
491786 
491787 
491788 
491789 
491790 
491791 
491792 
491793 
491794 
491795 
491796 
491797 
491798 
491799 
491800 
360728 
491801 
491802 
491803 
491804 
491805 
491806 
491807 
491808 
491809 
491810 
491811 
491812 
491813 
491814 
491815 
491816 
491817 
491818 
491819 
491820 
491821 
491822 
491823 
491824 
491825 
491826 
491827 
491828 
491829 
491830 
491831 
491832 
491833 
491834 
491835 
491836 
491837 
491838 
491839 
491840 
491841 
491842 
491843 
491844 
491845 
491846 
491847 
491848 
491849 
491850 
491851 
491852 
491853 
491854 
491855 
491856 
491857 
491858 
491859 
491860 
491861 
491862 
491863 
491864 
491865 
491866 
491867 
491868 
491869 
491870 
491871 
491872 
491873 
491874 
491875 
491876 
491877 
491878 
491879 
491880 
491881 
491882 
491883 
491884 
491885 
491886 
491887 
491888 
491889 
491890 
491891 
491892 
491893 
491894 
491895 
491896 
491897 
491898 
491899 
491900 
491901 
491902 
491903 
491904 
491905 
491906 
491907 
491908 
491909 
491910 
491911 
491912 
491913 
491914 
491915 
491916 
491917 
491918 
491919 
491920 
491921 
491922 
491923 
491924 
491926 
491928 
491930 
491932 
491934 
360864 
491936 
491938 
360868 
491940 
491942 
491944 
491946 
491948 
491950 
491952 
491954 
491956 
491958 
491960 
491962 
230331 
230356 
230380 
230403 
230425 
230446 
230448 
230468 
230503 
492659 
99447 
230520 
230522 
230538 
99472 
230565 
99496 
492713 
492715 
230578 
230580 
99519 
230592 
230611 
99541 
230620 
230622 
230630 
230641 
230646 
230648 
230652 
230655 
230656 
99595 
230710 
99646 
230761 
99718 
361866 
99722 
230812 
99742 
230814 
230816 
230818 
361891 
230820 
230822 
230824 
230826 
230829 
230831 
230833 
99762 
99763 
230835 
99765 
230837 
99767 
230839 
99769 
230841 
361915 
230843 
230845 
230847 
230849 
230851 
230853 
230855 
230857 
230858 
230859 
361938 
361940 
230884 
230900 
361981 
230925 
362001 
99859 
362003 
99869 
362022 
230953 
99891 
362055 
230984 
362071 
231000 
362073 
362088 
231025 
362113 
231053 
362125 
362127 
362138 
99999 
231082 
362155 
362163 
362165 
100024 
231097 
362172 
362181 
100040 
362185 
362187 
231118 
362190 
362191 
231139 
100074 
231156 
231167 
100099 
362245 
231180 
100115 
231191 
231199 
231206 
231212 
100140 
231217 
231221 
231224 
362296 
231226 
231227 
100168 
100199 
362346 
362347 
362348 
362349 
362350 
231278 
362351 
362352 
362353 
362354 
362355 
362356 
362357 
362358 
362359 
100215 
362360 
362361 
362362 
362363 
362364 
362365 
362366 
362367 
362368 
362369 
362370 
362371 
362372 
362373 
362374 
362375 
362376 
231304 
362377 
362378 
362379 
362380 
362381 
362382 
362383 
362384 
100240 
362385 
493457 
362386 
362387 
362388 
362389 
362390 
362391 
362392 
362393 
362394 
362395 
362396 
362397 
362398 
362399 
362400 
362401 
231330 
362402 
362403 
362404 
362405 
362406 
362407 
362408 
362409 
493482 
362410 
362411 
100268 
362412 
362413 
362414 
362415 
362416 
362417 
362418 
362419 
362420 
362421 
362422 
362423 
362424 
362425 
362426 
362427 
362428 
362429 
362430 
362431 
362432 
362433 
231361 
362434 
493506 
362435 
362436 
362437 
362438 
362439 
362440 
362441 
362442 
100299 
362443 
362444 
362445 
362446 
362447 
362448 
362449 
362450 
362451 
362452 
362453 
362454 
362455 
362456 
362457 
493529 
362458 
100315 
362459 
493531 
362460 
362461 
362462 
362463 
362464 
362465 
362466 
362467 
362468 
362469 
362470 
362471 
362472 
362473 
362474 
362475 
362476 
362477 
362478 
362479 
362480 
231408 
231409 
362481 
362482 
362483 
100340 
362484 
362485 
362486 
362487 
362488 
362489 
362490 
362491 
362492 
362493 
362494 
362495 
362497 
231425 
362499 
493572 
231428 
362501 
362503 
362505 
362507 
231436 
231437 
362509 
231438 
231439 
362511 
231440 
100368 
362513 
231442 
362515 
231444 
362517 
231445 
231447 
362519 
493592 
231448 
362521 
493594 
362523 
362525 
362527 
231456 
362529 
231458 
231459 
362531 
231460 
231461 
362533 
231469 
493613 
100399 
231478 
100415 
231487 
231496 
493646 
231505 
100440 
231514 
493662 
493664 
231523 
231532 
493679 
100468 
231541 
231550 
231559 
493704 
231568 
100499 
493716 
493718 
231577 
493729 
231586 
100515 
231595 
231601 
493746 
231604 
231609 
100538 
493754 
231612 
493756 
231616 
231619 
493763 
231622 
493772 
231631 
493776 
231632 
100562 
493778 
493781 
493782 
493792 
100583 
231655 
231661 
231664 
231666 
100595 
231667 
231676 
231678 
231681 
100611 
231683 
231684 
231696 
231698 
231699 
100628 
231702 
100631 
231746 
231748 
231750 
231751 
100707 
100708 
231781 
100709 
231783 
100711 
100713 
100714 
100717 
100719 
100722 
100724 
100726 
100729 
100732 
100734 
100736 
231810 
100738 
231812 
100740 
493958 
231814 
100742 
493959 
493960 
100744 
493961 
493962 
100746 
493964 
100748 
493966 
100750 
493968 
100752 
100753 
100754 
100755 
100756 
100757 
100758 
100759 
100760 
100761 
100762 
100763 
100764 
100765 
493982 
100766 
100767 
100768 
231841 
100769 
100770 
100771 
100772 
100773 
100774 
100775 
100776 
100777 
100778 
100779 
100780 
100781 
100782 
493999 
100783 
100784 
100785 
100786 
100787 
100788 
100789 
100790 
231862 
100791 
231864 
100792 
100793 
231866 
100794 
100795 
100796 
100797 
100798 
494015 
100799 
494016 
100800 
494017 
100801 
494018 
100802 
100803 
100804 
100805 
494022 
100806 
100807 
100808 
100809 
494026 
100810 
100811 
100812 
494029 
100813 
231885 
100814 
100815 
100816 
494033 
100817 
100818 
100819 
100820 
100821 
100822 
100823 
100824 
100825 
231898 
100826 
100827 
231900 
100828 
100829 
231902 
100830 
100831 
100832 
100833 
100834 
100835 
100836 
100837 
100838 
100839 
100840 
231913 
100841 
100842 
100843 
494060 
100844 
100845 
494061 
100846 
494062 
494063 
231919 
100847 
100848 
231921 
100849 
100850 
494066 
231923 
494067 
100851 
100852 
100853 
231926 
100854 
231927 
100855 
100856 
231929 
100857 
100858 
100859 
100860 
100861 
100862 
100863 
100864 
231937 
100865 
100866 
231939 
100867 
100868 
100869 
100870 
100871 
231943 
100872 
100873 
231945 
100874 
100875 
100876 
100877 
100878 
100879 
100880 
100881 
100882 
231954 
100883 
100884 
231956 
100885 
100886 
231959 
100887 
100888 
231961 
100889 
100890 
231963 
100891 
100892 
100893 
100894 
100895 
100896 
231969 
100897 
100898 
231971 
100899 
100900 
231972 
100901 
100902 
231974 
100903 
100904 
100905 
100906 
100907 
100908 
100909 
100910 
100911 
100912 
100913 
100914 
100915 
100916 
100917 
100918 
100919 
100920 
100921 
100922 
100923 
100924 
231997 
100925 
100926 
100927 
100928 
100929 
100930 
100931 
100934 
232103 
232105 
232108 
232109 
232110 
232114 
232115 
232116 
232118 
232120 
232123 
232124 
232125 
232126 
232127 
232128 
232129 
232130 
232131 
232132 
232133 
232134 
232135 
232136 
232137 
232138 
232139 
232140 
232141 
232142 
232143 
232144 
232145 
232146 
232147 
232148 
232149 
232150 
232151 
232152 
232153 
232154 
232155 
232156 
232157 
232158 
232159 
232160 
232161 
232162 
232163 
232164 
232165 
232166 
232167 
232168 
232169 
232170 
232171 
232172 
232173 
232174 
232175 
232176 
232177 
232178 
232179 
232180 
494324 
232181 
232182 
232183 
232184 
232185 
232186 
232187 
232188 
232189 
232190 
232191 
232192 
232193 
232194 
232195 
232196 
232197 
232198 
232199 
232200 
232201 
232202 
232203 
232204 
232205 
232206 
494350 
232207 
494351 
232208 
232209 
232210 
494354 
232211 
232212 
494356 
232213 
232214 
494358 
232215 
232216 
232217 
232218 
232219 
232220 
232221 
232222 
232223 
232224 
232225 
494369 
494370 
232226 
232227 
494371 
494372 
232228 
232229 
232230 
232231 
232232 
232233 
232234 
232235 
232236 
232237 
232238 
232239 
232240 
232241 
232242 
232243 
232244 
232245 
232246 
232247 
232248 
232249 
232250 
232251 
494395 
232252 
232253 
494397 
232254 
232255 
494399 
232256 
232257 
494401 
232258 
232259 
232260 
232261 
232262 
232263 
494407 
232264 
232265 
494410 
232266 
232267 
232268 
232269 
494414 
232270 
232271 
232272 
232273 
232274 
232275 
494420 
232276 
232277 
494422 
232278 
232279 
232280 
232281 
232282 
232283 
232284 
232285 
232286 
232287 
232288 
232289 
232290 
232291 
232292 
232293 
232294 
232295 
232296 
232297 
232298 
232299 
232300 
232301 
232302 
232303 
232304 
232305 
232306 
232307 
232308 
232309 
232310 
232311 
232312 
232313 
232314 
232315 
494460 
232316 
494461 
232317 
494462 
232318 
232319 
232320 
232321 
232322 
232323 
494468 
232324 
232325 
232326 
232327 
232328 
232330 
494476 
232332 
232334 
232336 
494482 
232338 
232340 
494485 
232342 
232344 
232346 
232348 
232350 
232352 
232354 
232356 
363428 
232358 
232360 
232362 
232364 
232366 
363564 
363568 
494839 
494840 
494841 
494842 
494843 
494844 
494845 
494846 
494847 
494848 
494849 
494850 
494851 
494852 
494853 
494854 
494855 
494856 
494857 
494858 
494859 
494860 
494861 
494862 
494863 
494864 
494865 
494866 
494867 
494868 
494869 
494870 
494871 
494872 
494873 
494874 
494875 
494876 
494877 
494878 
494879 
494880 
494881 
494882 
494883 
494884 
494885 
494886 
494887 
494888 
494889 
494890 
494891 
494892 
494893 
494894 
494895 
494896 
494897 
494898 
494899 
494900 
494901 
494902 
494903 
494904 
494905 
494906 
494907 
494908 
101693 
494909 
494910 
494911 
494912 
494913 
494914 
494915 
494916 
494917 
494918 
494919 
494920 
494921 
494922 
494923 
494924 
494925 
494926 
494927 
494928 
494929 
494930 
494931 
494932 
494933 
494934 
494935 
494936 
494937 
494938 
494939 
494940 
494941 
494942 
494943 
494944 
494945 
494946 
494947 
494948 
494949 
494950 
494951 
494952 
494953 
494954 
494955 
494956 
494957 
494958 
101742 
494959 
494960 
494961 
494962 
494963 
494964 
494965 
494966 
494967 
494968 
494969 
494970 
494971 
494972 
494973 
494974 
494975 
101760 
494976 
494977 
494978 
494979 
494980 
494981 
494982 
494984 
494986 
494988 
494990 
494992 
494994 
101780 
494996 
494998 
495000 
495002 
495004 
101790 
495006 
495008 
495010 
495012 
495014 
495016 
101802 
495018 
495020 
101816 
101831 
101848 
101867 
101888 
101911 
101936 
101963 
101992 
233261 
233310 
233312 
233314 
233316 
233318 
233320 
233322 
233325 
233327 
233329 
233331 
233333 
233335 
233337 
233338 
233340 
233342 
233344 
233346 
233348 
233350 
233352 
233354 
233356 
233358 
233360 
364566 
364591 
364615 
495689 
364638 
364640 
364662 
495740 
495742 
364701 
364720 
364722 
364740 
364771 
364786 
364788 
364802 
233741 
233743 
233745 
233746 
364825 
364836 
364838 
364848 
364863 
364870 
364872 
364878 
364885 
364888 
364890 
364891 
233840 
233843 
233846 
233848 
233849 
233858 
233860 
233863 
233865 
233866 
364945 
364996 
102890 
233974 
365046 
365047 
365048 
365049 
233977 
365050 
365051 
365052 
233980 
365053 
365054 
365055 
233983 
365056 
365057 
365058 
233986 
365059 
365060 
365061 
233989 
365062 
365063 
365064 
233992 
365065 
365066 
365067 
233995 
365068 
365069 
365070 
233998 
365071 
365072 
365073 
234001 
365074 
365075 
365076 
234004 
365077 
365078 
365079 
234007 
365080 
365081 
365082 
234010 
365083 
365084 
365085 
234013 
365086 
365087 
365088 
234016 
365089 
365090 
365091 
234019 
365092 
365093 
365094 
234022 
365095 
365096 
234025 
365097 
365098 
365099 
365100 
365101 
365102 
102959 
365103 
234032 
365104 
234033 
365105 
234034 
365106 
234035 
102963 
365107 
365108 
234037 
365109 
365110 
234039 
365111 
365112 
365113 
365114 
365115 
365116 
365117 
365118 
365119 
365120 
365121 
365122 
365123 
365124 
365125 
365126 
365127 
365128 
365129 
365130 
365131 
365132 
365133 
365134 
234063 
365135 
365136 
234065 
365137 
365138 
365139 
234067 
365140 
365141 
365142 
365143 
365144 
365145 
365146 
365147 
365148 
365149 
365150 
365151 
365152 
365153 
365154 
365155 
365156 
365157 
365158 
365159 
365160 
365161 
365162 
365163 
365164 
365165 
365166 
365167 
365168 
365169 
365170 
365171 
365172 
365173 
365174 
365175 
365176 
365177 
365178 
365179 
365180 
365181 
365182 
365183 
365184 
365185 
365186 
365187 
365188 
365189 
365190 
365191 
365192 
365193 
365194 
365195 
365197 
365199 
365201 
365203 
365205 
365207 
365209 
234137 
365211 
365213 
365215 
365217 
365219 
365221 
365223 
365225 
365227 
365229 
365231 
365233 
234163 
234189 
234220 
234227 
234229 
234233 
234235 
234245 
234249 
234251 
234253 
234299 
496449 
496474 
234341 
234343 
234345 
234347 
496498 
234373 
496521 
496523 
496545 
234403 
234406 
234408 
234427 
496584 
234447 
234450 
234452 
496603 
496605 
234465 
234475 
234478 
496623 
234480 
234485 
234488 
234489 
234490 
496654 
496669 
496671 
496685 
496708 
496719 
496721 
234578 
234582 
496731 
496746 
496753 
496755 
496761 
496768 
496771 
496773 
496774 
496782 
496947 
496948 
496949 
496950 
496951 
496953 
496955 
496957 
496971 
496986 
497003 
497019 
497020 
497021 
497022 
497027 
497030 
497034 
497038 
497041 
497045 
497074 
497075 
497076 
497077 
497078 
103961 
366128 
103986 
104010 
104033 
104055 
104076 
366264 
366268 
104130 
497357 
497380 
497383 
497385 
497387 
497389 
104181 
497401 
497402 
497403 
497404 
497405 
497429 
497431 
497433 
497440 
497443 
497447 
497450 
104234 
497454 
497463 
104256 
104275 
497493 
497497 
497498 
497504 
104294 
104296 
497512 
104298 
104300 
497519 
497523 
497524 
104389 
104411 
104422 
235580 
104530 
235605 
104555 
235629 
104571 
235652 
235654 
104596 
235695 
104630 
235715 
235717 
104655 
235736 
104671 
497896 
497897 
497898 
497899 
497900 
497901 
497902 
497903 
497904 
497905 
497906 
497907 
497908 
497909 
497910 
497911 
497912 
104696 
497913 
235769 
497914 
497915 
497916 
497917 
497918 
497919 
497920 
497921 
497922 
497923 
497924 
497925 
497926 
497927 
497928 
497929 
235785 
497930 
497931 
235787 
497932 
497933 
497934 
497935 
497936 
497937 
497938 
497939 
497940 
104724 
497941 
497942 
497943 
497944 
497945 
497946 
235802 
497947 
497948 
497949 
497950 
497951 
497952 
497953 
497954 
497955 
497956 
497957 
497958 
497959 
497960 
497961 
497962 
497963 
497964 
497965 
497966 
497967 
497968 
497969 
497970 
104755 
497971 
235827 
497972 
497973 
497974 
497975 
497976 
497977 
497978 
497979 
497980 
497981 
497982 
497983 
235839 
497984 
497985 
235841 
497986 
104771 
497987 
497988 
497989 
497990 
497991 
497992 
497993 
497994 
497995 
497996 
235852 
497997 
497998 
497999 
498000 
498001 
498002 
498003 
498004 
498005 
498006 
498007 
498008 
498009 
498010 
498011 
104796 
498012 
498013 
235869 
498014 
498015 
498016 
498017 
498018 
498019 
498020 
235877 
498021 
498022 
235879 
498023 
498024 
498025 
498026 
498027 
498028 
498029 
235886 
498030 
498031 
498032 
498033 
498034 
498035 
498036 
498037 
235895 
498039 
104824 
498041 
235899 
498043 
235901 
498045 
498047 
235904 
498049 
235905 
498051 
498053 
498055 
498057 
498059 
498061 
498063 
498065 
498067 
498069 
104855 
498071 
498073 
498075 
104871 
235959 
104896 
104924 
236010 
104955 
104971 
236061 
236063 
236065 
236067 
104996 
236069 
236071 
236073 
236075 
236078 
236080 
236082 
236084 
236086 
236088 
236090 
236092 
236094 
236095 
236096 
105024 
236098 
236100 
236102 
236104 
236106 
236108 
105053 
236133 
105068 
236149 
105089 
236174 
105110 
367266 
105127 
236202 
105138 
367291 
105152 
236233 
105166 
105168 
367315 
236249 
367338 
236274 
367360 
367362 
236300 
367383 
236325 
236339 
105269 
105271 
105273 
105274 
367420 
105277 
105279 
105281 
236356 
105284 
105286 
105288 
105290 
105293 
367438 
105294 
367440 
105298 
105299 
105301 
236374 
105303 
105305 
105307 
105309 
105311 
367457 
105313 
236387 
105315 
105317 
105318 
105319 
105320 
105321 
105322 
105323 
105324 
105325 
236397 
105326 
105327 
105328 
105329 
105330 
105331 
105332 
105333 
236406 
105334 
105335 
105336 
105337 
105338 
105339 
105340 
105341 
236414 
105342 
367486 
105343 
105344 
105345 
105346 
105347 
105348 
236420 
105349 
105350 
105351 
105352 
105353 
236426 
105354 
105355 
105356 
367500 
105357 
236430 
105358 
367502 
105359 
105360 
105361 
236434 
105362 
105363 
105364 
236436 
105365 
236438 
105366 
236439 
105367 
105368 
105369 
105370 
105371 
367515 
105372 
105373 
105374 
105375 
105376 
105377 
105378 
105379 
105380 
105381 
105382 
105383 
105384 
105385 
105386 
105387 
105388 
105389 
105390 
105391 
105392 
367536 
105393 
236465 
105394 
105395 
105396 
105397 
105398 
105399 
105400 
105401 
367546 
105402 
105403 
367548 
105404 
105405 
105406 
105407 
105408 
105409 
105410 
105411 
105412 
105413 
367557 
105414 
105415 
105416 
105417 
105418 
105419 
236491 
105420 
105421 
105422 
105423 
105424 
105425 
367570 
105426 
105427 
105428 
105429 
105430 
105431 
367576 
105432 
105433 
367578 
105434 
105435 
105436 
105437 
105438 
105439 
367583 
105440 
105441 
105442 
105443 
105444 
367588 
105445 
236517 
105446 
367590 
105447 
367591 
105448 
105449 
105450 
105451 
105452 
105453 
105454 
105455 
105456 
105457 
105458 
105459 
105460 
105461 
105462 
105463 
105464 
105465 
105466 
105467 
105468 
105469 
105470 
105471 
105472 
105473 
105474 
105475 
236548 
105476 
105477 
105478 
105479 
105480 
105481 
105482 
105483 
105484 
105485 
236557 
236558 
105486 
105487 
105488 
105489 
105490 
105491 
105492 
105493 
105494 
105495 
105496 
105497 
105498 
367645 
105501 
105503 
498724 
236581 
236598 
236599 
367696 
498773 
498775 
236635 
236636 
236652 
236655 
236663 
236664 
236665 
236666 
236667 
236669 
236671 
236672 
236674 
367746 
367747 
236675 
367748 
367749 
367750 
367751 
367752 
367753 
367754 
367755 
236683 
367756 
367757 
236685 
367758 
236686 
367759 
236687 
367760 
236688 
367761 
367762 
367763 
367764 
367765 
367766 
367767 
367768 
236696 
367769 
367770 
367771 
367772 
367773 
367774 
367775 
367776 
367777 
236705 
367778 
367779 
367780 
367781 
367782 
367783 
367784 
367785 
367786 
236714 
367787 
367788 
367789 
367790 
367791 
367792 
367793 
367794 
367795 
236723 
367796 
367797 
367798 
367799 
367800 
367801 
367802 
367803 
236732 
367804 
367805 
367806 
367807 
367808 
367809 
367810 
367811 
367812 
236741 
367813 
367814 
367815 
367816 
367817 
367818 
367819 
367820 
367821 
236750 
367822 
367823 
367824 
367825 
367826 
367827 
367828 
367829 
367830 
236759 
367831 
367832 
367833 
367834 
367835 
367836 
367837 
367838 
367839 
236768 
367840 
367841 
367842 
367843 
367844 
367845 
367846 
367847 
367848 
236777 
367849 
367850 
367851 
367852 
367853 
367854 
367855 
367856 
367857 
236786 
367858 
367859 
367860 
367861 
367862 
367863 
367864 
367865 
367866 
236795 
367867 
367868 
367869 
367870 
367871 
367872 
367873 
367874 
367875 
236804 
367876 
367877 
367878 
367879 
367880 
367881 
367882 
367883 
367884 
236813 
367885 
367886 
367887 
367888 
367889 
367890 
367891 
367892 
367893 
236822 
367894 
367895 
367897 
367899 
236828 
367901 
236831 
367903 
367905 
367907 
236836 
367909 
236839 
367911 
367913 
367915 
236843 
367917 
236846 
367919 
236849 
367921 
367923 
367925 
367927 
367929 
236858 
367931 
367933 
236865 
236871 
236876 
236898 
236904 
236907 
236909 
236910 
236920 
236923 
236925 
236926 
236938 
236940 
236943 
236945 
236989 
236992 
236994 
236996 
237026 
237053 
237055 
237057 
237081 
237101 
237103 
237105 
237121 
237133 
237135 
237137 
237146 
237150 
237151 
237153 
237154 
237156 
237164 
237166 
237170 
237172 
237181 
237183 
237187 
237189 
237196 
237198 
237221 
499446 
237309 
237312 
237313 
237314 
237318 
237319 
237320 
237322 
237325 
237326 
499471 
237327 
237328 
237329 
237330 
237331 
237332 
237333 
237334 
237335 
237336 
237337 
237338 
237339 
237340 
237341 
237342 
237343 
237344 
237345 
237346 
237347 
237348 
237349 
237350 
106278 
237351 
499495 
237352 
237353 
237354 
237355 
237356 
237357 
237358 
237359 
237360 
237361 
237362 
237363 
237364 
237365 
237366 
237367 
237368 
237369 
237370 
237371 
237372 
237373 
499518 
237374 
237375 
237376 
237377 
237378 
237379 
237380 
237381 
237382 
237383 
237384 
237385 
237386 
237387 
237388 
237389 
237390 
237391 
237392 
237393 
237394 
237395 
499540 
237396 
237397 
499542 
237398 
106327 
237399 
237400 
237401 
237402 
237403 
237404 
237405 
237406 
237407 
237408 
237409 
237410 
237411 
237412 
237413 
237414 
237415 
237416 
237417 
106345 
237418 
237419 
499563 
237420 
237421 
237422 
237423 
237424 
237425 
237426 
237427 
237428 
237429 
237430 
237431 
237432 
237433 
237434 
106363 
237435 
237436 
237437 
237438 
237439 
237440 
237441 
237442 
237443 
237444 
106373 
237445 
237446 
237447 
237448 
237449 
237450 
237451 
237452 
237453 
237454 
237455 
237456 
499600 
106385 
237457 
237458 
237459 
237460 
237461 
237462 
237463 
237464 
237465 
237466 
237467 
237468 
237469 
237470 
106399 
237471 
237472 
237473 
499618 
237474 
237475 
237476 
499620 
237477 
237478 
237479 
237480 
237481 
237482 
237483 
237484 
237485 
106414 
237486 
237487 
237488 
237489 
237490 
237491 
237492 
237493 
499637 
237494 
237495 
237496 
237497 
237498 
237499 
237500 
237501 
237502 
106431 
237503 
237504 
237505 
237506 
237507 
237508 
237509 
237510 
237511 
237512 
237513 
237514 
237515 
237516 
237517 
237518 
237519 
237520 
237521 
106450 
499666 
237522 
237523 
237524 
237525 
237526 
237527 
237528 
237529 
237530 
237532 
237534 
237536 
499680 
499682 
237538 
237540 
237542 
106471 
237544 
237546 
237548 
237550 
499695 
237552 
237554 
237556 
237558 
237560 
237562 
237564 
106494 
237566 
237568 
499716 
499726 
499728 
106519 
499737 
499750 
499756 
499758 
106546 
499763 
499768 
499770 
499771 
499777 
106575 
368828 
499940 
499941 
499942 
499943 
499944 
499946 
499948 
499950 
499964 
499979 
499994 
500010 
500026 
500027 
500028 
500029 
500033 
368964 
500037 
368968 
500042 
500045 
500049 
500053 
500056 
500060 
500088 
500089 
500090 
500091 
500381 
500405 
500407 
500409 
500411 
500413 
500426 
500427 
500428 
500429 
500452 
500454 
500456 
500458 
500466 
500469 
500472 
500474 
500478 
500484 
500486 
500524 
500525 
500526 
500532 
500540 
500548 
500552 
500554 
238463 
238512 
238514 
238516 
238518 
238520 
238522 
238524 
238527 
238529 
238531 
238533 
238535 
238537 
238538 
238540 
238542 
238544 
238546 
238548 
238550 
238552 
238554 
238556 
238558 
238560 
238562 
107507 
107576 
107580 
500944 
500945 
500946 
500947 
500948 
500949 
500950 
500951 
500952 
500953 
500954 
500955 
500956 
500957 
500958 
500959 
500960 
500961 
500962 
500963 
500964 
500965 
500966 
500967 
500968 
500969 
500970 
500971 
500972 
500973 
500974 
500975 
500976 
500977 
500978 
500979 
500980 
500981 
500982 
500983 
500984 
500985 
500986 
500987 
500988 
500989 
500990 
500991 
500992 
500993 
500994 
500995 
500996 
500997 
500998 
500999 
501000 
501001 
501002 
501003 
501004 
501005 
501006 
501007 
501008 
501009 
501010 
501011 
501012 
501013 
501014 
501015 
501016 
501017 
501018 
501019 
501020 
501021 
501022 
501023 
501024 
501025 
501026 
501027 
501028 
501029 
501030 
501031 
501032 
501033 
501034 
501035 
501036 
501037 
501038 
369966 
501039 
501040 
501041 
501042 
501043 
501044 
501045 
501046 
501047 
501048 
501049 
501050 
501051 
501052 
501053 
501054 
238910 
501055 
501056 
238912 
501057 
501058 
238914 
501059 
238915 
501060 
501061 
501062 
369991 
501063 
501064 
501065 
501066 
501067 
501068 
501069 
501070 
501071 
501072 
501073 
501074 
501075 
501076 
501077 
501078 
501079 
501080 
501081 
501082 
501083 
501085 
501087 
370015 
501089 
501091 
501093 
501095 
501097 
501099 
501101 
501103 
501105 
501107 
501109 
370038 
501111 
501113 
501115 
501117 
501119 
501121 
370060 
239008 
370081 
370083 
239011 
239014 
239016 
239017 
239027 
239030 
370103 
239032 
239033 
370138 
370155 
370157 
370173 
370200 
239133 
239136 
239139 
370213 
239142 
370215 
239145 
239148 
239151 
239154 
370227 
239157 
239160 
239163 
239166 
239169 
239172 
370246 
239175 
239178 
239181 
370255 
239184 
370257 
239187 
370265 
239194 
239195 
239196 
239197 
239200 
370276 
239208 
370281 
370283 
370287 
370290 
370291 
239231 
239233 
239235 
370345 
239286 
239312 
370396 
239338 
239369 
370446 
370447 
370448 
370449 
370450 
370451 
370452 
370453 
370454 
370455 
370456 
370457 
370458 
370459 
370460 
370461 
370462 
370463 
370464 
370465 
370466 
370467 
370468 
370469 
370470 
370471 
370472 
239400 
370473 
370474 
370475 
370476 
370477 
370478 
370479 
239407 
370480 
370481 
239409 
370482 
370483 
370484 
370485 
239413 
370486 
370487 
239415 
370488 
370489 
370490 
370491 
370492 
370493 
370494 
370495 
370496 
239424 
370497 
239426 
370498 
370499 
370500 
239429 
370501 
370502 
239431 
370503 
370504 
239433 
370505 
370506 
370507 
370508 
370509 
370510 
370511 
370512 
370513 
370514 
370515 
370516 
370517 
370518 
239447 
370519 
239448 
370520 
239449 
370521 
370522 
239451 
370523 
370524 
370525 
370526 
370527 
370528 
370529 
370530 
370531 
239459 
370532 
239460 
370533 
239461 
370534 
370535 
239463 
370536 
370537 
370538 
370539 
370540 
370541 
370542 
370543 
370544 
370545 
370546 
370547 
370548 
370549 
370550 
370551 
370552 
370553 
370554 
370555 
370556 
370557 
370558 
239486 
370559 
370560 
370561 
370562 
370563 
370564 
370565 
370566 
370567 
239495 
370568 
370569 
370570 
239498 
370571 
370572 
370573 
370574 
370575 
370576 
370577 
370578 
370579 
370580 
370581 
370582 
370583 
370584 
370585 
370586 
370587 
370588 
370589 
370590 
370591 
370592 
370593 
370594 
370595 
370597 
370599 
239529 
370601 
370603 
239532 
370605 
239534 
370607 
370609 
370611 
370613 
370615 
370617 
370619 
370621 
370623 
370625 
370627 
370629 
239559 
370631 
370633 
239586 
239589 
239591 
501742 
239609 
239626 
239629 
239631 
239643 
501788 
501790 
239650 
108578 
239653 
239655 
239659 
239660 
108603 
108627 
108650 
108652 
239748 
239752 
108693 
108713 
108767 
108818 
108869 
108892 
108910 
108929 
108931 
108933 
109013 
109043 
109067 
109163 
109188 
109213 
502434 
109229 
502459 
109254 
502483 
109282 
502506 
502528 
109313 
109329 
502549 
502551 
109354 
502571 
109382 
371528 
502606 
502623 
502625 
109413 
502641 
109429 
502668 
109454 
502681 
502683 
502695 
109482 
502714 
502723 
502725 
109513 
502733 
371664 
371668 
502744 
109529 
502749 
502751 
502755 
502758 
502759 
502763 
109554 
109582 
109613 
109629 
109654 
240750 
109680 
240775 
109705 
502925 
502926 
502927 
502928 
502929 
502931 
502933 
109719 
502935 
240799 
502949 
109736 
502964 
240822 
240824 
109754 
502979 
109767 
240846 
109777 
502994 
109788 
503008 
109799 
503024 
503025 
503026 
503027 
240885 
503032 
503035 
503039 
503043 
503048 
240904 
240906 
503051 
503055 
503059 
503061 
503064 
240924 
503091 
503092 
503093 
240955 
240970 
240972 
240986 
241009 
241020 
241022 
109954 
109955 
109957 
109959 
241032 
109961 
109963 
109966 
109968 
109970 
109972 
109974 
241047 
109975 
109976 
109981 
241054 
109982 
109983 
241056 
109984 
109986 
109988 
241062 
109990 
109992 
109994 
109996 
241069 
109998 
109999 
110000 
241072 
110001 
110002 
241074 
110003 
241075 
110004 
110005 
110006 
110007 
110008 
110009 
110010 
110011 
110012 
110013 
110014 
110015 
110016 
110017 
110018 
110019 
110020 
110021 
110022 
110023 
110024 
110025 
110026 
110027 
110028 
110029 
110030 
110031 
110032 
110033 
110034 
110035 
110036 
110037 
110038 
110039 
110040 
110041 
110042 
110043 
110044 
110045 
110046 
110047 
110048 
110049 
110050 
110051 
110052 
110053 
110054 
110055 
110056 
241129 
110057 
110058 
110059 
110060 
110061 
110062 
110063 
110064 
110065 
110066 
110067 
110068 
110069 
110070 
110071 
110072 
110073 
110074 
110075 
110076 
110077 
110078 
110079 
110080 
110081 
110082 
110083 
110084 
110085 
110086 
110087 
110088 
110089 
110090 
110091 
110092 
110093 
110094 
110095 
110096 
110097 
110098 
110099 
110100 
110101 
110102 
110103 
110104 
110105 
110106 
110107 
110108 
241180 
110109 
110110 
110111 
110112 
110113 
110114 
110115 
110116 
110117 
110118 
110119 
110120 
110121 
110122 
110123 
110124 
110125 
110126 
110127 
110128 
110129 
110130 
110131 
110132 
110133 
110134 
110135 
110136 
110137 
110138 
110139 
110140 
110141 
110142 
110143 
110144 
110145 
110146 
110147 
110148 
110149 
110150 
110151 
110152 
110153 
110154 
110155 
110156 
110157 
110158 
241231 
110159 
110160 
241233 
110161 
110162 
241235 
110163 
110164 
241237 
110165 
110166 
110167 
241239 
110168 
241241 
110169 
110170 
241243 
110171 
110172 
241245 
110173 
110174 
110175 
110176 
241248 
110177 
110178 
241250 
503394 
110179 
241252 
110180 
110181 
241254 
110184 
241256 
241258 
110186 
110188 
241260 
241262 
241264 
241265 
241266 
241268 
241270 
241272 
503417 
241274 
503419 
241276 
503421 
241278 
503423 
503425 
503427 
503441 
503442 
503443 
503444 
503445 
241303 
241319 
503469 
503471 
503473 
503482 
503485 
503486 
241344 
503488 
503492 
503496 
503500 
503509 
241372 
503539 
503543 
503544 
241403 
503550 
503558 
241419 
503566 
503572 
503575 
241442 
241466 
241487 
241499 
241514 
241529 
241539 
241547 
241554 
241560 
241565 
241569 
241572 
241574 
241575 
241576 
372666 
241602 
372691 
241628 
372715 
241659 
372738 
372740 
241668 
241669 
241692 
241698 
241703 
372781 
241725 
372801 
372803 
241742 
241743 
241749 
372822 
241754 
372855 
241786 
241787 
372871 
372873 
241803 
241806 
241814 
241815 
241816 
372888 
241817 
241818 
241820 
241822 
241823 
241825 
241826 
241834 
241836 
241837 
241838 
241839 
372913 
241847 
503992 
503993 
503994 
503995 
503996 
503997 
372925 
503998 
503999 
372927 
504000 
241856 
504001 
504002 
504003 
504004 
504005 
504006 
504007 
504008 
504009 
241865 
504010 
372938 
504011 
504012 
504013 
504014 
504015 
504016 
504017 
504018 
241874 
504019 
504020 
504021 
504022 
504023 
504024 
504025 
504026 
504027 
241883 
372955 
504028 
504029 
504030 
504031 
504032 
504033 
504034 
504035 
372963 
504036 
241892 
504037 
372965 
504038 
504039 
504040 
504041 
504042 
504043 
372972 
504044 
241901 
504045 
504046 
504047 
504048 
504049 
504050 
504051 
504052 
372981 
504053 
241910 
504054 
504055 
504056 
372985 
504057 
504058 
372987 
504059 
504060 
504061 
504062 
372990 
504063 
241919 
372991 
504064 
504065 
504066 
504067 
504068 
504069 
504070 
504071 
241928 
504072 
504073 
504074 
504075 
504076 
504077 
504078 
504079 
504080 
241937 
504081 
504082 
504083 
504084 
504085 
504086 
504087 
504088 
504089 
241946 
504090 
504091 
504092 
504093 
504094 
504095 
504096 
504097 
504098 
241955 
504099 
504100 
504101 
504102 
504103 
504104 
504105 
504106 
504107 
241964 
504108 
504109 
504110 
504111 
504112 
504113 
504114 
504115 
504116 
241973 
373045 
504117 
504118 
504119 
504120 
504121 
504122 
241979 
504123 
504124 
504125 
241982 
504126 
504127 
504128 
504130 
241987 
504132 
241990 
504134 
504136 
504138 
241994 
504140 
241997 
504142 
504144 
242000 
504146 
504148 
504150 
504152 
242009 
504154 
504156 
504158 
504160 
242016 
504162 
504164 
242021 
242022 
504166 
242023 
242024 
373096 
242027 
242028 
242029 
242030 
242036 
242039 
242042 
110978 
242063 
242068 
242071 
242073 
242074 
373146 
373147 
373148 
373149 
373150 
373151 
373152 
373153 
373154 
373155 
373156 
242084 
373157 
373158 
373159 
242087 
373160 
373161 
242089 
373162 
242090 
373163 
373164 
373165 
373166 
373167 
373168 
373169 
373170 
373171 
111027 
373172 
373173 
373174 
242102 
373175 
373176 
242104 
373177 
373178 
373179 
242107 
373180 
373181 
242109 
373182 
373183 
242111 
373184 
373185 
373186 
373187 
373188 
111044 
373189 
373190 
111046 
373191 
373192 
373193 
373194 
373195 
373196 
373197 
373198 
373199 
373200 
373201 
242130 
373202 
373203 
373204 
242133 
373205 
111062 
373206 
373207 
373208 
373209 
373210 
373211 
373212 
373213 
373214 
111071 
373215 
373216 
373217 
373218 
373219 
373220 
373221 
373222 
373223 
373224 
373225 
373226 
111083 
373227 
373228 
373229 
373230 
373231 
242160 
373232 
373233 
242162 
373234 
373235 
242164 
373236 
373237 
373238 
373239 
373240 
111097 
373241 
373242 
373243 
373244 
373245 
373246 
373247 
373248 
373249 
373250 
373251 
373252 
373253 
373254 
373255 
111112 
373256 
373257 
373258 
373259 
373260 
373261 
373262 
373263 
373264 
242193 
373265 
373266 
373267 
373268 
373269 
373270 
373271 
373272 
111129 
373273 
373274 
373275 
373276 
373277 
373278 
373279 
373280 
373281 
373282 
373283 
373284 
373285 
373286 
373287 
373288 
373289 
242218 
373290 
373291 
111148 
242220 
373292 
373293 
242222 
373294 
373295 
373297 
373299 
373301 
373303 
373305 
373307 
373309 
373311 
111169 
373313 
242243 
373315 
373317 
373319 
373321 
373323 
373325 
373327 
373329 
373331 
242260 
373333 
242262 
111192 
242264 
242277 
242287 
111217 
242289 
242291 
242297 
242299 
242300 
242302 
242310 
242312 
111244 
242316 
242318 
242327 
242329 
242333 
242335 
242342 
242344 
111273 
242367 
242439 
242440 
242441 
242445 
242446 
242447 
242450 
242451 
242452 
242453 
242454 
242455 
242456 
242457 
242458 
242459 
242460 
242461 
242462 
242463 
242464 
242465 
242466 
242467 
242468 
242469 
242470 
242471 
242472 
242473 
242474 
242475 
242476 
242477 
242478 
242479 
242480 
242481 
242482 
242483 
242484 
242485 
242486 
242487 
242488 
242489 
242490 
242491 
242492 
242493 
242494 
242495 
242496 
242497 
242498 
242499 
242500 
242501 
242502 
242503 
242504 
242505 
242506 
242507 
242508 
242509 
242510 
242511 
242512 
242513 
242514 
242515 
242516 
242517 
242518 
242519 
242520 
242521 
242522 
242523 
242524 
242525 
242526 
242527 
242528 
242529 
242530 
242531 
242532 
242533 
242534 
242535 
242536 
242537 
242538 
242539 
242540 
242541 
242542 
242543 
242544 
242545 
242546 
242547 
242548 
242549 
242550 
242551 
242552 
242553 
242554 
242555 
242556 
242557 
242558 
242559 
242560 
242561 
242562 
242563 
242564 
242565 
242566 
242567 
242568 
242569 
242570 
242571 
242572 
242573 
242574 
242575 
242576 
242577 
242578 
242579 
242580 
242581 
242582 
242583 
242584 
242585 
242586 
242587 
242588 
242589 
242590 
242591 
242592 
242593 
242594 
242595 
242596 
242597 
242598 
242599 
242600 
242601 
242602 
242603 
242604 
242605 
242606 
242607 
242608 
242609 
242610 
242611 
242612 
242613 
242614 
242615 
504759 
242616 
242617 
242618 
242619 
242620 
242621 
242622 
242623 
242624 
242625 
242626 
242627 
242628 
242629 
242630 
242631 
242632 
242633 
242634 
242635 
242636 
242637 
242638 
242639 
242640 
242641 
242642 
242643 
242644 
242645 
242646 
242647 
242648 
242649 
242650 
242651 
242652 
242653 
242654 
242655 
242656 
504802 
242658 
504804 
242660 
242662 
242664 
242666 
242668 
242670 
242672 
242674 
242676 
242678 
242680 
242682 
242684 
242686 
242688 
242690 
242692 
242694 
374228 
505408 
505433 
374364 
374368 
112224 
505457 
505480 
505482 
112293 
112297 
505523 
505543 
505545 
505564 
505597 
505613 
505615 
505630 
505655 
505667 
505669 
505680 
505697 
505705 
505707 
505714 
505723 
505727 
505729 
505732 
243589 
505733 
505735 
243638 
243640 
243642 
243644 
243646 
243648 
243650 
243652 
243654 
243656 
243658 
243660 
243662 
243664 
243666 
243668 
243670 
243672 
243674 
243676 
243678 
243680 
243682 
243684 
243686 
243688 
505896 
505897 
505898 
505899 
505900 
505902 
505904 
505906 
505920 
505935 
505950 
505965 
505980 
505993 
506009 
506010 
506011 
506012 
506016 
506020 
506025 
506028 
506032 
506036 
506041 
506044 
506048 
506051 
506052 
506054 
243996 
243998 
244000 
244001 
244093 
244096 
244099 
244101 
244102 
244112 
244115 
244117 
244118 
244220 
244223 
244226 
244229 
244232 
244235 
244238 
244241 
244244 
244247 
244250 
244253 
244256 
244259 
506405 
244262 
244265 
244268 
244271 
244274 
244277 
506426 
244284 
506428 
244285 
244286 
506430 
244287 
506432 
244288 
244289 
506434 
506436 
244294 
506438 
375366 
244295 
244296 
506453 
506454 
506455 
506456 
375391 
244320 
244322 
244324 
506479 
506481 
506483 
506485 
375415 
506495 
244352 
506497 
244353 
244354 
506499 
244355 
506503 
506506 
506510 
375438 
113295 
375440 
506516 
506518 
244381 
375462 
113320 
244407 
506556 
506557 
506558 
113344 
506564 
506572 
375501 
506580 
244438 
113367 
113369 
506587 
506591 
506592 
375520 
375522 
113391 
375540 
244469 
375571 
244500 
113430 
244507 
244509 
244513 
375586 
244515 
375588 
113449 
244524 
244526 
375602 
244530 
244532 
244542 
244547 
244550 
244552 
375625 
244557 
244559 
244561 
244563 
375636 
375638 
113503 
375648 
244586 
375663 
244595 
375670 
375672 
375678 
375685 
375688 
375690 
375691 
113554 
244628 
244631 
244633 
244655 
375745 
113605 
244678 
244681 
244683 
113625 
244699 
244712 
244715 
113644 
244717 
375796 
244726 
244730 
244733 
113662 
113663 
244735 
244736 
113665 
375846 
375847 
375848 
375849 
375850 
375851 
375852 
375853 
375854 
375855 
375856 
375857 
375858 
375859 
375860 
375861 
375862 
375863 
375864 
375865 
375866 
375867 
375868 
375869 
375870 
375871 
375872 
375873 
375874 
375875 
375876 
375877 
375878 
375879 
375880 
375881 
375882 
375883 
375884 
375885 
375886 
375887 
375888 
113745 
375889 
375890 
375891 
375892 
375893 
375894 
375895 
375896 
244824 
375897 
375898 
375899 
244828 
375900 
375901 
375902 
375903 
375904 
375905 
375906 
375907 
375908 
113765 
375909 
375910 
375911 
375912 
375913 
375914 
375915 
375916 
375917 
375918 
375919 
375920 
375921 
375922 
375923 
375924 
375925 
375926 
375927 
375928 
375929 
375930 
375931 
375932 
375933 
375934 
375935 
375936 
375937 
375938 
375939 
375940 
375941 
113798 
375942 
375943 
375944 
375945 
375946 
375947 
375948 
375949 
375950 
375951 
375952 
375953 
375954 
507027 
375955 
507028 
375956 
507029 
375957 
507030 
375958 
507031 
375959 
507032 
375960 
507033 
375961 
507034 
375962 
507035 
375963 
507036 
375964 
507037 
375965 
507038 
375966 
507039 
375967 
507040 
375968 
507041 
375969 
507042 
375970 
507043 
375971 
507044 
375972 
507045 
375973 
507046 
375974 
507047 
375975 
507048 
375976 
507049 
375977 
507050 
375978 
507051 
375979 
507052 
375980 
507053 
375981 
507054 
375982 
507055 
375983 
507056 
375984 
507057 
375985 
507058 
375986 
507059 
375987 
507060 
375988 
507061 
375989 
507062 
375990 
507063 
375991 
507064 
375992 
507065 
375993 
507066 
375994 
507067 
375995 
507068 
507069 
375997 
507070 
507071 
375999 
507072 
507073 
376001 
507074 
376003 
507075 
507076 
376005 
507077 
507078 
376007 
507079 
507080 
376009 
507081 
507082 
376011 
507083 
507084 
376013 
507085 
507086 
376015 
507087 
507088 
376017 
507089 
507090 
376019 
507091 
507092 
376021 
507093 
507094 
507095 
376023 
507096 
507097 
376025 
507098 
507099 
376027 
507100 
507101 
376029 
507102 
507103 
376031 
507104 
507105 
376033 
507106 
507107 
507108 
507109 
507110 
113895 
507111 
507112 
507113 
507114 
507115 
507116 
507117 
507118 
507119 
507120 
507121 
507122 
507123 
507124 
507125 
507126 
113911 
507127 
507128 
507129 
507130 
507131 
507132 
507133 
507134 
507135 
507136 
507137 
507138 
507139 
507140 
507141 
507142 
507143 
507144 
507145 
507146 
507147 
507148 
507149 
507150 
507151 
507152 
507153 
507154 
507155 
507156 
507157 
507158 
507159 
113945 
507161 
507163 
507165 
507167 
507169 
507171 
507173 
507175 
507177 
507179 
507181 
507183 
507185 
113970 
507187 
507189 
507191 
507193 
507195 
507197 
113986 
114011 
114039 
114070 
114086 
114111 
114139 
114170 
114186 
114211 
114239 
114270 
114286 
114311 
114339 
114370 
114386 
114409 
114433 
114454 
114466 
114481 
114496 
114506 
114514 
114522 
114530 
114533 
114542 
114543 
507770 
507811 
507813 
114716 
114718 
114720 
114722 
114725 
114727 
114729 
114731 
114733 
114736 
114739 
114740 
114741 
114742 
114744 
114746 
114748 
114750 
114752 
245826 
114754 
114755 
114756 
114757 
114758 
114759 
114760 
114761 
114762 
114763 
114764 
114765 
114766 
114767 
114768 
114769 
114770 
114771 
114772 
114773 
114774 
114775 
114776 
114777 
114778 
114779 
245851 
114780 
114781 
114782 
114783 
376928 
114784 
114785 
114786 
114787 
114788 
114789 
114790 
114791 
114792 
114793 
114794 
114795 
114796 
114797 
114798 
114799 
114800 
114801 
114802 
114803 
245875 
114804 
114805 
114806 
114807 
114808 
114809 
114810 
114811 
114812 
114813 
114814 
114815 
114816 
114817 
114818 
114819 
114820 
114821 
114822 
114823 
114824 
114825 
114826 
245898 
114827 
114828 
114829 
114830 
114831 
114832 
114833 
114834 
114835 
114836 
114837 
114838 
114839 
114840 
114841 
114842 
114843 
114844 
114845 
114846 
114847 
114848 
245920 
114849 
114850 
245922 
114851 
114852 
114853 
114854 
114855 
114856 
114857 
114858 
114859 
114860 
114861 
114862 
114863 
114864 
114865 
114866 
114867 
114868 
114869 
114870 
245943 
114871 
114872 
114873 
114874 
114875 
114876 
114877 
114878 
114879 
114880 
114881 
114882 
114883 
114884 
114885 
114886 
114887 
114888 
114889 
114890 
114891 
114892 
114893 
114894 
114895 
114896 
114897 
114898 
114899 
114900 
114901 
114902 
114903 
114904 
114905 
114906 
114907 
245980 
114908 
114909 
114910 
114911 
114912 
114913 
114914 
114915 
114916 
114917 
114918 
114919 
377064 
114920 
114921 
114922 
114923 
377068 
114924 
114925 
245998 
114926 
114927 
246000 
114928 
114929 
114930 
114931 
114932 
114933 
114934 
114935 
114936 
114937 
114938 
114941 
114943 
246017 
114945 
114947 
246046 
246060 
246062 
246075 
246096 
246106 
246108 
246117 
246130 
246136 
246138 
246143 
246148 
246150 
246151 
246205 
508377 
246256 
508402 
508426 
508449 
508451 
246307 
246309 
246311 
246313 
246315 
246317 
246319 
246321 
246324 
246326 
246328 
508473 
246330 
246332 
246334 
246336 
246338 
246340 
246341 
246342 
246344 
246346 
246348 
246350 
246352 
246354 
508512 
246379 
508531 
508533 
246395 
508551 
246420 
508582 
246448 
508597 
508599 
508613 
246477 
246492 
508636 
508647 
508649 
246513 
508659 
508674 
246534 
508681 
508683 
508689 
246551 
508696 
508699 
508701 
508702 
508704 
246562 
246575 
246586 
246594 
246601 
246607 
246612 
246616 
246619 
246621 
246622 
246648 
246679 
246688 
246689 
246712 
246718 
508863 
508864 
508865 
508866 
508867 
246723 
508869 
508871 
508873 
508887 
246745 
246751 
246754 
246757 
508902 
508917 
246778 
508932 
246795 
246796 
246802 
508947 
246807 
246813 
246816 
508962 
246819 
115751 
508990 
246846 
508991 
246847 
508992 
508993 
508998 
509001 
509005 
246863 
509009 
246866 
509014 
115800 
509017 
246874 
246875 
246876 
246877 
509021 
246878 
246880 
509025 
246882 
246883 
246885 
509030 
246886 
115816 
509033 
115818 
509035 
115820 
509037 
509038 
246894 
246896 
246897 
246898 
246899 
115831 
246907 
115842 
246916 
115853 
246925 
246934 
115867 
246943 
246952 
115882 
246961 
246970 
115899 
246979 
246988 
115918 
378066 
246997 
247006 
115939 
247015 
378091 
247024 
247033 
115962 
247039 
247042 
378115 
247047 
247050 
247054 
247057 
115987 
247060 
378138 
247069 
247076 
247081 
247082 
247083 
247084 
116014 
247087 
247088 
378160 
247089 
247090 
378162 
247093 
247096 
247097 
247098 
247102 
247103 
247104 
247106 
247107 
247109 
247110 
378183 
116043 
247130 
247134 
247137 
247139 
247140 
378220 
247150 
247153 
247155 
247156 
378238 
378240 
247168 
247170 
247173 
247175 
247177 
247179 
378257 
247195 
247200 
247202 
378286 
378300 
247229 
378302 
247231 
247233 
378315 
509401 
247260 
378336 
378346 
378348 
509421 
509423 
247281 
509425 
247283 
509427 
247285 
509429 
378357 
509431 
509433 
509435 
378370 
247304 
378376 
378378 
509451 
509452 
509453 
509454 
509455 
378383 
378388 
247317 
378390 
247319 
378391 
247321 
247332 
509479 
509481 
247338 
509483 
247340 
247342 
247345 
247346 
247348 
509494 
509497 
509500 
247356 
509502 
247358 
509506 
247362 
247364 
509510 
509514 
378445 
247373 
247375 
509523 
247379 
247381 
247388 
247390 
509553 
509557 
247413 
509558 
509564 
378496 
509572 
509580 
509588 
509592 
509594 
247470 
247471 
378546 
378547 
378548 
247476 
378549 
247477 
378550 
247478 
378551 
247479 
378552 
247480 
378553 
247481 
378554 
247482 
378555 
247483 
247484 
378556 
247485 
378557 
378558 
247486 
247487 
378559 
247488 
378560 
247489 
378561 
378562 
247490 
247491 
378563 
247492 
378564 
247493 
378565 
378566 
247494 
247495 
378567 
247496 
378568 
247497 
378569 
378570 
247498 
247499 
378571 
247500 
378572 
247501 
378573 
378574 
247502 
247503 
378575 
247504 
378576 
247505 
378577 
378578 
247506 
247507 
378579 
247508 
378580 
247509 
378581 
378582 
247510 
247511 
378583 
247512 
378584 
247513 
378585 
378586 
247514 
247515 
378587 
378588 
247516 
378589 
247517 
247518 
378590 
247519 
378591 
378592 
247520 
378593 
247521 
378594 
247522 
378595 
247523 
247524 
378596 
247525 
378597 
247526 
378598 
378599 
247527 
247528 
378600 
378601 
247529 
247530 
378602 
378603 
247531 
247532 
378604 
378605 
247533 
247534 
378606 
378607 
247535 
247536 
378608 
378609 
247537 
247538 
378610 
247539 
378611 
247540 
378612 
247541 
378613 
247542 
378614 
247543 
378615 
247544 
378616 
247545 
378617 
247546 
378618 
247547 
378619 
247548 
378620 
247549 
378621 
247550 
378622 
247551 
378623 
378624 
247552 
378625 
247553 
378626 
247554 
378627 
247555 
378628 
247556 
378629 
247557 
378630 
247558 
378631 
247559 
378632 
247560 
247561 
378633 
378634 
247562 
247563 
378635 
378636 
247564 
247565 
378637 
378638 
247566 
247567 
378639 
378640 
247568 
247569 
378641 
378642 
247570 
247571 
378643 
378644 
247572 
247573 
378645 
378646 
247574 
247575 
378647 
378648 
247576 
247577 
378649 
378650 
247578 
247579 
378651 
378652 
247580 
247581 
378653 
378654 
247582 
247583 
378655 
378656 
247584 
247585 
378657 
378658 
247586 
247587 
378659 
378660 
247588 
247589 
378661 
378662 
247590 
247591 
378663 
378664 
247592 
247593 
378665 
378666 
247594 
247595 
378667 
378668 
247596 
247597 
378669 
378670 
247598 
247599 
378671 
378672 
247600 
247601 
378673 
378674 
247602 
247603 
378675 
247604 
378676 
247605 
378677 
247606 
378678 
247607 
378679 
247608 
378680 
247609 
378681 
378682 
247610 
247611 
378683 
247612 
378684 
247613 
378685 
247614 
378686 
247615 
378687 
247616 
378688 
378689 
247617 
247618 
378690 
378691 
247619 
247620 
378692 
378693 
247621 
247622 
378694 
378695 
247623 
247624 
378697 
247625 
247626 
378699 
247627 
247628 
247629 
378701 
247630 
247631 
378703 
247632 
247633 
378705 
247634 
247635 
378707 
247636 
247637 
378709 
247638 
247639 
378711 
247640 
247641 
378713 
247642 
247643 
378715 
247644 
247645 
378717 
247646 
247647 
378719 
247648 
247649 
378721 
247650 
378723 
247651 
247652 
378725 
247653 
247654 
378727 
247655 
247656 
378729 
247657 
247658 
378731 
247659 
247660 
378733 
247661 
247662 
247663 
247664 
247665 
247666 
247667 
247668 
247669 
247670 
247671 
247672 
247673 
247674 
247675 
247676 
247677 
247678 
247679 
247680 
247681 
247682 
247683 
247684 
247686 
247688 
247690 
247692 
247694 
247696 
247698 
247700 
247702 
247704 
247706 
247708 
247710 
247712 
247714 
247716 
247718 
247720 
247722 
510050 
510051 
510052 
510053 
510054 
510055 
510056 
510057 
510058 
510059 
510060 
510061 
510062 
510063 
510064 
510065 
510066 
510067 
510068 
510069 
510070 
510071 
510072 
510073 
510074 
510075 
510076 
510077 
510078 
510079 
510080 
510081 
510082 
510083 
510084 
510085 
510086 
510087 
510088 
510089 
510090 
510091 
510092 
510093 
510094 
510095 
510096 
510097 
510098 
510099 
510100 
510101 
510102 
510103 
510104 
510105 
510106 
510107 
510108 
510109 
510110 
510111 
510112 
510113 
510114 
510115 
510116 
510117 
510118 
510119 
510120 
510121 
510122 
510123 
510124 
510125 
510126 
510127 
510128 
510129 
510130 
510131 
510132 
510133 
510134 
510135 
510136 
510137 
510138 
510139 
510140 
510141 
510142 
510143 
510144 
510145 
510146 
510147 
510148 
510149 
510150 
510151 
510152 
510153 
510154 
510155 
510156 
510157 
510158 
510159 
510160 
510161 
510162 
510163 
510164 
510165 
510166 
510167 
510168 
510169 
510170 
510171 
510172 
510173 
510174 
510175 
510176 
510177 
510178 
510179 
510181 
510183 
510185 
510187 
510189 
510191 
510193 
510195 
510197 
510199 
510201 
510203 
510205 
510207 
510209 
510211 
510213 
510215 
510217 
117099 
117103 
379628 
248617 
510762 
510800 
510802 
248666 
248668 
248670 
248672 
248674 
248676 
248678 
248680 
248682 
248684 
248686 
248688 
248690 
248692 
379764 
248694 
379768 
248696 
248698 
248700 
248702 
248704 
248706 
248708 
248710 
248712 
248714 
248716 
248993 
248995 
248997 
248998 
249090 
249093 
249096 
249098 
249099 
249109 
249112 
249114 
249115 
249165 
118101 
511338 
118126 
249213 
249214 
249215 
249216 
249218 
511363 
249221 
118150 
249224 
249227 
249230 
249233 
249236 
249239 
249242 
511387 
249245 
118173 
249248 
249251 
249254 
249257 
249260 
249263 
249266 
511410 
118195 
249269 
118197 
249272 
249275 
249282 
249283 
249284 
249285 
249287 
511432 
249290 
511434 
118218 
249293 
511455 
249316 
249318 
249320 
118255 
118273 
511492 
249348 
249349 
249350 
249351 
249352 
249353 
511510 
511512 
249379 
511529 
118327 
249410 
511558 
511572 
511574 
249441 
511587 
118378 
511608 
249472 
511618 
511620 
249478 
511629 
511642 
118429 
249503 
511648 
511650 
249510 
511655 
249512 
511660 
249516 
511662 
249518 
511663 
118448 
511665 
249527 
249529 
249533 
249535 
118466 
249545 
249547 
249549 
249553 
249554 
118483 
118484 
249556 
249558 
249563 
249566 
249568 
249591 
249600 
249630 
249633 
249635 
118574 
249654 
118584 
249674 
249677 
118606 
511823 
249679 
511824 
511825 
511826 
511827 
511829 
511831 
511833 
249692 
380766 
249702 
511847 
249705 
249707 
249712 
249715 
249716 
249717 
511862 
380791 
511877 
380815 
511892 
511907 
380838 
511922 
118714 
380860 
511937 
249802 
249806 
380881 
118739 
380883 
511965 
511966 
511967 
511968 
118755 
511972 
380903 
511976 
511981 
511984 
511988 
511992 
511997 
512000 
512004 
118789 
512008 
512010 
380938 
512013 
512014 
512015 
380955 
380957 
118814 
380973 
118830 
118855 
381000 
381013 
381015 
118883 
381027 
381046 
381055 
381057 
118914 
381065 
118930 
381076 
381081 
381083 
381087 
381090 
381091 
118955 
118983 
381145 
119014 
119030 
381196 
119055 
119083 
381246 
381247 
381248 
381249 
381250 
381251 
381252 
381253 
381254 
381255 
381256 
381257 
381258 
119114 
381259 
381260 
381261 
381262 
381263 
381264 
381265 
381266 
381267 
381268 
381269 
381270 
381271 
381272 
381273 
119130 
381274 
381275 
381276 
381277 
381278 
381279 
381280 
381281 
381282 
381283 
381284 
381285 
381286 
381287 
381288 
381289 
381290 
381291 
381292 
381293 
381294 
381295 
381296 
381297 
381298 
119155 
381299 
381300 
381301 
381302 
381303 
381304 
381305 
381306 
381307 
381308 
381309 
381310 
381311 
381312 
381313 
381314 
381315 
381316 
381317 
381318 
381319 
381320 
512393 
381321 
381322 
381323 
381324 
381325 
381326 
119183 
381327 
381328 
381329 
381330 
381331 
381332 
381333 
381334 
381335 
381336 
381337 
381338 
381339 
381340 
512412 
381341 
381342 
512414 
381343 
381344 
512416 
381345 
381346 
512418 
381347 
381348 
512420 
381349 
381350 
512422 
381351 
381352 
512424 
381353 
381354 
512426 
381355 
119212 
381356 
512428 
381357 
381358 
381359 
381360 
381361 
381362 
381363 
381364 
381365 
381366 
381367 
381368 
381369 
381370 
119227 
381371 
381372 
512445 
381373 
512446 
381374 
512447 
381375 
512448 
381376 
381377 
381378 
381379 
381380 
381381 
381382 
381383 
381384 
381385 
381386 
381387 
381388 
381389 
381390 
381391 
119248 
381392 
381393 
381394 
381395 
381397 
512471 
381399 
512473 
381401 
512475 
381403 
512477 
381405 
381407 
381409 
381411 
119269 
381413 
381415 
512489 
381417 
381419 
512492 
512493 
381421 
512495 
381423 
381425 
512499 
381427 
381429 
119286 
512503 
381431 
381433 
512507 
119297 
512513 
512515 
119310 
119321 
119329 
119336 
512553 
512554 
512555 
119343 
512561 
119350 
119351 
512569 
512577 
512585 
512591 
512594 
119434 
119435 
119595 
119597 
119599 
119601 
119604 
119606 
119608 
119610 
119612 
119615 
119616 
119617 
119618 
119619 
119621 
119623 
119625 
119627 
119629 
119630 
119631 
119632 
119633 
119634 
119635 
119636 
119637 
119638 
119639 
119640 
119641 
119642 
119643 
119644 
119645 
119646 
119647 
119648 
119649 
119650 
119651 
119652 
119653 
119654 
119655 
119656 
119657 
119658 
119659 
119660 
119661 
119662 
119663 
119664 
119665 
119666 
119667 
119668 
119669 
119670 
119671 
119672 
119673 
119674 
119675 
119676 
119677 
119678 
119679 
119680 
119681 
119682 
119683 
119684 
119685 
119686 
119687 
119688 
119689 
119690 
119691 
119692 
119693 
119694 
119695 
119696 
119697 
119698 
119699 
119700 
119701 
119702 
119703 
119704 
119705 
119706 
119707 
119708 
119709 
119710 
119711 
119712 
119713 
119714 
119715 
119716 
119717 
119718 
119719 
119720 
119721 
119722 
119723 
119724 
119725 
119726 
119727 
119728 
119729 
119730 
119731 
250804 
119732 
119733 
119734 
119735 
119736 
119737 
119738 
119739 
119740 
119741 
119742 
119743 
119744 
119745 
119746 
119747 
119748 
119749 
119750 
119751 
119752 
119753 
119754 
119755 
119756 
119757 
250829 
119758 
119759 
119760 
119761 
119762 
119763 
119764 
119765 
119766 
119767 
119768 
119769 
119770 
119771 
119772 
119773 
119774 
119775 
119776 
119777 
119778 
119779 
119780 
119781 
250853 
119782 
119783 
119784 
119785 
119786 
119787 
119788 
119789 
119790 
119791 
119792 
119793 
119794 
119795 
119796 
119797 
119798 
119799 
119800 
119801 
119802 
119803 
250876 
119804 
119805 
119806 
119807 
119808 
119809 
119810 
119811 
119812 
119813 
119814 
119815 
119816 
119819 
119821 
119823 
119825 
250898 
119827 
250919 
250921 
513078 
513079 
513080 
513081 
513082 
513083 
513084 
513085 
250941 
513086 
513087 
513088 
513089 
513090 
513091 
513092 
513093 
513094 
513095 
513096 
513097 
513098 
513099 
513100 
513101 
513102 
513103 
513104 
513105 
513106 
513107 
513108 
513109 
513110 
513111 
513112 
513113 
513114 
513115 
513116 
513117 
513118 
513119 
513120 
250976 
513121 
513122 
513123 
513124 
513125 
513126 
513127 
513128 
513129 
513130 
513131 
513132 
513133 
513134 
513135 
513136 
250993 
513137 
513138 
250995 
513139 
513140 
513141 
513142 
513143 
513144 
513145 
513146 
513147 
513148 
513149 
513150 
513151 
513152 
513153 
513154 
513155 
251011 
513156 
513157 
513158 
513159 
513160 
513161 
513162 
513163 
513164 
513165 
513166 
513167 
513168 
513169 
513170 
513171 
513172 
513173 
513174 
513175 
513176 
513177 
513178 
513179 
513180 
513181 
513182 
251038 
513183 
513184 
513185 
513186 
513187 
513188 
513189 
513190 
513191 
513192 
513193 
513194 
513195 
251051 
513196 
251053 
513197 
513198 
513199 
513200 
513201 
513202 
513203 
513204 
513206 
513208 
251065 
513210 
513212 
513214 
513216 
513218 
513220 
513222 
513224 
513226 
513228 
251084 
513230 
513232 
513234 
513236 
251093 
513238 
251095 
513240 
513242 
251103 
251114 
251119 
251121 
251125 
251128 
251129 
251183 
251234 
382328 
251285 
251287 
251289 
251291 
251293 
251295 
251297 
251299 
251302 
251304 
251306 
251308 
251310 
251312 
251314 
251316 
251318 
251319 
251320 
251322 
251324 
251326 
251328 
251330 
251332 
251357 
251373 
382464 
382468 
251398 
251424 
251449 
251463 
251480 
251498 
251511 
251521 
251530 
251538 
251544 
251550 
251554 
251558 
251560 
251562 
251563 
251592 
251601 
251602 
513759 
251625 
251631 
251636 
513794 
513796 
251658 
251664 
251667 
251670 
251691 
251694 
251696 
251697 
251699 
251700 
251702 
251703 
120644 
251723 
251740 
251741 
251747 
251752 
251758 
251761 
251764 
120693 
251767 
251769 
251770 
251772 
251773 
251775 
251776 
120709 
120711 
120713 
120715 
120719 
251797 
251798 
120730 
251814 
120743 
251817 
251825 
251826 
251827 
120756 
251828 
251829 
251831 
251833 
251834 
251836 
251837 
120771 
251845 
251847 
251848 
251849 
251850 
251858 
120788 
251867 
251876 
120807 
251885 
251894 
120828 
251903 
251912 
251921 
120851 
251930 
251939 
120876 
251948 
251957 
251966 
120903 
251975 
251984 
251990 
251993 
251998 
252001 
120932 
252005 
252008 
252011 
252020 
252027 
252032 
252033 
252034 
252035 
252038 
252039 
252040 
252041 
252044 
252047 
252048 
252049 
252051 
252052 
252054 
252055 
252059 
252060 
252061 
252062 
252063 
252082 
252086 
252089 
252091 
252092 
252102 
252105 
252107 
252108 
252120 
252122 
252125 
252127 
252129 
252131 
252133 
252134 
252137 
514292 
252150 
252154 
514317 
252182 
252184 
252186 
514341 
252210 
514364 
252230 
252232 
252234 
514386 
252250 
252262 
514407 
252264 
514409 
252266 
252275 
252279 
252280 
252282 
252283 
514429 
252285 
252293 
252295 
252299 
252301 
252310 
252312 
252316 
252318 
514464 
252325 
252327 
514481 
514483 
252349 
514499 
514526 
252389 
252391 
252392 
252393 
383466 
252394 
252395 
514539 
252396 
252397 
514541 
252398 
252399 
252400 
252401 
252402 
252403 
252404 
252405 
252406 
252407 
252408 
252409 
514553 
252410 
252411 
252412 
252413 
252414 
252415 
252416 
252417 
252418 
252419 
383491 
252420 
252421 
252422 
252423 
252424 
252425 
252426 
252427 
252428 
514572 
252429 
252430 
252431 
252432 
252433 
252434 
252435 
252436 
514581 
252437 
252438 
514583 
252439 
252440 
252441 
252442 
383515 
252443 
252444 
252445 
252446 
514591 
252447 
252448 
252449 
252450 
252451 
252452 
252453 
252454 
252455 
252456 
252457 
252458 
514602 
252459 
252460 
252461 
252462 
514607 
252463 
252464 
514609 
252465 
383538 
252466 
252467 
383540 
252468 
514613 
252469 
252470 
252471 
252472 
514616 
252473 
514617 
252474 
252475 
514619 
252476 
252477 
252478 
252479 
252480 
252481 
252482 
252483 
252484 
252485 
252486 
252487 
252488 
252489 
252490 
252491 
252492 
252493 
252494 
252495 
252496 
252497 
252498 
252499 
252500 
252501 
252502 
252503 
252504 
252505 
252506 
252507 
252508 
252509 
383581 
252510 
252511 
252512 
252513 
252514 
252515 
252516 
252517 
252518 
252519 
252520 
252521 
252522 
252523 
252524 
252525 
252526 
252527 
252528 
383601 
252529 
252530 
383603 
252531 
252532 
252533 
252534 
252535 
252536 
252537 
252538 
252539 
252540 
252541 
252542 
252543 
252544 
252545 
252546 
252547 
252548 
252549 
252550 
383622 
252551 
252552 
252553 
252554 
252555 
252556 
252557 
252558 
252559 
252560 
252561 
252562 
252563 
252564 
252565 
252566 
252567 
252568 
252569 
252570 
252571 
252572 
252573 
252574 
252575 
252576 
252577 
252578 
252579 
252580 
252581 
252582 
383655 
252583 
252584 
252585 
252586 
252587 
252588 
252589 
252590 
252591 
252592 
252593 
252594 
252596 
252598 
383671 
252600 
383673 
252602 
252604 
252606 
252608 
252610 
252612 
252614 
383688 
252616 
252618 
252620 
252622 
252624 
252626 
252628 
252630 
514776 
252632 
514777 
514778 
514779 
514780 
514782 
514784 
383713 
514786 
383725 
383727 
514800 
383738 
514815 
383755 
514830 
383763 
383765 
383772 
514845 
383781 
383785 
383787 
514860 
383790 
383791 
514875 
514890 
514905 
383845 
514933 
514934 
514935 
514936 
514941 
514944 
514948 
514952 
514957 
514960 
514964 
514968 
383896 
514973 
514976 
514980 
514983 
514984 
514986 
383946 
383947 
383948 
383949 
383950 
383951 
383952 
383953 
383954 
383955 
383956 
383957 
383958 
383959 
383960 
383961 
383962 
383963 
383964 
383965 
383966 
383967 
383968 
383969 
383970 
383971 
383972 
383973 
383974 
383975 
383976 
383977 
383978 
383979 
383980 
383981 
383982 
383983 
383984 
383985 
383986 
383987 
383988 
383989 
383990 
383991 
383992 
383993 
383994 
383995 
383996 
383997 
383998 
383999 
384000 
384001 
384002 
384003 
384004 
384005 
384006 
384007 
384008 
384009 
384010 
384011 
384012 
384013 
384014 
384015 
384016 
384017 
384018 
384019 
384020 
384021 
384022 
384023 
384024 
384025 
384026 
384027 
384028 
384029 
384030 
384031 
384032 
384033 
384034 
384035 
384036 
384037 
384038 
384039 
384040 
384041 
384042 
384043 
384044 
384045 
384046 
384047 
384048 
384049 
384050 
384051 
384052 
384053 
384054 
384055 
384056 
384057 
384058 
384059 
384060 
384061 
384062 
384063 
384064 
384065 
384066 
384067 
384068 
384069 
384070 
384071 
384072 
384073 
384074 
384075 
384076 
384077 
384078 
384079 
384080 
384081 
384082 
384083 
384084 
384085 
384086 
384087 
384088 
384089 
384090 
384091 
384092 
384093 
384094 
384095 
384097 
384099 
384101 
384103 
384105 
384107 
384109 
384111 
384113 
384115 
384117 
384119 
384121 
384123 
384125 
384127 
384129 
384131 
384133 
122015 
122019 
515389 
515406 
515408 
515410 
515412 
515414 
515416 
515418 
515420 
515422 
515424 
515442 
515443 
515444 
515445 
515446 
515470 
515472 
515474 
515487 
515489 
515491 
515495 
515498 
515502 
515506 
515510 
515519 
515549 
515553 
515554 
515560 
515568 
515576 
515584 
515591 
515595 
515596 
253527 
253576 
253578 
253580 
253582 
253584 
253586 
253588 
253590 
253592 
253594 
253596 
253598 
253600 
253602 
253604 
253606 
253608 
253610 
253612 
253614 
253616 
253618 
253620 
253622 
253624 
253626 
253870 
253872 
253874 
253875 
516097 
516098 
516099 
516100 
385028 
516101 
516102 
516103 
516104 
516105 
253961 
516106 
516107 
516108 
516109 
516110 
253966 
516111 
516112 
516113 
253969 
516114 
516115 
516116 
253972 
516117 
516118 
253974 
516119 
253975 
516120 
516121 
516122 
516123 
516124 
516125 
516126 
516127 
516128 
516129 
253985 
516130 
516131 
516132 
253988 
516133 
516134 
253990 
516135 
253991 
516136 
516137 
516138 
516139 
516140 
516141 
516142 
516143 
516144 
516145 
516146 
516147 
516148 
516149 
516150 
516151 
516152 
516153 
516154 
516155 
516156 
516157 
516158 
516159 
516160 
516161 
516162 
516163 
516164 
516165 
516166 
516167 
516168 
516169 
516170 
516171 
516172 
516173 
254030 
516174 
254031 
516175 
254032 
516176 
516177 
516178 
516179 
516180 
516181 
516182 
516183 
516184 
516185 
516186 
516187 
516188 
516189 
516190 
516191 
516192 
516193 
516194 
516195 
516196 
516197 
516198 
516199 
516200 
516201 
516202 
516203 
516204 
516205 
516206 
516207 
516208 
516209 
516210 
516211 
516212 
516213 
516214 
516215 
516216 
516217 
516218 
516219 
516220 
254077 
516221 
254078 
254079 
516223 
254080 
516225 
254082 
516227 
254085 
516229 
516231 
254088 
516233 
123017 
254091 
516235 
385164 
516237 
254094 
516239 
385168 
254097 
516241 
516243 
254100 
516245 
254103 
516247 
516249 
254106 
516251 
254109 
516253 
516255 
254112 
516257 
123042 
254115 
516259 
254118 
254121 
254124 
254127 
254130 
254133 
254136 
123066 
254139 
254142 
254145 
254152 
254153 
254154 
254155 
254157 
254158 
254160 
123089 
254161 
254162 
123111 
254186 
254188 
254190 
123132 
123134 
254218 
254219 
254220 
254221 
254222 
254223 
123154 
254254 
123189 
123206 
254285 
254316 
254322 
123260 
254347 
254351 
254352 
254353 
254355 
254357 
254377 
123311 
254384 
254386 
254390 
254392 
254401 
254403 
254407 
254409 
254418 
254419 
254421 
254423 
254425 
254428 
254429 
254431 
254433 
123362 
254438 
254441 
254443 
123380 
254466 
123397 
254474 
123413 
254501 
254504 
254506 
254524 
254541 
254544 
254546 
254558 
254565 
254568 
254570 
123501 
254574 
254575 
254576 
254577 
123523 
123534 
516756 
516789 
516791 
254655 
254659 
123642 
123667 
123683 
123708 
123742 
123767 
123783 
123808 
123836 
123867 
123883 
123908 
123936 
123967 
123983 
124008 
386166 
517247 
124036 
386191 
517272 
124067 
386215 
517296 
124083 
386238 
386240 
517319 
517321 
124108 
386262 
124134 
517362 
386301 
124159 
517382 
517384 
124173 
386320 
386322 
517403 
124190 
386340 
124208 
517436 
124221 
386371 
124231 
517452 
517454 
124240 
386386 
386388 
124248 
517469 
124254 
386402 
124260 
124266 
124271 
517494 
386425 
517506 
386436 
517508 
386438 
517519 
386448 
386463 
517536 
386470 
517544 
386472 
517546 
386478 
517553 
386485 
386488 
386490 
517562 
386491 
124348 
124349 
517566 
517568 
517571 
517572 
517574 
124369 
124370 
124371 
124376 
124379 
386545 
386596 
124477 
124478 
124479 
124481 
386646 
386647 
386648 
386649 
386650 
386651 
386652 
386653 
386654 
386655 
386656 
517729 
386657 
517730 
386658 
517731 
386659 
517732 
386660 
386661 
517733 
386662 
517735 
386663 
386664 
517737 
386665 
386666 
386667 
517739 
386668 
386669 
386670 
386671 
386672 
386673 
386674 
386675 
386676 
386677 
386678 
386679 
386680 
386681 
517753 
386682 
386683 
386684 
386685 
386686 
386687 
386688 
386689 
386690 
386691 
386692 
386693 
386694 
386695 
386696 
517768 
386697 
386698 
386699 
386700 
386701 
386702 
386703 
386704 
386705 
386706 
386707 
386708 
124564 
386709 
386710 
124566 
517783 
386711 
386712 
124568 
386713 
386714 
124570 
386715 
386716 
386717 
124573 
386718 
386719 
124575 
386720 
386721 
124577 
386722 
386723 
124579 
386724 
386725 
124581 
517798 
386726 
386727 
386728 
124584 
386729 
255657 
124585 
386730 
124586 
386731 
124587 
386732 
386733 
124589 
386734 
386735 
124591 
386736 
386737 
124593 
386738 
124594 
124595 
386739 
386740 
124596 
124597 
517813 
386741 
124598 
386742 
124599 
386743 
124600 
386744 
124601 
386745 
124602 
386746 
124603 
386747 
124604 
386748 
124605 
386749 
124606 
386750 
124607 
386751 
386752 
124608 
386753 
124609 
124610 
386754 
255682 
124611 
386755 
517828 
386756 
124612 
124613 
386757 
386758 
124614 
386759 
124615 
124616 
386760 
386761 
124617 
124618 
386762 
386763 
124619 
124620 
386764 
386765 
124621 
124622 
386766 
386767 
124623 
124624 
386768 
386769 
124625 
124626 
386770 
517843 
386771 
124627 
124628 
386772 
386773 
124629 
124630 
386774 
386775 
124631 
124632 
386776 
124633 
386777 
124634 
255706 
386778 
386779 
124635 
124636 
386780 
124637 
386781 
124638 
386782 
386783 
124639 
124640 
386784 
124641 
386785 
124642 
517858 
386786 
386787 
124643 
124644 
386788 
124645 
386789 
124646 
386790 
386791 
124647 
124648 
386792 
124649 
386793 
124650 
386794 
124651 
386795 
124652 
386797 
124653 
124654 
386799 
124655 
124656 
517873 
386801 
255729 
124657 
124658 
124659 
255731 
386803 
124660 
386805 
124661 
124662 
124663 
386807 
124664 
124665 
386809 
124666 
124667 
386811 
124668 
124669 
386813 
124670 
124671 
386815 
124672 
124673 
386817 
124674 
124675 
386819 
124676 
124677 
386821 
124678 
124679 
386823 
124680 
124681 
386825 
124682 
124683 
386827 
124684 
517901 
124685 
386829 
517902 
124686 
517903 
124687 
386831 
517904 
124688 
124689 
386833 
124690 
124691 
517908 
124692 
124693 
124694 
124695 
517912 
124696 
124697 
124698 
124699 
255772 
124700 
517917 
124701 
124702 
124703 
517920 
124704 
124705 
124706 
124707 
517924 
124708 
124709 
124710 
124711 
517928 
124712 
124713 
124714 
124715 
124716 
517933 
124717 
124718 
124719 
517936 
124720 
255792 
124721 
124722 
255794 
124723 
517940 
124724 
124725 
124726 
124727 
517944 
124728 
124729 
124730 
124731 
124732 
517949 
124733 
124734 
124735 
517952 
124736 
124737 
517954 
124738 
124739 
517956 
124740 
517957 
124741 
255813 
124742 
124743 
124744 
124745 
124746 
124747 
124748 
124749 
124750 
124751 
124752 
124753 
124754 
124755 
124756 
124757 
124758 
124759 
124760 
124761 
124762 
124763 
124764 
124765 
124766 
124767 
124768 
124769 
124770 
124771 
124772 
124773 
255846 
124774 
124775 
124776 
124777 
124778 
124779 
124780 
124781 
124782 
124783 
124784 
124787 
124789 
255862 
124791 
255864 
124793 
124795 
124797 
255879 
255904 
255916 
255918 
255929 
255946 
255954 
255956 
255963 
255972 
255976 
255978 
255981 
255982 
256036 
256087 
256138 
256140 
256142 
256144 
256146 
256148 
256150 
256152 
256155 
256157 
256159 
256161 
256163 
256165 
256167 
256169 
256171 
256172 
256173 
256175 
256177 
256179 
256181 
256183 
256185 
256210 
256226 
518371 
518387 
518389 
518391 
256249 
518393 
518395 
518397 
518399 
518401 
518403 
518405 
518407 
256273 
518426 
518427 
518428 
518429 
256294 
256306 
518452 
518454 
518456 
518458 
256321 
518472 
518475 
518478 
256336 
518480 
518484 
518488 
256346 
518492 
256354 
518498 
518500 
256361 
256367 
256372 
256376 
256379 
256381 
256382 
256383 
518538 
518539 
518540 
518546 
518554 
256412 
518562 
256418 
256423 
518570 
518578 
518582 
518584 
256445 
256451 
256454 
256457 
256478 
256482 
256483 
256484 
256486 
256487 
256489 
256490 
256510 
256513 
256515 
256516 
256517 
256518 
256537 
256558 
256559 
256565 
256570 
256576 
256579 
256582 
256586 
256587 
256588 
256590 
256591 
256593 
256594 
256597 
256599 
256600 
256601 
256602 
256611 
256612 
256628 
256631 
256639 
256640 
256641 
256642 
256643 
256645 
256647 
256648 
256650 
256651 
387728 
256659 
256661 
256662 
256663 
256664 
256672 
256681 
256690 
125626 
256699 
256708 
256717 
256726 
256735 
256744 
125675 
256753 
256762 
125690 
125691 
125692 
125694 
125696 
125698 
256771 
125700 
125706 
256780 
256789 
125719 
387864 
387868 
256798 
256804 
125734 
256807 
256812 
256815 
256819 
125748 
256822 
256825 
256834 
125765 
256841 
256846 
256847 
256848 
256849 
256852 
256853 
256854 
256855 
125784 
256858 
256861 
256862 
256863 
256865 
256866 
256868 
256869 
256870 
256871 
256872 
256873 
125805 
256877 
256895 
256898 
125828 
256901 
256903 
256904 
519057 
256914 
256917 
519063 
256919 
256920 
519068 
125853 
519069 
519070 
256931 
256932 
256934 
256937 
256939 
256941 
256943 
256945 
256946 
256947 
256950 
125880 
519100 
519101 
519102 
519103 
519104 
519105 
519106 
256962 
519107 
519108 
519109 
519110 
519111 
256967 
519112 
519113 
519114 
519115 
519116 
519117 
519118 
519119 
519120 
519121 
519122 
519123 
519124 
125909 
519125 
519126 
519127 
519128 
519129 
519130 
519131 
519132 
519133 
519134 
519135 
519136 
256992 
519137 
519138 
256994 
519139 
256996 
519140 
519141 
519142 
519143 
519144 
519145 
519146 
519147 
519148 
519149 
519150 
519151 
519152 
519153 
519154 
519155 
519156 
519157 
519158 
519159 
519160 
257017 
519161 
519162 
519163 
519164 
519165 
519166 
519167 
519168 
519169 
519170 
519171 
519172 
519173 
519174 
519175 
519176 
519177 
257034 
519178 
519179 
257036 
519180 
519181 
257038 
519182 
519183 
519184 
519185 
519186 
519187 
519188 
519189 
519190 
519191 
519192 
519193 
519194 
257051 
519195 
519196 
519197 
519198 
519199 
519200 
519201 
519202 
519203 
519204 
257061 
519205 
519206 
257063 
519207 
519208 
257065 
519209 
519210 
519211 
519212 
519213 
519214 
257071 
519215 
519216 
257073 
519217 
257074 
519218 
519219 
257076 
519220 
519221 
519223 
519225 
519227 
257083 
257085 
519229 
519231 
257089 
519233 
519235 
257091 
519237 
519239 
519241 
519243 
257100 
519245 
257102 
519247 
519249 
257106 
519251 
257108 
519253 
519255 
519257 
519259 
257115 
257117 
257136 
257164 
257165 
257166 
257167 
257168 
257169 
257170 
257171 
257172 
257173 
257174 
257175 
257176 
257177 
257178 
257179 
257180 
257181 
257182 
257183 
257184 
257185 
257186 
257187 
257188 
257189 
257190 
257191 
257192 
257193 
257194 
257195 
257196 
257197 
257198 
257199 
257200 
257201 
257202 
257203 
257204 
257205 
257206 
257207 
257208 
257209 
257210 
257211 
257212 
257213 
257214 
257215 
257216 
257217 
257218 
257219 
257220 
257221 
257222 
257223 
257224 
257225 
257226 
257227 
257228 
257229 
257230 
257231 
257232 
257233 
257234 
257235 
257236 
257237 
257238 
257239 
257240 
257241 
257242 
257243 
257244 
257245 
257246 
257247 
257248 
257249 
257250 
257251 
257252 
257253 
257254 
257255 
257256 
257257 
257258 
257259 
257260 
257261 
257262 
257263 
257264 
257265 
257266 
257267 
257268 
257269 
257270 
257271 
257272 
257273 
257274 
257275 
257276 
257277 
257278 
257279 
257280 
257281 
257282 
257283 
257284 
257285 
257286 
257287 
257288 
257289 
257290 
257291 
257292 
257293 
257294 
257295 
257296 
257297 
257298 
257299 
257300 
257301 
257302 
257303 
257304 
257305 
257306 
257307 
257308 
257309 
257310 
257311 
257312 
257313 
257314 
257315 
257316 
257317 
257318 
257319 
257320 
257321 
257322 
257323 
257324 
257325 
257326 
257327 
257328 
257329 
257330 
257331 
257332 
257333 
257334 
257335 
257336 
257337 
257338 
257339 
257340 
257341 
257342 
257343 
257344 
257345 
257346 
257347 
257348 
257349 
257350 
257351 
257352 
257353 
257354 
257355 
257356 
257357 
257358 
257359 
257360 
257361 
257363 
257365 
257367 
257369 
257371 
257373 
257375 
257377 
257379 
257381 
257383 
257385 
257387 
257389 
257391 
257393 
257395 
257397 
257399 
519728 
519758 
519760 
388866 
388891 
388915 
388938 
388960 
388962 
388983 
389020 
389038 
389040 
389057 
389086 
389100 
389102 
389115 
520188 
389136 
520213 
389146 
389148 
389157 
520237 
389170 
389176 
389178 
389183 
127041 
389188 
520260 
127045 
520262 
389190 
389191 
520284 
389245 
520323 
520342 
520344 
520362 
389296 
520393 
520408 
520410 
389346 
389347 
389348 
389349 
389350 
389351 
389352 
520424 
389353 
389354 
389355 
389356 
389357 
389358 
389359 
389360 
389361 
389362 
389363 
389364 
389365 
389366 
258294 
389367 
389368 
389369 
389370 
389371 
389372 
389373 
389374 
389375 
520447 
389376 
389377 
389378 
389379 
389380 
389381 
389382 
389383 
389384 
389385 
389386 
520458 
389387 
389388 
520460 
389389 
389390 
389391 
389392 
389393 
389394 
389395 
389396 
389397 
520470 
389398 
389399 
389400 
389401 
389402 
389403 
389404 
389405 
389406 
389407 
389408 
389409 
389410 
389411 
389412 
520485 
389413 
389414 
258343 
389415 
389416 
258345 
389417 
389418 
258347 
389419 
520492 
389420 
258349 
389421 
520494 
389422 
258351 
389423 
389424 
389425 
258353 
389426 
389427 
258355 
389428 
520500 
389429 
258357 
389430 
389431 
258359 
389432 
389433 
258361 
389434 
389435 
520507 
258363 
389436 
389437 
258365 
389438 
520510 
389439 
258367 
389440 
520512 
389441 
258369 
520513 
389442 
389443 
520515 
258371 
389444 
389445 
258373 
389446 
389447 
258375 
389448 
389449 
258377 
389450 
389451 
258379 
389452 
389453 
258381 
389454 
389455 
258383 
389456 
389457 
258385 
389458 
389459 
258387 
389460 
389461 
258389 
389462 
389463 
258391 
389464 
389465 
258393 
389466 
389467 
389468 
389469 
389470 
389471 
389472 
389473 
389474 
389475 
389476 
389477 
389478 
389479 
389480 
389481 
389482 
389483 
389484 
389485 
389486 
389487 
389488 
389489 
389490 
389491 
389492 
389493 
389494 
389495 
389497 
389499 
389501 
389503 
389505 
389507 
389509 
389511 
389513 
389515 
389517 
389519 
389521 
389523 
389525 
389527 
389529 
389531 
389533 
520669 
520670 
520671 
520672 
520673 
520675 
520677 
520679 
520693 
520708 
520723 
520738 
258597 
258599 
258601 
258602 
520753 
520768 
520783 
520798 
520813 
520828 
258684 
258688 
258691 
258694 
520840 
258697 
258699 
258700 
258710 
520856 
520857 
258713 
520858 
520859 
258715 
258716 
520864 
520867 
520871 
520875 
520880 
520883 
520887 
520891 
258748 
258749 
258750 
520896 
520899 
520903 
520907 
520909 
520912 
520913 
520914 
258777 
258778 
258792 
258793 
258794 
258795 
258797 
258800 
258803 
258804 
258806 
258807 
258809 
258812 
258815 
258818 
258821 
258824 
258827 
258830 
258833 
258836 
258839 
258842 
258845 
258848 
258851 
258854 
258857 
258860 
258863 
258866 
258873 
258874 
258875 
258876 
258877 
258878 
258879 
258880 
258882 
258909 
258911 
258913 
258941 
258942 
258943 
258944 
258945 
258946 
258977 
259008 
259014 
259039 
259042 
259044 
259045 
259047 
259049 
259069 
259073 
259092 
259099 
259101 
259105 
259107 
128043 
259116 
259118 
259122 
259124 
259133 
259134 
259136 
259138 
259140 
128068 
259144 
259146 
259151 
521295 
521297 
259154 
259156 
521301 
521302 
128092 
259178 
259184 
128115 
128117 
521337 
259207 
521352 
259210 
521354 
521356 
259212 
521358 
521360 
521362 
521364 
521366 
521368 
521370 
521372 
259228 
521374 
128158 
259241 
259244 
259246 
521394 
128178 
521395 
521396 
128180 
521397 
521398 
259255 
259259 
259262 
259264 
259265 
128199 
521422 
521424 
521426 
521441 
521444 
521445 
521447 
128232 
521451 
521455 
521459 
521463 
128248 
521467 
521476 
259340 
259344 
390428 
521506 
521510 
521511 
521517 
128302 
521525 
521533 
521541 
521549 
521555 
521558 
128353 
128404 
390564 
128421 
390568 
128437 
128452 
128454 
128530 
128560 
128584 
128680 
128705 
128730 
128746 
128771 
521993 
521997 
521999 
522003 
522004 
128799 
128830 
522052 
522056 
522061 
128846 
128871 
522091 
522092 
522093 
522094 
522095 
522096 
522097 
522098 
522099 
522100 
522101 
522102 
522103 
522104 
522105 
522106 
522107 
522108 
522109 
522110 
522111 
522112 
522113 
522114 
128899 
522115 
522116 
522117 
522118 
522119 
522120 
522121 
522122 
522123 
522124 
522125 
522126 
522127 
522128 
522129 
522130 
522131 
522132 
522133 
522134 
522135 
522136 
522137 
522138 
522139 
522140 
522141 
522142 
522143 
522144 
522145 
128930 
522146 
522147 
522148 
522149 
522150 
522151 
522152 
522153 
522154 
522155 
522156 
522157 
522158 
522159 
522160 
522161 
128946 
522162 
522163 
522164 
522165 
522166 
522167 
522168 
522169 
522170 
522171 
522172 
522173 
522174 
522175 
522176 
522177 
522178 
522179 
522180 
522181 
522182 
522183 
522184 
522185 
522186 
128971 
522187 
522188 
522189 
522190 
522191 
522192 
522193 
522194 
522195 
522196 
522197 
522198 
522199 
522200 
522201 
522202 
522203 
522204 
522205 
522206 
522207 
522208 
522209 
522211 
522213 
128999 
522215 
522217 
522219 
522221 
522223 
522225 
522227 
522229 
522231 
522233 
522235 
522237 
522239 
522241 
522243 
522245 
129030 
522247 
129046 
129071 
129099 
129130 
129146 
129169 
129193 
129214 
129226 
129241 
129256 
129266 
260342 
129274 
129281 
129287 
129292 
260367 
129296 
129300 
129304 
260391 
260414 
260416 
260438 
129386 
129387 
129403 
260477 
129406 
129414 
129415 
129416 
129417 
129418 
391566 
260496 
129424 
260498 
129427 
129428 
129430 
129432 
129433 
129435 
129436 
260516 
391591 
391615 
522688 
260547 
260562 
260564 
391638 
522715 
522717 
260578 
391660 
260601 
391681 
391683 
260612 
260614 
260624 
129553 
129554 
129555 
129558 
391703 
129560 
129562 
260639 
260646 
260648 
260654 
260661 
260664 
260666 
391738 
260667 
391755 
391757 
391773 
260721 
129649 
129651 
129653 
129655 
391800 
129658 
129660 
129662 
129664 
129666 
391813 
129669 
129670 
391815 
129671 
129673 
129675 
129676 
129677 
129678 
129679 
129680 
129681 
129682 
129683 
391827 
129684 
129685 
129686 
129687 
129688 
129689 
129690 
129691 
129692 
129693 
129694 
129695 
129696 
129697 
129698 
129699 
260772 
129700 
129701 
391846 
129702 
129703 
129704 
129705 
129706 
129707 
129708 
129709 
129710 
129711 
391855 
129712 
129713 
391857 
129714 
129715 
129716 
129717 
129718 
129719 
129720 
129721 
391865 
129722 
129723 
129724 
129725 
129726 
129727 
129728 
129729 
129730 
129731 
129732 
391876 
129733 
129734 
129735 
129736 
129737 
391881 
129738 
129739 
391883 
129740 
129741 
129742 
129743 
391887 
129744 
129745 
129746 
391890 
129747 
391891 
129748 
129749 
129750 
129751 
260823 
129752 
129753 
260825 
129754 
129755 
260827 
129756 
129757 
260829 
129758 
129759 
260831 
129760 
129761 
260833 
129762 
129763 
260835 
129764 
129765 
260837 
129766 
129767 
260840 
129768 
129769 
260842 
129770 
129771 
260844 
129772 
129773 
260846 
129774 
129775 
260848 
129776 
129777 
260850 
129778 
129779 
260852 
129780 
129781 
260854 
129782 
129783 
260856 
129784 
129785 
260857 
260858 
129786 
129787 
260860 
129788 
129789 
260862 
129790 
129791 
260864 
129792 
129793 
260866 
129794 
129795 
260868 
129796 
129797 
260870 
129798 
129799 
129800 
129801 
391945 
129802 
129803 
129804 
129805 
129806 
129807 
129808 
129809 
129810 
129811 
129812 
129813 
129814 
129815 
129816 
129817 
129818 
129819 
129820 
129821 
260894 
129822 
129823 
129824 
129825 
129826 
129827 
129828 
129829 
129830 
129831 
129832 
129833 
129834 
129835 
129836 
260909 
129837 
129838 
129839 
129840 
129841 
129842 
129843 
129844 
129845 
129846 
129847 
129848 
129849 
129850 
129851 
391996 
129852 
129853 
129854 
129855 
129856 
129857 
260930 
129858 
129859 
129860 
129861 
129862 
129863 
129864 
129865 
129866 
129867 
129868 
129869 
129870 
129873 
129875 
129877 
260951 
129879 
129881 
129883 
129885 
523105 
260968 
392046 
392047 
392048 
392049 
392050 
392051 
260979 
392052 
392053 
392054 
392055 
392056 
392057 
392058 
523130 
392059 
392060 
392061 
392062 
392063 
260992 
392064 
392065 
392066 
392067 
392068 
392069 
392070 
392071 
392072 
392073 
392074 
392075 
261003 
392076 
392077 
392078 
392079 
392080 
392081 
392082 
523154 
392083 
261011 
392084 
392085 
392086 
392087 
392088 
392089 
261018 
392090 
392091 
392092 
392093 
392094 
392095 
261024 
392096 
392097 
392098 
392099 
392100 
261029 
392101 
392102 
392103 
392104 
261033 
523177 
392105 
392106 
392107 
261036 
392108 
392109 
261038 
392110 
261039 
392111 
392112 
392113 
392114 
392115 
392116 
392117 
392118 
392119 
392120 
392121 
392122 
392123 
392124 
392125 
392126 
392127 
523199 
392128 
392129 
523201 
392130 
392131 
392132 
392133 
392134 
392135 
392136 
392137 
392138 
392139 
392140 
261068 
392141 
392142 
392143 
392144 
392145 
261074 
392146 
392147 
392148 
392149 
261077 
392150 
523222 
392151 
392152 
261080 
392153 
392154 
392155 
392156 
392157 
392158 
392159 
392160 
392161 
392162 
392163 
392164 
392165 
392166 
392167 
392168 
392169 
392170 
392171 
392172 
392173 
261101 
392174 
392175 
261104 
392176 
392177 
261106 
392178 
261107 
392179 
392180 
261109 
392181 
261110 
392182 
392183 
392184 
261112 
261113 
392185 
392186 
523259 
392187 
392188 
392189 
392190 
392191 
392192 
392193 
392194 
392195 
392197 
392199 
392201 
392203 
392205 
261133 
523277 
523279 
392207 
261137 
392209 
261138 
261139 
392211 
261140 
261141 
392213 
392215 
392217 
392219 
392221 
392223 
523296 
392225 
392227 
392229 
392231 
261160 
392233 
261163 
523325 
261182 
523339 
523341 
261200 
261201 
261202 
261208 
523354 
261213 
261219 
261222 
261225 
261228 
261230 
261231 
523375 
261233 
261234 
261236 
261237 
261241 
523385 
261242 
261243 
523387 
261244 
261245 
261248 
523396 
261260 
261263 
523409 
261271 
523415 
261272 
261273 
523417 
261274 
261275 
261277 
523422 
261279 
261280 
261282 
523427 
261283 
523429 
523430 
523432 
261291 
261293 
261294 
261295 
261296 
261304 
261313 
261322 
261331 
261340 
261349 
261358 
261367 
261376 
261385 
261394 
261403 
261412 
261421 
261430 
261436 
261439 
523585 
523586 
523587 
523588 
261444 
523589 
523591 
261447 
523593 
523595 
261451 
261454 
261457 
523609 
261466 
261473 
261478 
261479 
261480 
523624 
261481 
261484 
261485 
261486 
261487 
261490 
261493 
261494 
523639 
261495 
261497 
261498 
261500 
261501 
261502 
261503 
261504 
261505 
261509 
523654 
523669 
261526 
261528 
261531 
261533 
261534 
523684 
261542 
261545 
261547 
261548 
523699 
261560 
261563 
261565 
261567 
261569 
523714 
261571 
261572 
261573 
261576 
523729 
261588 
261593 
523744 
523756 
261614 
523759 
261616 
261618 
523770 
261637 
523786 
523787 
523788 
523789 
523793 
261650 
261652 
523797 
261654 
523802 
523805 
523809 
261665 
523813 
261671 
261673 
523818 
261675 
523821 
261678 
261679 
523825 
261681 
523829 
261686 
261688 
523834 
261692 
523837 
261694 
523841 
523844 
523845 
261702 
523847 
261704 
261708 
261710 
261717 
261719 
261737 
261756 
261757 
261758 
261759 
261760 
261761 
261762 
261763 
261764 
261765 
261766 
261767 
261768 
261769 
261770 
261771 
261772 
261773 
261774 
261775 
261776 
261777 
261778 
261779 
261780 
261781 
261782 
261783 
261784 
261785 
261786 
261787 
261788 
261789 
261790 
261791 
261792 
261793 
261794 
261795 
261796 
261797 
130725 
261798 
261799 
261800 
261801 
261802 
261803 
261804 
261805 
261806 
261807 
261808 
261809 
261810 
261811 
261812 
261813 
261814 
261815 
261816 
261817 
261818 
261819 
261820 
261821 
261822 
261823 
261824 
261825 
261826 
261827 
261828 
261829 
261830 
261831 
261832 
261833 
261834 
261835 
261836 
261837 
261838 
261839 
261840 
261841 
261842 
261843 
261844 
261845 
261846 
130774 
261847 
261848 
261849 
261850 
261851 
261852 
261853 
261854 
261855 
261856 
261857 
261858 
261859 
130787 
261860 
261861 
261862 
130790 
261863 
261864 
130792 
130793 
261865 
261866 
261867 
130795 
261868 
261869 
130797 
261870 
261871 
130799 
261872 
261873 
130801 
261874 
261875 
261876 
261877 
261878 
261879 
261880 
130809 
261881 
261882 
261883 
261884 
261885 
261886 
261887 
261888 
261889 
261890 
261891 
261892 
261893 
261894 
261895 
130824 
261896 
261897 
261898 
261899 
261900 
261901 
261902 
261903 
261904 
261905 
261906 
261907 
261908 
261909 
261910 
261911 
130840 
261912 
261913 
261914 
261915 
261916 
261917 
261918 
261919 
261920 
261921 
261922 
261923 
261924 
261925 
261926 
261927 
130856 
261928 
261929 
261930 
261931 
261932 
261933 
261934 
261935 
261936 
261937 
261938 
261939 
261940 
261941 
261942 
261943 
261944 
261945 
261946 
130875 
261948 
261950 
261952 
261954 
261956 
261958 
261960 
261962 
261964 
261966 
130896 
261968 
261970 
261972 
261974 
261976 
261978 
261980 
261982 
261984 
130919 
130944 
130971 
393128 
131000 
524217 
524222 
524223 
524224 
524245 
524250 
524285 
)

// ************************************************************************* //
